week,open,high,low,close,source_rows,bad,first_date,last_date,valid_hlc,valid_ohlc,segment
2010-06-11,1831.75,1845.5,1770,1820.75,1723,0,2010-06-06T22:00:00Z,2010-06-11T00:29:00Z,False,False,fixed
2010-06-18,1848,1918.25,1844,1907.5,1212,0,2010-06-13T22:00:00Z,2010-06-18T00:31:00Z,False,False,fixed
2010-06-25,1923,1941,1837.25,1848,1665,0,2010-06-20T22:00:00Z,2010-06-25T00:34:00Z,False,False,fixed
2010-07-02,1839,1851.5,1698,1735.25,1638,0,2010-06-27T22:00:00Z,2010-07-02T00:34:00Z,False,False,fixed
2010-07-09,1722,1803.25,1705.75,1792.5,2408,0,2010-07-04T22:00:00Z,2010-07-09T00:34:00Z,False,False,fixed
2010-07-16,1810,1866.25,1801.25,1855,1569,0,2010-07-11T22:00:00Z,2010-07-16T00:34:00Z,False,False,fixed
2010-07-23,1800.5,1869.25,1781.75,1855,1659,0,2010-07-18T22:00:00Z,2010-07-23T00:33:00Z,False,False,fixed
2010-07-30,1874.25,1900.75,1838.5,1852.75,1442,0,2010-07-25T22:00:00Z,2010-07-30T00:34:00Z,False,False,fixed
2010-08-06,1868.75,1912.75,1864.5,1902.25,1479,0,2010-08-01T22:00:00Z,2010-08-06T00:29:00Z,False,False,fixed
2010-08-13,1903,1918,1806.25,1834,1534,0,2010-08-08T22:00:00Z,2010-08-13T00:34:00Z,False,False,fixed
2010-08-20,1817.75,1862.25,1800,1822.5,1623,0,2010-08-15T22:00:00Z,2010-08-20T00:33:00Z,False,False,fixed
2010-08-27,1824.75,1842.75,1756.75,1766,1632,0,2010-08-22T22:00:00Z,2010-08-27T00:34:00Z,False,False,fixed
2010-09-03,1790.75,1841.25,1754.5,1838,1630,0,2010-08-29T22:00:00Z,2010-09-03T00:34:00Z,False,False,fixed
2010-09-10,1867.5,1897.75,1852.25,1889.25,2086,0,2010-09-05T22:00:00Z,2010-09-10T00:33:00Z,False,False,fixed
2010-09-17,1896.5,1957,1896.5,1956,1314,0,2010-09-12T22:00:00Z,2010-09-17T01:02:00Z,False,False,fixed
2010-09-24,1950.5,2000.25,1947.25,1984.5,1666,0,2010-09-19T22:00:00Z,2010-09-24T00:35:00Z,False,False,fixed
2010-10-01,2018.75,2032,1977.25,2001.75,1529,0,2010-09-26T22:00:00Z,2010-10-01T00:35:00Z,False,False,fixed
2010-10-08,1997.75,2025,1961,2015.25,1567,0,2010-10-03T22:00:00Z,2010-10-08T00:32:00Z,False,False,fixed
2010-10-15,2023,2071.5,2004.25,2064.75,1520,0,2010-10-10T22:00:00Z,2010-10-15T00:33:00Z,False,False,fixed
2010-10-22,2095,2104.75,2051.5,2082.25,1673,0,2010-10-17T22:00:00Z,2010-10-22T00:33:00Z,False,False,fixed
2010-10-29,2104,2136.75,2092.5,2124,1682,0,2010-10-24T22:00:00Z,2010-10-29T00:32:00Z,False,False,fixed
2010-11-05,2125,2191,2115,2181.75,1587,0,2010-10-31T22:00:00Z,2010-11-05T00:34:00Z,False,False,fixed
2010-11-12,2180.5,2198,2142.25,2167.25,1652,0,2010-11-07T23:00:00Z,2010-11-12T01:34:00Z,False,False,fixed
2010-11-19,2134,2151,2083.5,2134.5,1755,0,2010-11-14T23:00:00Z,2010-11-19T01:34:00Z,False,False,fixed
2010-11-26,2139,2165.5,2104.75,2145.25,2510,0,2010-11-21T23:00:00Z,2010-11-26T18:14:00Z,False,False,fixed
2010-12-03,2150,2189.5,2109.25,2186.5,1734,0,2010-11-28T23:00:00Z,2010-12-03T01:33:00Z,False,False,fixed
2010-12-10,2188,2217,2177,2202.25,1636,0,2010-12-05T23:00:00Z,2010-12-10T01:31:00Z,False,False,fixed
2010-12-17,2217.75,2234,2196,2221.25,1272,0,2010-12-12T23:00:00Z,2010-12-17T01:31:00Z,False,False,fixed
2010-12-24,2216,2239,2205.5,2231.25,1391,0,2010-12-19T23:00:00Z,2010-12-23T23:02:00Z,False,False,fixed
2010-12-31,2227.25,2237,2207.25,2226.5,1345,0,2010-12-26T23:00:00Z,2010-12-31T01:33:00Z,False,False,fixed
2011-01-07,2220,2279.25,2219.25,2275,1505,0,2011-01-02T23:00:00Z,2011-01-07T01:32:00Z,False,False,fixed
2011-01-14,2272.25,2310.75,2260.75,2308,1631,0,2011-01-09T23:00:00Z,2011-01-14T03:07:00Z,False,False,fixed
2011-01-21,2321.25,2346.5,2267,2281.5,2662,0,2011-01-16T23:00:00Z,2011-01-21T02:57:00Z,False,False,fixed
2011-01-28,2268.75,2334.5,2264.5,2320.25,1741,0,2011-01-23T23:00:00Z,2011-01-28T02:05:00Z,False,False,fixed
2011-02-04,2265.5,2328.25,2248.5,2321.25,1860,0,2011-01-30T23:00:00Z,2011-02-04T02:30:00Z,False,False,fixed
2011-02-11,2337.75,2365.5,2334.5,2358.25,1778,0,2011-02-06T23:00:00Z,2011-02-11T02:44:00Z,False,False,fixed
2011-02-18,2376.25,2403,2370.75,2394.5,1692,0,2011-02-13T23:00:00Z,2011-02-18T02:48:00Z,False,False,fixed
2011-02-25,2393.5,2394,2280.25,2315.75,2555,0,2011-02-20T23:00:00Z,2011-02-25T02:11:00Z,False,False,fixed
2011-03-04,2345.25,2378.75,2301.75,2374.75,1933,0,2011-02-27T23:00:00Z,2011-03-04T02:39:00Z,False,False,fixed
2011-03-11,2360.25,2374.25,2275.25,2288,1596,0,2011-03-06T23:00:00Z,2011-03-11T01:12:00Z,False,False,fixed
2011-03-18,2296.5,2304.75,2185.75,2239.75,2824,0,2011-03-13T22:00:00Z,2011-03-18T00:26:00Z,False,False,fixed
2011-03-25,2223,2335,2219,2317,3835,0,2011-03-20T22:00:00Z,2011-03-25T20:14:00Z,False,False,fixed
2011-04-01,2316.25,2347.75,2289.5,2341.5,2742,0,2011-03-27T22:00:00Z,2011-04-01T01:41:00Z,False,False,fixed
2011-04-08,2337.25,2350,2311.75,2330.75,1532,0,2011-04-03T22:00:00Z,2011-04-08T00:08:00Z,False,False,fixed
2011-04-15,2322.75,2334,2285,2310,3682,0,2011-04-10T22:00:00Z,2011-04-15T20:14:00Z,False,False,fixed
2011-04-22,2308,2382.75,2250.25,2373.5,3699,0,2011-04-17T22:00:00Z,2011-04-21T23:11:00Z,False,False,fixed
2011-04-29,2373,2415.75,2371.75,2401.75,1312,0,2011-04-24T22:00:00Z,2011-04-29T00:01:00Z,False,False,fixed
2011-05-06,2408,2428,2363.5,2373.25,3718,0,2011-05-01T22:00:00Z,2011-05-06T20:14:00Z,False,False,fixed
2011-05-13,2378,2415.25,2369,2404.75,1575,0,2011-05-08T22:00:00Z,2011-05-13T00:08:00Z,False,False,fixed
2011-05-20,2366,2373.25,2318.25,2367.75,1643,0,2011-05-15T22:00:00Z,2011-05-20T00:10:00Z,False,False,fixed
2011-05-27,2341.5,2342.75,2281,2326.5,2848,0,2011-05-22T22:00:00Z,2011-05-27T00:45:00Z,False,False,fixed
2011-06-03,2331.25,2380.75,2313.75,2326.5,3315,0,2011-05-29T22:00:00Z,2011-06-03T00:21:00Z,False,False,fixed
2011-06-10,2288.5,2299.25,2218.5,2222.5,4750,0,2011-06-05T22:00:00Z,2011-06-10T20:14:00Z,False,False,fixed
2011-06-17,2217,2252.75,2176.5,2202.5,1142,0,2011-06-12T22:00:00Z,2011-06-17T00:03:00Z,False,False,fixed
2011-06-24,2189.5,2253.5,2174,2246.25,1630,0,2011-06-19T22:00:00Z,2011-06-24T00:04:00Z,False,False,fixed
2011-07-01,2208.75,2323.5,2191.5,2320.5,1626,0,2011-06-26T22:00:00Z,2011-07-01T00:04:00Z,False,False,fixed
2011-07-08,2355,2417,2351.5,2415,2259,0,2011-07-03T22:00:00Z,2011-07-08T00:05:00Z,False,False,fixed
2011-07-15,2404.25,2404.25,2314.5,2341.5,1578,0,2011-07-10T22:00:00Z,2011-07-15T00:03:00Z,False,False,fixed
2011-07-22,2354.5,2414.5,2318.75,2410,1570,0,2011-07-17T22:00:00Z,2011-07-22T00:00:00Z,False,False,fixed
2011-07-29,2417.75,2435.5,2355.75,2371.5,1689,0,2011-07-24T22:00:00Z,2011-07-29T00:05:00Z,False,False,fixed
2011-08-05,2386,2395,2195,2204,1650,0,2011-07-31T22:00:00Z,2011-08-05T00:05:00Z,False,False,fixed
2011-08-12,2145,2184.5,1972.25,2153.25,1792,0,2011-08-07T22:00:00Z,2011-08-12T00:07:00Z,False,False,fixed
2011-08-19,2183.75,2214,2053,2075,1644,0,2011-08-14T22:00:00Z,2011-08-19T00:03:00Z,False,False,fixed
2011-08-26,2041,2152,2022.25,2119.75,1730,0,2011-08-21T22:00:00Z,2011-08-26T00:03:00Z,False,False,fixed
2011-09-02,2164,2268.5,2158,2215.75,1579,0,2011-08-28T22:00:00Z,2011-09-02T00:04:00Z,False,False,fixed
2011-09-09,2159.5,2244,2108.25,2214.5,2452,0,2011-09-04T22:00:00Z,2011-09-09T00:05:00Z,False,False,fixed
2011-09-16,2159.75,2290,2122,2282,1567,0,2011-09-11T22:00:00Z,2011-09-16T00:05:00Z,False,False,fixed
2011-09-23,2288,2332.5,2144.5,2190,1724,0,2011-09-18T22:00:00Z,2011-09-23T00:03:00Z,False,False,fixed
2011-09-30,2190.5,2285.25,2152.5,2193.25,1714,0,2011-09-25T22:00:00Z,2011-09-30T00:03:00Z,False,False,fixed
2011-10-07,2126.5,2213.75,2035.75,2206.75,1799,0,2011-10-02T22:00:00Z,2011-10-07T00:04:00Z,False,False,fixed
2011-10-14,2206,2336.25,2203,2327.5,1714,0,2011-10-09T22:00:00Z,2011-10-14T00:05:00Z,False,False,fixed
2011-10-21,2367.25,2388.5,2268.5,2302.25,1685,0,2011-10-16T22:00:00Z,2011-10-21T00:03:00Z,False,False,fixed
2011-10-28,2326.75,2408.75,2286.75,2399,1678,0,2011-10-23T22:00:00Z,2011-10-28T00:03:00Z,False,False,fixed
2011-11-04,2397.75,2398,2279,2362.25,1712,0,2011-10-30T22:00:00Z,2011-11-04T00:03:00Z,False,False,fixed
2011-11-11,2356.5,2399.5,2286.5,2303.75,1685,0,2011-11-06T23:00:00Z,2011-11-11T01:04:00Z,False,False,fixed
2011-11-18,2355,2374.25,2256,2267.5,1718,0,2011-11-13T23:00:00Z,2011-11-18T01:05:00Z,False,False,fixed
2011-11-25,2244,2244,2135.75,2149.5,2703,0,2011-11-20T23:00:00Z,2011-11-25T18:14:00Z,False,False,fixed
2011-12-02,2183,2315.5,2178.25,2313.5,1758,0,2011-11-27T23:00:00Z,2011-12-02T01:04:00Z,False,False,fixed
2011-12-09,2309,2343.75,2274.5,2281.75,1650,0,2011-12-04T23:00:00Z,2011-12-09T01:05:00Z,False,False,fixed
2011-12-16,2321.5,2325.5,2215,2227.75,1323,0,2011-12-11T23:00:00Z,2011-12-16T01:04:00Z,False,False,fixed
2011-12-23,2235,2291.25,2204.25,2268,1722,0,2011-12-18T23:00:00Z,2011-12-23T01:04:00Z,False,False,fixed
2011-12-30,2280,2296.5,2253.75,2279.5,863,0,2011-12-27T11:00:00Z,2011-12-30T01:03:00Z,False,False,fixed
2012-01-06,2312.5,2347.5,2302.5,2340,884,0,2012-01-03T11:00:00Z,2012-01-06T01:04:00Z,False,False,fixed
2012-01-13,2353.25,2384,2338.5,2382.5,1576,0,2012-01-08T23:00:00Z,2012-01-13T01:06:00Z,False,False,fixed
2012-01-20,2367.25,2442.5,2361.5,2427.25,2418,0,2012-01-15T23:00:00Z,2012-01-20T01:06:00Z,False,False,fixed
2012-01-27,2430,2476,2419.5,2450.25,1522,0,2012-01-22T23:00:00Z,2012-01-27T01:06:00Z,False,False,fixed
2012-02-03,2460,2500.75,2429.25,2491.75,1637,0,2012-01-29T23:00:00Z,2012-02-03T01:03:00Z,False,False,fixed
2012-02-10,2519.75,2565,2510.5,2559,1579,0,2012-02-05T23:00:00Z,2012-02-10T01:04:00Z,False,False,fixed
2012-02-17,2556.75,2600.5,2542.75,2595.5,1659,0,2012-02-12T23:00:00Z,2012-02-17T01:04:00Z,False,False,fixed
2012-02-24,2593.75,2605.25,2569.25,2605,2461,0,2012-02-19T23:00:00Z,2012-02-24T01:03:00Z,False,False,fixed
2012-03-02,2602.5,2649.25,2578.75,2647,1542,0,2012-02-26T23:00:00Z,2012-03-02T01:03:00Z,False,False,fixed
2012-03-09,2639.75,2645,2575,2631.75,1641,0,2012-03-04T23:00:00Z,2012-03-09T01:03:00Z,False,False,fixed
2012-03-16,2649.25,2717.25,2635.25,2709.5,1251,0,2012-03-11T22:00:00Z,2012-03-16T00:03:00Z,False,False,fixed
2012-03-23,2708.5,2748.5,2700.25,2734,1571,0,2012-03-18T22:00:00Z,2012-03-23T00:04:00Z,False,False,fixed
2012-03-30,2729.75,2790.25,2729,2755.75,1616,0,2012-03-25T22:00:00Z,2012-03-30T00:03:00Z,False,False,fixed
2012-04-06,2758,2791.5,2722.5,2755.75,1559,0,2012-04-01T22:00:00Z,2012-04-06T00:04:00Z,False,False,fixed
2012-04-13,2725.75,2748,2684.25,2737,1522,0,2012-04-08T22:00:00Z,2012-04-13T00:04:00Z,False,False,fixed
2012-04-20,2694.75,2735,2654.25,2689,1638,0,2012-04-15T22:00:00Z,2012-04-20T00:03:00Z,False,False,fixed
2012-04-27,2671,2729.75,2624.75,2716,1629,0,2012-04-22T22:00:00Z,2012-04-27T00:03:00Z,False,False,fixed
2012-05-04,2741,2753,2692.75,2695,1514,0,2012-04-29T22:00:00Z,2012-05-04T00:02:00Z,False,False,fixed
2012-05-11,2610.25,2648.25,2583.25,2603.5,1715,0,2012-05-06T22:00:00Z,2012-05-11T00:04:00Z,False,False,fixed
2012-05-18,2602,2616.25,2505,2512,1678,0,2012-05-13T22:00:00Z,2012-05-18T00:04:00Z,False,False,fixed
2012-05-25,2472.5,2561.5,2465,2537.5,1706,0,2012-05-20T22:00:00Z,2012-05-25T00:03:00Z,False,False,fixed
2012-06-01,2533.25,2570,2506,2520.5,2489,0,2012-05-27T22:00:00Z,2012-06-01T00:02:00Z,False,False,fixed
2012-06-08,2460,2570.5,2433.75,2538,1689,0,2012-06-03T22:00:00Z,2012-06-08T00:04:00Z,False,False,fixed
2012-06-15,2587,2604,2505,2536.25,1337,0,2012-06-10T22:00:00Z,2012-06-15T00:00:00Z,False,False,fixed
2012-06-22,2580.25,2628.25,2548.5,2555.25,1660,0,2012-06-17T22:00:00Z,2012-06-22T00:04:00Z,False,False,fixed
2012-06-29,2573.75,2577.25,2503.5,2520,1621,0,2012-06-24T22:00:00Z,2012-06-29T00:04:00Z,False,False,fixed
2012-07-06,2612,2655.75,2599.5,2643.75,2685,0,2012-07-01T22:00:00Z,2012-07-06T00:04:00Z,False,False,fixed
2012-07-13,2602.5,2625.5,2516.5,2541.5,1528,0,2012-07-08T22:00:00Z,2012-07-13T00:05:00Z,False,False,fixed
2012-07-20,2577.25,2658,2548,2651.5,1481,0,2012-07-15T22:00:00Z,2012-07-20T00:05:00Z,False,False,fixed
2012-07-27,2609,2613,2516.75,2575.5,1674,0,2012-07-22T22:00:00Z,2012-07-27T00:05:00Z,False,False,fixed
2012-08-03,2640,2657.75,2600,2617.25,1575,0,2012-07-29T22:00:00Z,2012-08-03T00:05:00Z,False,False,fixed
2012-08-10,2675,2723.25,2671.75,2714.25,1528,0,2012-08-05T22:00:00Z,2012-08-10T00:04:00Z,False,False,fixed
2012-08-17,2720,2774,2705.75,2765.75,1475,0,2012-08-12T22:00:00Z,2012-08-17T00:04:00Z,False,False,fixed
2012-08-24,2774.75,2802.5,2750.5,2777.75,5718,0,2012-08-19T22:00:00Z,2012-08-24T20:14:00Z,False,False,fixed
2012-08-31,2784,2795.75,2745.25,2770.5,4630,0,2012-08-26T22:00:00Z,2012-08-31T20:14:00Z,False,False,fixed
2012-09-07,2773,2836.25,2742.75,2823.75,5602,0,2012-09-02T22:00:00Z,2012-09-07T20:14:00Z,False,False,fixed
2012-09-14,2822.25,2865.25,2775.25,2858.25,5758,0,2012-09-09T22:00:00Z,2012-09-14T20:14:00Z,False,False,fixed
2012-09-21,2858,2871.75,2837.25,2853.5,5517,0,2012-09-16T22:00:00Z,2012-09-21T20:14:00Z,False,False,fixed
2012-09-28,2852,2857.25,2762.25,2791.25,5974,0,2012-09-23T22:00:00Z,2012-09-28T20:14:00Z,False,False,fixed
2012-10-05,2789,2830,2772.5,2824.5,4858,0,2012-09-30T22:00:00Z,2012-10-05T00:02:00Z,False,False,fixed
2012-10-12,2806.25,2808,2712,2717.75,2732,0,2012-10-07T22:00:00Z,2012-10-12T00:06:00Z,False,False,fixed
2012-10-19,2713,2778.75,2664,2666.25,6094,0,2012-10-14T22:00:00Z,2012-10-19T20:14:00Z,True,True,fixed
2012-10-26,2664.5,2695.25,2604.5,2659.75,6129,0,2012-10-21T22:00:00Z,2012-10-26T20:14:00Z,True,True,fixed
2012-11-02,2654.5,2694,2626,2642.5,5250,0,2012-10-28T22:00:00Z,2012-11-02T20:14:00Z,False,False,fixed
2012-11-09,2640.5,2691.75,2556.25,2582.75,3917,0,2012-11-04T23:00:00Z,2012-11-09T21:14:00Z,False,False,fixed
2012-11-16,2581.5,2597.25,2512.75,2520.75,1587,0,2012-11-11T23:00:00Z,2012-11-16T01:38:00Z,False,False,fixed
2012-11-23,2535,2638.75,2534.5,2637.25,3390,0,2012-11-18T23:00:00Z,2012-11-23T18:00:00Z,False,False,fixed
2012-11-30,2633,2688.5,2611.5,2674.25,3821,0,2012-11-25T23:00:00Z,2012-11-30T00:41:00Z,False,False,fixed
2012-12-07,2676,2698.5,2622.5,2639.5,4954,0,2012-12-02T23:00:00Z,2012-12-07T21:02:00Z,False,False,fixed
2012-12-14,2637,2696.5,2620,2630.5,3558,0,2012-12-09T23:00:00Z,2012-12-14T21:01:00Z,False,False,fixed
2012-12-21,2635.25,2713.75,2614,2659.75,5500,0,2012-12-16T23:00:00Z,2012-12-21T21:00:00Z,False,False,fixed
2012-12-28,2660,2662.75,2593.5,2598.75,2799,0,2012-12-23T23:00:00Z,2012-12-28T21:00:00Z,False,False,fixed
2013-01-04,2590.25,2747,2580,2725.25,1970,0,2012-12-30T23:00:00Z,2013-01-04T00:32:00Z,False,False,fixed
2013-01-11,2716.25,2744.5,2698.5,2742,4798,0,2013-01-06T23:00:00Z,2013-01-11T21:00:00Z,False,False,fixed
2013-01-18,2744,2752,2705.25,2736,4896,0,2013-01-13T23:00:00Z,2013-01-18T21:00:00Z,False,False,fixed
2013-01-25,2741.25,2768.75,2707.75,2715,2607,0,2013-01-21T23:00:00Z,2013-01-25T00:00:00Z,False,False,fixed
2013-02-01,2729.5,2764,2716.25,2757.25,3650,0,2013-01-27T23:00:00Z,2013-02-01T21:00:00Z,False,False,fixed
2013-02-08,2759.25,2759.25,2709,2742.25,3622,0,2013-02-03T23:00:00Z,2013-02-08T00:25:00Z,False,False,fixed
2013-02-15,2771.25,2781.75,2756,2769.5,3458,0,2013-02-10T23:00:00Z,2013-02-15T00:55:00Z,False,False,fixed
2013-02-22,2763.75,2786.5,2699.5,2719.25,2397,0,2013-02-18T23:00:00Z,2013-02-22T00:11:00Z,False,False,fixed
2013-03-01,2736.75,2764.5,2689,2746.5,2591,0,2013-02-24T23:00:00Z,2013-03-01T21:00:00Z,False,False,fixed
2013-03-08,2745.5,2809.25,2732.75,2797,1463,0,2013-03-03T23:00:00Z,2013-03-08T00:02:00Z,False,False,fixed
2013-03-15,2801.5,2812.25,2782.5,2792,4758,0,2013-03-10T22:00:00Z,2013-03-15T20:00:00Z,False,False,fixed
2013-03-22,2774,2806.5,2748.25,2793.75,5707,0,2013-03-17T22:00:00Z,2013-03-22T20:00:00Z,False,False,fixed
2013-03-29,2793.5,2814.75,2771,2813,4473,0,2013-03-24T22:00:00Z,2013-03-28T20:00:00Z,False,False,fixed
2013-04-05,2811,2823,2737.5,2764.75,5618,0,2013-03-31T22:00:00Z,2013-04-05T20:00:00Z,False,False,fixed
2013-04-12,2763.25,2858.5,2757,2848,4694,0,2013-04-07T22:00:00Z,2013-04-12T20:00:00Z,False,False,fixed
2013-04-19,2846.5,2851,2724,2773.25,6105,0,2013-04-14T22:00:00Z,2013-04-19T20:00:00Z,True,True,fixed
2013-04-26,2772.5,2854.5,2770.75,2834.75,5989,0,2013-04-21T22:00:00Z,2013-04-26T20:00:00Z,False,False,fixed
2013-05-03,2833.75,2947.75,2827.5,2938,5384,0,2013-04-28T22:00:00Z,2013-05-03T20:00:00Z,False,False,fixed
2013-05-10,2936.75,2978.25,2936.5,2977,5637,0,2013-05-05T22:00:00Z,2013-05-10T20:00:00Z,False,False,fixed
2013-05-17,2972.25,3028.25,2960.5,3026.75,5742,0,2013-05-12T22:00:00Z,2013-05-17T20:00:00Z,False,False,fixed
2013-05-24,3021.25,3053.5,2961.25,2991.5,5841,0,2013-05-19T22:00:00Z,2013-05-24T20:00:00Z,False,False,fixed
2013-05-31,3000.25,3036.75,2978.25,2982.75,4823,0,2013-05-27T22:00:00Z,2013-05-31T20:00:00Z,False,False,fixed
2013-06-07,2981,3007,2910.5,2984.75,6144,0,2013-06-02T22:00:00Z,2013-06-07T20:05:00Z,True,True,fixed
2013-06-14,2981,3004,2897.75,2943.25,5874,0,2013-06-09T22:00:00Z,2013-06-14T20:04:00Z,False,False,fixed
2013-06-21,2936.5,2999,2846,2870.5,5563,0,2013-06-16T22:00:00Z,2013-06-21T20:00:00Z,False,False,fixed
2013-06-28,2866.5,2922,2817.75,2903.25,6013,0,2013-06-23T22:00:00Z,2013-06-28T20:00:00Z,True,True,fixed
2013-07-05,2902.75,2971.25,2894.25,2955.75,4553,0,2013-06-30T22:00:00Z,2013-07-05T20:00:00Z,False,False,fixed
2013-07-12,2961.5,3070.5,2948.75,3067.5,5951,0,2013-07-07T22:00:00Z,2013-07-12T20:00:00Z,False,False,fixed
2013-07-19,3062.75,3087,3030.5,3041.5,4607,0,2013-07-14T22:00:00Z,2013-07-19T20:00:00Z,False,False,fixed
2013-07-26,3043.75,3071.25,3023.5,3070.25,5836,0,2013-07-21T22:00:00Z,2013-07-26T20:00:00Z,False,False,fixed
2013-08-02,3070,3136.75,3056.75,3136.25,5760,0,2013-07-28T22:00:00Z,2013-08-02T20:00:00Z,False,False,fixed
2013-08-09,3136.25,3140.25,3090.75,3116.75,5771,0,2013-08-04T22:00:00Z,2013-08-09T20:00:00Z,False,False,fixed
2013-08-16,3113.5,3148,3066.5,3073.75,5865,0,2013-08-11T22:00:00Z,2013-08-16T20:00:00Z,False,False,fixed
2013-08-23,3068.5,3127,3055.5,3124,5776,0,2013-08-18T22:00:00Z,2013-08-23T20:00:00Z,False,False,fixed
2013-08-30,3120.25,3147.25,3052.5,3076.75,5846,0,2013-08-25T22:00:00Z,2013-08-30T20:00:00Z,False,False,fixed
2013-09-06,3108.25,3150.25,3076,3132.5,4524,0,2013-09-02T22:00:00Z,2013-09-06T20:00:00Z,False,False,fixed
2013-09-13,3132.75,3189.25,3130.5,3177.75,5523,0,2013-09-08T22:00:00Z,2013-09-13T20:00:00Z,False,False,fixed
2013-09-20,3196.25,3240.25,3156.25,3236.5,4966,0,2013-09-15T22:00:00Z,2013-09-20T13:37:00Z,False,False,fixed
2013-09-27,3222.75,3237,3195.75,3223.75,5607,0,2013-09-22T22:00:00Z,2013-09-27T20:00:00Z,False,False,fixed
2013-10-04,3211.5,3251.25,3178.25,3231,5943,0,2013-09-29T22:00:00Z,2013-10-04T20:00:00Z,False,False,fixed
2013-10-11,3224,3232.75,3110.75,3227.25,5999,0,2013-10-06T22:00:00Z,2013-10-11T20:00:00Z,False,False,fixed
2013-10-18,3205,3348,3195,3344.5,5969,0,2013-10-13T22:00:00Z,2013-10-18T20:00:00Z,False,False,fixed
2013-10-25,3344.75,3392.75,3322.25,3375.25,5847,0,2013-10-20T22:00:00Z,2013-10-25T20:00:00Z,False,False,fixed
2013-11-01,3374.25,3401.75,3357.5,3370.75,5858,0,2013-10-27T22:00:00Z,2013-11-01T20:00:00Z,False,False,fixed
2013-11-08,3368,3398,3310,3361.25,2607,0,2013-11-03T23:00:00Z,2013-11-08T21:00:00Z,False,False,fixed
2013-11-15,3361.5,3421.25,3338.25,3420,3830,0,2013-11-10T23:00:00Z,2013-11-15T21:00:00Z,False,False,fixed
2013-11-22,3416.5,3425.75,3358.5,3421.75,3640,0,2013-11-17T23:00:00Z,2013-11-22T21:00:00Z,False,False,fixed
2013-11-29,3422.5,3496.5,3420.25,3491,3308,0,2013-11-24T23:00:00Z,2013-11-29T18:00:00Z,False,False,fixed
2013-12-06,3493,3501.25,3453.25,3479,2542,0,2013-12-01T23:00:00Z,2013-12-06T00:10:00Z,False,False,fixed
2013-12-13,3505,3524.75,3449.75,3457.25,4732,0,2013-12-08T23:00:00Z,2013-12-13T21:01:00Z,False,False,fixed
2013-12-20,3457,3512.75,3415.25,3494.25,1236,0,2013-12-15T23:00:00Z,2013-12-20T00:19:00Z,False,False,fixed
2013-12-27,3541,3587.5,3541,3572.25,2904,0,2013-12-22T23:00:00Z,2013-12-27T21:00:00Z,False,False,fixed
2014-01-03,3569.75,3591.25,3549,3559.75,2466,0,2013-12-29T23:00:00Z,2014-01-03T00:19:00Z,False,False,fixed
2014-01-10,3530.5,3577,3505.75,3560,3610,0,2014-01-05T23:00:00Z,2014-01-10T21:00:00Z,False,False,fixed
2014-01-17,3563.25,3610.25,3492.5,3584.25,4711,0,2014-01-12T23:00:00Z,2014-01-17T21:00:00Z,False,False,fixed
2014-01-24,3588.25,3635.25,3579.5,3615,1423,0,2014-01-20T23:00:00Z,2014-01-24T00:21:00Z,False,False,fixed
2014-01-31,3531.75,3545,3454.25,3517.25,2799,0,2014-01-26T23:00:00Z,2014-01-31T21:00:00Z,False,False,fixed
2014-02-07,3514,3529.75,3412,3489.75,3859,0,2014-02-02T23:00:00Z,2014-02-07T00:10:00Z,False,False,fixed
2014-02-14,3560.25,3668,3550.5,3658.75,5024,0,2014-02-09T23:00:00Z,2014-02-14T21:00:00Z,False,False,fixed
2014-02-21,3666.25,3686.75,3638.25,3665,3793,0,2014-02-17T23:00:00Z,2014-02-21T21:00:00Z,False,False,fixed
2014-02-28,3665.75,3706.75,3655,3700,2628,0,2014-02-23T23:00:00Z,2014-02-28T00:06:00Z,False,False,fixed
2014-03-07,3678,3740.5,3637,3704.5,3804,0,2014-03-02T23:00:00Z,2014-03-07T21:00:00Z,False,False,fixed
2014-03-14,3701.5,3726,3625.75,3625.75,5780,0,2014-03-09T22:00:00Z,2014-03-14T20:00:00Z,False,False,fixed
2014-03-21,3629.25,3712.75,3608.5,3640,5672,0,2014-03-16T22:00:00Z,2014-03-21T20:00:00Z,False,False,fixed
2014-03-28,3640.25,3657,3535.25,3560.5,5900,0,2014-03-23T22:00:00Z,2014-03-28T20:00:00Z,False,False,fixed
2014-04-04,3572.5,3669,3522.75,3535.5,5702,0,2014-03-30T22:00:00Z,2014-04-04T20:00:00Z,False,False,fixed
2014-04-11,3539.5,3599.5,3431.5,3442.25,4843,0,2014-04-06T22:00:00Z,2014-04-11T20:00:00Z,False,False,fixed
2014-04-18,3435.75,3542.5,3404.75,3523,4851,0,2014-04-13T22:00:00Z,2014-04-17T20:00:00Z,False,False,fixed
2014-04-25,3525,3618.25,3516.5,3525,5739,0,2014-04-20T22:00:00Z,2014-04-25T20:00:00Z,False,False,fixed
2014-05-02,3536,3605.5,3480.5,3578.25,5845,0,2014-04-27T22:00:00Z,2014-05-02T20:00:00Z,False,False,fixed
2014-05-09,3583.25,3603.75,3497.5,3550.5,4768,0,2014-05-04T22:00:00Z,2014-05-09T20:00:00Z,False,False,fixed
2014-05-16,3549.25,3624.25,3540.25,3586,5905,0,2014-05-11T22:00:00Z,2014-05-16T20:00:00Z,False,False,fixed
2014-05-23,3586.75,3677,3565.5,3675.5,5897,0,2014-05-18T22:00:00Z,2014-05-23T20:00:00Z,False,False,fixed
2014-05-30,3679,3740.5,3677.5,3733.25,5364,0,2014-05-25T22:00:00Z,2014-05-30T20:00:00Z,False,False,fixed
2014-06-06,3735,3796.75,3707.25,3795.75,5672,0,2014-06-01T22:00:00Z,2014-06-06T20:00:00Z,False,False,fixed
2014-06-13,3800,3804.75,3779.5,3799.75,3236,0,2014-06-08T22:00:00Z,2014-06-11T23:59:00Z,False,False,fixed
2014-06-20,3774.75,3803.25,3755,3795.25,5165,0,2014-06-15T22:00:00Z,2014-06-20T20:00:00Z,False,False,fixed
2014-06-27,3792.25,3836.75,3781.25,3834.5,5748,0,2014-06-22T22:00:00Z,2014-06-27T20:00:00Z,False,False,fixed
2014-07-04,3831.5,3918,3827.75,3913.75,4873,0,2014-06-29T22:00:00Z,2014-07-04T16:59:00Z,False,False,fixed
2014-07-11,3912.75,3915.75,3831.5,3897.25,5530,0,2014-07-06T22:00:00Z,2014-07-11T20:00:00Z,False,False,fixed
2014-07-18,3898,3941,3854,3931.5,5760,0,2014-07-13T22:00:00Z,2014-07-18T20:00:00Z,False,False,fixed
2014-07-25,3929.5,3991.25,3909.75,3958.25,5742,0,2014-07-20T22:00:00Z,2014-07-25T20:00:00Z,False,False,fixed
2014-08-01,3954,3983,3847.5,3877.5,5826,0,2014-07-27T22:00:00Z,2014-08-01T20:00:00Z,False,False,fixed
2014-08-08,3873,3915.75,3826.5,3879.5,6045,0,2014-08-03T22:00:00Z,2014-08-08T20:00:00Z,True,True,fixed
2014-08-15,3874,3994.5,3873.75,3984.5,5741,0,2014-08-10T22:00:00Z,2014-08-15T20:00:00Z,False,False,fixed
2014-08-22,3991,4061,3991,4052.25,5700,0,2014-08-17T22:00:00Z,2014-08-22T20:00:00Z,False,False,fixed
2014-08-29,4057.5,4086,4054.5,4081.5,5346,0,2014-08-25T02:00:00Z,2014-08-29T20:00:00Z,False,False,fixed
2014-09-05,4078.75,4113.75,4052,4087.25,4422,0,2014-08-31T22:00:00Z,2014-09-05T20:00:00Z,False,False,fixed
2014-09-12,4086.5,4110.5,4053.25,4070.75,5676,0,2014-09-07T22:00:00Z,2014-09-12T20:00:00Z,False,False,fixed
2014-09-19,4057.5,4118.75,4004.25,4092.75,5526,0,2014-09-14T22:00:00Z,2014-09-19T20:00:00Z,False,False,fixed
2014-09-26,4091.75,4092,4004,4047,1779,0,2014-09-21T22:00:00Z,2014-09-26T20:00:00Z,False,False,fixed
2014-10-03,4045.75,4064.75,3927.75,4017.5,6036,0,2014-09-28T22:00:00Z,2014-10-03T20:00:00Z,True,True,fixed
2014-10-10,4017.75,4047.75,3860.5,3860.5,6097,0,2014-10-05T22:00:00Z,2014-10-10T20:00:00Z,True,True,fixed
2014-10-17,3848.5,3885.75,3684,3800.5,5232,0,2014-10-12T22:00:00Z,2014-10-17T20:00:00Z,False,False,fixed
2014-10-24,3811.75,4037,3793.25,4036,5038,0,2014-10-19T22:00:00Z,2014-10-24T20:00:00Z,False,False,fixed
2014-10-31,4035.75,4163.5,4009.5,4148.25,6001,0,2014-10-26T22:00:00Z,2014-10-31T20:00:00Z,True,True,fixed
2014-11-07,4150.25,4179.75,4119.75,4157.75,2632,0,2014-11-02T23:00:00Z,2014-11-07T21:00:00Z,False,False,fixed
2014-11-14,4152.75,4227,4144,4222,2637,0,2014-11-09T23:00:00Z,2014-11-14T21:00:00Z,False,False,fixed
2014-11-21,4223.25,4284.5,4191.5,4252.25,6123,0,2014-11-16T23:00:00Z,2014-11-21T21:00:00Z,True,True,fixed
2014-11-28,4249.75,4348,4248,4338.75,3348,0,2014-11-23T23:00:00Z,2014-11-28T18:00:00Z,False,False,fixed
2014-12-05,4330.75,4335.5,4273.5,4312.5,2644,0,2014-11-30T23:00:00Z,2014-12-05T00:23:00Z,False,False,fixed
2014-12-12,4314.25,4320.25,4194,4195.5,5088,0,2014-12-07T23:00:00Z,2014-12-12T21:00:00Z,False,False,fixed
2014-12-19,4189.5,4272.5,4080.75,4267.25,5056,0,2014-12-14T23:00:00Z,2014-12-19T00:04:00Z,False,False,fixed
2014-12-26,4282,4322,4274.75,4312.75,3154,0,2014-12-21T23:00:00Z,2014-12-26T21:00:00Z,False,False,fixed
2015-01-02,4315,4320.75,4201,4217.75,2534,0,2014-12-28T23:00:00Z,2015-01-02T21:00:00Z,False,False,fixed
2015-01-09,4216,4242.75,4082,4232.25,2839,0,2015-01-04T23:00:00Z,2015-01-09T00:02:00Z,False,False,fixed
2015-01-16,4201.25,4247.75,4041.5,4133.25,6256,0,2015-01-11T23:00:00Z,2015-01-16T21:00:00Z,True,True,fixed
2015-01-23,4138.75,4286.25,4109,4271.5,6090,0,2015-01-18T23:00:00Z,2015-01-23T21:00:00Z,True,True,fixed
2015-01-30,4249.5,4278.25,4095.75,4201,2704,0,2015-01-25T23:00:00Z,2015-01-30T00:00:00Z,False,False,fixed
2015-02-06,4143.5,4268.25,4085.5,4224.75,2707,0,2015-02-01T23:00:00Z,2015-02-06T21:01:00Z,False,False,fixed
2015-02-13,4226.5,4382,4201.5,4379,3787,0,2015-02-08T23:00:00Z,2015-02-13T21:00:00Z,False,False,fixed
2015-02-20,4373.5,4445,4364.5,4440.5,5510,0,2015-02-15T23:00:00Z,2015-02-20T21:00:00Z,False,False,fixed
2015-02-27,4439.75,4464.75,4427,4443.25,4557,0,2015-02-22T23:00:00Z,2015-02-27T21:00:00Z,False,False,fixed
2015-03-06,4447,4483.25,4419.25,4450.75,3532,0,2015-03-01T23:00:00Z,2015-03-06T00:30:00Z,False,False,fixed
2015-03-13,4411.75,4424.75,4288.25,4314,4742,0,2015-03-08T22:00:00Z,2015-03-13T20:00:00Z,False,False,fixed
2015-03-20,4313.5,4472.25,4299.5,4452,5539,0,2015-03-15T22:00:00Z,2015-03-20T20:00:00Z,False,False,fixed
2015-03-27,4448.5,4461.25,4270,4322.5,5939,0,2015-03-22T22:00:00Z,2015-03-27T20:00:00Z,False,False,fixed
2015-04-03,4327.5,4381.75,4259,4263,3199,0,2015-03-29T22:00:00Z,2015-04-03T13:14:00Z,False,False,fixed
2015-04-10,4265,4416,4264.5,4414.25,5777,0,2015-04-05T22:00:00Z,2015-04-10T20:00:00Z,False,False,fixed
2015-04-17,4415,4441.5,4324,4343.75,5663,0,2015-04-12T22:00:00Z,2015-04-17T20:00:00Z,False,False,fixed
2015-04-24,4356.75,4536.25,4352.25,4529,6078,0,2015-04-19T22:00:00Z,2015-04-24T20:00:00Z,True,True,fixed
2015-05-01,4533,4555.5,4386.5,4467.25,5860,0,2015-04-26T22:00:00Z,2015-05-01T20:00:00Z,False,False,fixed
2015-05-08,4471.75,4503.5,4332.5,4451,5822,0,2015-05-03T22:00:00Z,2015-05-08T20:00:00Z,False,False,fixed
2015-05-15,4452.5,4507.5,4374.5,4489,5854,0,2015-05-10T22:00:00Z,2015-05-15T20:00:00Z,False,False,fixed
2015-05-22,4491.25,4542,4470.5,4525.25,5738,0,2015-05-17T22:00:00Z,2015-05-22T20:00:00Z,False,False,fixed
2015-05-29,4527.5,4551,4455,4506.75,5419,0,2015-05-24T22:00:00Z,2015-05-29T20:00:00Z,False,False,fixed
2015-06-05,4514,4540.75,4449.25,4476.5,5899,0,2015-05-31T22:00:00Z,2015-06-05T20:00:00Z,False,False,fixed
2015-06-12,4479.5,4512.25,4390.25,4451.25,5650,0,2015-06-07T22:00:00Z,2015-06-12T20:00:00Z,False,False,fixed
2015-06-19,4443.5,4539.75,4394.25,4502.75,5564,0,2015-06-14T22:00:00Z,2015-06-19T20:00:00Z,False,False,fixed
2015-06-26,4512.5,4555.25,4459.75,4473.75,5701,0,2015-06-21T22:00:00Z,2015-06-26T20:00:00Z,False,False,fixed
2015-07-03,4429.75,4451.5,4368.25,4417.75,4616,0,2015-06-28T22:00:00Z,2015-07-03T16:59:00Z,False,False,fixed
2015-07-10,4366,4448,4331.75,4412.75,5998,0,2015-07-05T22:00:00Z,2015-07-10T20:00:00Z,False,False,fixed
2015-07-17,4384,4653.25,4372.5,4652.5,6030,0,2015-07-12T22:00:00Z,2015-07-17T20:00:00Z,True,True,fixed
2015-07-24,4649,4686,4544.5,4556,5894,0,2015-07-19T22:00:00Z,2015-07-24T20:00:00Z,False,False,fixed
2015-07-31,4562.25,4608.75,4497,4587.75,5975,0,2015-07-26T22:00:00Z,2015-07-31T20:00:00Z,False,False,fixed
2015-08-07,4583.25,4629,4480.5,4519.5,5952,0,2015-08-02T22:00:00Z,2015-08-07T20:00:00Z,False,False,fixed
2015-08-14,4514,4584.75,4431.25,4528.25,6110,0,2015-08-09T22:00:00Z,2015-08-14T20:00:00Z,True,True,fixed
2015-08-21,4532.5,4573.5,4196.25,4202.25,6065,0,2015-08-16T22:00:00Z,2015-08-21T20:00:00Z,True,True,fixed
2015-08-28,4183.75,4340.75,3908.25,4324,6310,0,2015-08-23T22:00:00Z,2015-08-28T20:00:00Z,True,True,fixed
2015-09-04,4324,4330.25,4118.25,4187.25,6358,0,2015-08-30T22:00:00Z,2015-09-04T20:01:00Z,True,True,fixed
2015-09-11,4181.75,4369.5,4180,4323.25,6113,0,2015-09-06T22:00:00Z,2015-09-11T20:00:00Z,True,True,fixed
2015-09-18,4325.25,4441.75,4280,4315.75,5104,0,2015-09-13T22:00:00Z,2015-09-18T20:00:00Z,False,False,fixed
2015-09-25,4324.75,4361.5,4185.25,4213.25,6283,0,2015-09-20T22:00:00Z,2015-09-25T20:00:00Z,True,True,fixed
2015-10-02,4202.5,4258.75,4040.75,4255.75,6441,0,2015-09-27T22:00:00Z,2015-10-02T20:00:00Z,True,True,fixed
2015-10-09,4257.75,4369.25,4250.5,4358.5,6357,0,2015-10-04T22:00:00Z,2015-10-09T20:00:00Z,True,True,fixed
2015-10-16,4355,4430.75,4317.5,4428.75,6316,0,2015-10-11T22:00:00Z,2015-10-16T20:00:00Z,True,True,fixed
2015-10-23,4434.5,4637.5,4394.75,4617.25,6197,0,2015-10-18T22:00:00Z,2015-10-23T20:00:00Z,True,True,fixed
2015-10-30,4614,4690.25,4592.75,4642.75,6203,0,2015-10-25T22:00:00Z,2015-10-30T20:00:00Z,True,True,fixed
2015-11-06,4644.5,4729.75,4625,4700.5,2799,0,2015-11-01T23:00:00Z,2015-11-06T21:00:00Z,False,False,fixed
2015-11-13,4701.25,4712.75,4576.5,4588.75,2769,0,2015-11-08T23:00:00Z,2015-11-13T00:05:00Z,False,False,fixed
2015-11-20,4478.25,4691.5,4455,4690,3990,0,2015-11-15T23:00:00Z,2015-11-20T21:59:00Z,False,False,fixed
2015-11-27,4689.5,4706.75,4620,4685.75,5862,0,2015-11-22T23:00:00Z,2015-11-27T18:15:00Z,False,False,fixed
2015-12-04,4685.5,4739.5,4579,4714.5,6526,0,2015-11-29T23:00:00Z,2015-12-04T21:59:00Z,True,True,fixed
2015-12-11,4721.25,4730,4527.5,4535.5,6469,0,2015-12-06T23:00:00Z,2015-12-11T21:59:00Z,True,True,fixed
2015-12-18,4534.5,4683.75,4477.25,4510,6556,0,2015-12-13T23:00:00Z,2015-12-18T21:59:00Z,True,True,fixed
2015-12-25,4513.75,4630,4511.75,4610.75,4932,0,2015-12-20T23:00:00Z,2015-12-24T18:14:00Z,False,False,fixed
2016-01-01,4611,4697.75,4571.5,4592.5,4981,0,2015-12-27T23:00:00Z,2015-12-31T21:59:00Z,False,False,fixed
2016-01-08,4592.5,4606.75,4255.75,4264.5,6784,0,2016-01-03T23:00:00Z,2016-01-08T21:59:00Z,True,True,fixed
2016-01-15,4264.25,4365,4075.75,4145.75,6814,0,2016-01-10T23:00:00Z,2016-01-15T21:59:00Z,True,True,fixed
2016-01-22,4126.75,4253,3983.5,4246.75,6594,0,2016-01-17T23:00:00Z,2016-01-22T21:59:00Z,True,True,fixed
2016-01-29,4247.5,4271.25,4102,4269.75,6808,0,2016-01-24T23:00:00Z,2016-01-29T21:59:00Z,True,True,fixed
2016-02-05,4263.25,4309.25,4001,4019.75,6805,0,2016-01-31T23:00:00Z,2016-02-05T21:59:00Z,True,True,fixed
2016-02-12,4027.25,4046,3862.25,4015.25,6791,0,2016-02-07T23:00:00Z,2016-02-12T21:59:00Z,True,True,fixed
2016-02-19,4021.5,4227.5,4021.5,4161.25,6540,0,2016-02-14T23:00:00Z,2016-02-19T21:59:00Z,True,True,fixed
2016-02-26,4155.25,4293.25,4084.75,4226.5,6752,0,2016-02-21T23:00:00Z,2016-02-26T21:59:00Z,True,True,fixed
2016-03-04,4225.25,4357.75,4180.25,4320.25,6731,0,2016-02-28T23:00:00Z,2016-03-04T21:59:00Z,True,True,fixed
2016-03-11,4321,4361.25,4229.75,4357,6645,0,2016-03-06T23:00:00Z,2016-03-11T21:59:00Z,True,True,fixed
2016-03-18,4352.75,4412.75,4329.5,4397,6238,0,2016-03-13T22:00:00Z,2016-03-18T20:59:00Z,True,True,fixed
2016-03-25,4394.75,4441.25,4365,4400.5,5188,0,2016-03-20T22:00:00Z,2016-03-24T20:59:00Z,False,False,fixed
2016-04-01,4401.5,4529.5,4374,4528.75,6511,0,2016-03-27T22:00:00Z,2016-04-01T20:59:00Z,True,True,fixed
2016-04-08,4526.75,4543.75,4450.75,4469.5,6655,0,2016-04-03T22:00:00Z,2016-04-08T20:59:00Z,True,True,fixed
2016-04-15,4470,4563.25,4426.5,4538.75,6590,0,2016-04-10T22:00:00Z,2016-04-15T20:59:00Z,True,True,fixed
2016-04-22,4518.75,4584.5,4431,4466.75,6676,0,2016-04-17T22:00:00Z,2016-04-22T20:59:00Z,True,True,fixed
2016-04-29,4477,4489.75,4296.75,4335.75,6652,0,2016-04-24T22:00:00Z,2016-04-29T20:59:00Z,True,True,fixed
2016-05-06,4337,4378.5,4271,4333.75,6544,0,2016-05-01T22:00:00Z,2016-05-06T20:59:00Z,True,True,fixed
2016-05-13,4329.75,4403,4303.75,4322.5,6603,0,2016-05-08T22:00:00Z,2016-05-13T20:59:00Z,True,True,fixed
2016-05-20,4316,4393.75,4280.75,4364,6622,0,2016-05-15T22:00:00Z,2016-05-20T20:59:00Z,True,True,fixed
2016-05-27,4367.75,4513.5,4341.75,4513,6512,0,2016-05-22T22:00:00Z,2016-05-27T20:59:00Z,True,True,fixed
2016-06-03,4518.25,4538.75,4478.75,4509,6111,0,2016-05-29T22:00:00Z,2016-06-03T20:59:00Z,True,True,fixed
2016-06-10,4511,4545.5,4446.25,4466,6168,0,2016-06-05T22:00:00Z,2016-06-10T20:59:00Z,True,True,fixed
2016-06-17,4458.75,4461.75,4352.5,4361.25,6446,0,2016-06-12T22:00:00Z,2016-06-17T20:59:00Z,True,True,fixed
2016-06-24,4383,4494,4234.5,4262,6538,0,2016-06-19T22:00:00Z,2016-06-24T20:59:00Z,True,True,fixed
2016-07-01,4250,4446.25,4167.75,4434.25,6694,0,2016-06-26T22:00:00Z,2016-07-01T20:59:00Z,True,True,fixed
2016-07-08,4438.75,4523.25,4365.75,4517,6298,0,2016-07-03T22:00:00Z,2016-07-08T20:59:00Z,True,True,fixed
2016-07-15,4519.5,4608.25,4515.75,4562.25,6551,0,2016-07-10T22:00:00Z,2016-07-15T20:59:00Z,True,True,fixed
2016-07-22,4580,4664.5,4577,4658.5,6483,0,2016-07-17T22:00:00Z,2016-07-22T20:59:00Z,True,True,fixed
2016-07-29,4659.25,4736.5,4641,4730,6598,0,2016-07-24T22:00:00Z,2016-07-29T20:59:00Z,True,True,fixed
2016-08-05,4737.5,4797.75,4681.75,4783.75,6491,0,2016-07-31T22:00:00Z,2016-08-05T20:59:00Z,True,True,fixed
2016-08-12,4784.75,4811,4766.25,4806,6190,0,2016-08-07T22:00:00Z,2016-08-12T20:59:00Z,True,True,fixed
2016-08-19,4806.75,4835.25,4772,4809,6273,0,2016-08-14T22:00:00Z,2016-08-19T20:59:00Z,True,True,fixed
2016-08-26,4809.25,4836.75,4757.25,4783.25,6318,0,2016-08-21T22:00:00Z,2016-08-26T20:59:00Z,True,True,fixed
2016-09-02,4786,4817.75,4749.5,4798.75,6331,0,2016-08-28T22:00:00Z,2016-09-02T20:59:00Z,True,True,fixed
2016-09-09,4801.25,4839.5,4665,4668.5,5898,0,2016-09-04T22:00:00Z,2016-09-09T20:59:00Z,False,False,fixed
2016-09-16,4671,4823.5,4629,4816,6582,0,2016-09-11T22:00:00Z,2016-09-16T20:59:00Z,True,True,fixed
2016-09-23,4814.75,4892.25,4782.5,4857.25,6510,0,2016-09-18T22:00:00Z,2016-09-23T20:59:00Z,True,True,fixed
2016-09-30,4852,4885.5,4800.75,4863.25,6547,0,2016-09-25T22:00:00Z,2016-09-30T20:59:00Z,True,True,fixed
2016-10-07,4867.25,4888.5,4834.75,4859.5,6376,0,2016-10-02T22:00:00Z,2016-10-07T20:59:00Z,True,True,fixed
2016-10-14,4868,4901.5,4754.5,4802,6568,0,2016-10-09T22:00:00Z,2016-10-14T20:59:00Z,True,True,fixed
2016-10-21,4803.5,4856.75,4781,4846,6552,0,2016-10-16T22:00:00Z,2016-10-21T20:59:00Z,True,True,fixed
2016-10-28,4847.25,4919.5,4786.5,4805.5,6553,0,2016-10-23T22:00:00Z,2016-10-28T20:59:00Z,True,True,fixed
2016-11-04,4795.25,4830,4651.25,4661,6655,0,2016-10-30T22:00:00Z,2016-11-04T20:59:00Z,True,True,fixed
2016-11-11,4709.75,4879.75,4558.5,4742,6755,0,2016-11-06T23:00:00Z,2016-11-11T21:59:00Z,True,True,fixed
2016-11-18,4753,4840.5,4672.75,4809.25,6731,0,2016-11-13T23:00:00Z,2016-11-18T21:59:00Z,True,True,fixed
2016-11-25,4813.5,4884.75,4803.25,4870,5967,0,2016-11-20T23:00:00Z,2016-11-25T18:14:00Z,False,False,fixed
2016-12-02,4864.25,4897.75,4707.25,4734.25,6508,0,2016-11-27T23:00:00Z,2016-12-02T21:59:00Z,True,True,fixed
2016-12-09,4719,4897.5,4701.5,4895,6375,0,2016-12-04T23:00:00Z,2016-12-09T21:59:00Z,True,True,fixed
2016-12-16,4899,4961.75,4852.5,4915.25,6391,0,2016-12-11T23:00:00Z,2016-12-16T21:59:00Z,True,True,fixed
2016-12-23,4915.75,4966.25,4912.5,4941,6275,0,2016-12-18T23:00:00Z,2016-12-23T21:59:00Z,True,True,fixed
2016-12-30,4942,4994.5,4850,4862.25,5091,0,2016-12-26T23:00:00Z,2016-12-30T21:59:00Z,False,False,fixed
2017-01-06,4876.75,5017.5,4876.75,5004.75,5267,0,2017-01-02T23:00:00Z,2017-01-06T21:59:00Z,False,False,fixed
2017-01-13,5004.5,5063.25,4990.25,5060.5,6604,0,2017-01-08T23:00:00Z,2017-01-13T21:59:00Z,True,True,fixed
2017-01-20,5056.25,5083,5025,5061,6320,0,2017-01-15T23:00:00Z,2017-01-20T21:59:00Z,True,True,fixed
2017-01-27,5059,5168.5,5030.25,5165,6665,0,2017-01-22T23:00:00Z,2017-01-27T21:59:00Z,True,True,fixed
2017-02-03,5146.25,5162.25,5083.25,5158,6654,0,2017-01-29T23:00:00Z,2017-02-03T21:59:00Z,True,True,fixed
2017-02-10,5157.25,5232.5,5140.25,5227.25,6608,0,2017-02-05T23:00:00Z,2017-02-10T21:59:00Z,True,True,fixed
2017-02-17,5229.25,5328.75,5226.75,5328.5,6595,0,2017-02-12T23:00:00Z,2017-02-17T21:59:00Z,True,True,fixed
2017-02-24,5323.5,5361.25,5299,5342.75,6336,0,2017-02-19T23:00:00Z,2017-02-24T21:59:00Z,True,True,fixed
2017-03-03,5340,5400,5317,5372.75,6718,0,2017-02-26T23:00:00Z,2017-03-03T21:59:00Z,True,True,fixed
2017-03-10,5369,5395.25,5333.75,5382,6580,0,2017-03-05T23:00:00Z,2017-03-10T21:59:00Z,True,True,fixed
2017-03-17,5381,5440,5363.5,5409.25,6239,0,2017-03-12T22:00:00Z,2017-03-17T20:59:00Z,True,True,fixed
2017-03-24,5407.25,5441,5315,5373,6646,0,2017-03-19T22:00:00Z,2017-03-24T20:59:00Z,True,True,fixed
2017-03-31,5360,5452.75,5317.25,5435.75,6720,0,2017-03-26T22:00:00Z,2017-03-31T20:59:00Z,True,True,fixed
2017-04-07,5436.75,5481.25,5382.75,5420.75,6672,0,2017-04-02T22:00:00Z,2017-04-07T20:59:00Z,True,True,fixed
2017-04-14,5420.75,5443.75,5347.5,5357.5,5329,0,2017-04-09T22:00:00Z,2017-04-13T20:59:00Z,False,False,fixed
2017-04-21,5352.75,5454.75,5347.75,5436,6579,0,2017-04-16T22:00:00Z,2017-04-21T20:59:00Z,True,True,fixed
2017-04-28,5471,5599,5471,5581,6665,0,2017-04-23T22:00:00Z,2017-04-28T20:59:00Z,True,True,fixed
2017-05-05,5581,5649.5,5573.5,5649,6498,0,2017-04-30T22:00:00Z,2017-05-05T20:59:00Z,True,True,fixed
2017-05-12,5658.25,5689.75,5634.5,5689.5,6622,0,2017-05-07T22:00:00Z,2017-05-12T20:59:00Z,True,True,fixed
2017-05-19,5689.5,5727.25,5550.5,5655.25,6728,0,2017-05-14T22:00:00Z,2017-05-19T20:59:00Z,True,True,fixed
2017-05-26,5652.75,5796.5,5648.75,5795.5,6661,0,2017-05-21T22:00:00Z,2017-05-26T20:59:00Z,True,True,fixed
2017-06-02,5793,5886.75,5763.75,5885.25,6365,0,2017-05-28T22:00:00Z,2017-06-02T20:59:00Z,True,True,fixed
2017-06-09,5878.25,5898.75,5660.25,5737.25,6584,0,2017-06-04T22:00:00Z,2017-06-09T20:59:00Z,True,True,fixed
2017-06-16,5740.5,5789,5634.5,5691.75,6697,0,2017-06-11T22:00:00Z,2017-06-16T20:59:00Z,True,True,fixed
2017-06-23,5694.25,5815.5,5683.25,5805.5,6656,0,2017-06-18T22:00:00Z,2017-06-23T20:59:00Z,True,True,fixed
2017-06-30,5803,5852,5601,5657.5,6696,0,2017-06-25T22:00:00Z,2017-06-30T20:59:00Z,True,True,fixed
2017-07-07,5658,5690.75,5560.25,5657.25,6316,0,2017-07-02T22:00:00Z,2017-07-07T20:59:00Z,True,True,fixed
2017-07-14,5663,5847.75,5650,5847,6694,0,2017-07-09T22:00:00Z,2017-07-14T20:59:00Z,True,True,fixed
2017-07-21,5843.5,5938.5,5820.25,5923,6688,0,2017-07-16T22:00:00Z,2017-07-21T20:59:00Z,True,True,fixed
2017-07-28,5919.25,5995.75,5844.75,5913,6720,0,2017-07-23T22:00:00Z,2017-07-28T20:59:00Z,True,True,fixed
2017-08-04,5910,5947.5,5856.25,5897,6703,0,2017-07-30T22:00:00Z,2017-08-04T20:59:00Z,True,True,fixed
2017-08-11,5900,5972.75,5761,5837.25,6712,0,2017-08-06T22:00:00Z,2017-08-11T20:59:00Z,True,True,fixed
2017-08-18,5837.25,5949.5,5772.5,5797,6764,0,2017-08-13T22:00:00Z,2017-08-18T20:59:00Z,True,True,fixed
2017-08-25,5805,5884,5752.25,5825.25,6758,0,2017-08-20T22:00:00Z,2017-08-25T20:59:00Z,True,True,fixed
2017-09-01,5819.75,6019.75,5777.25,5986.5,6753,0,2017-08-27T22:00:00Z,2017-09-01T20:59:00Z,True,True,fixed
2017-09-08,5956.5,5984.75,5889.5,5918.75,6534,0,2017-09-03T22:00:00Z,2017-09-08T20:59:00Z,True,True,fixed
2017-09-15,5928.75,6015.75,5928.75,5997.75,6685,0,2017-09-10T22:00:00Z,2017-09-15T20:59:00Z,True,True,fixed
2017-09-22,5999.25,6018.25,5911,5936.25,6760,0,2017-09-17T22:00:00Z,2017-09-22T20:59:00Z,True,True,fixed
2017-09-29,5930.75,5985.5,5842,5980,6773,0,2017-09-24T22:00:00Z,2017-09-29T20:59:00Z,True,True,fixed
2017-10-06,5984,6071.5,5958.5,6066,6652,0,2017-10-01T22:00:00Z,2017-10-06T20:59:00Z,True,True,fixed
2017-10-13,6062.5,6104,6039,6099.5,6646,0,2017-10-08T22:00:00Z,2017-10-13T20:59:00Z,True,True,fixed
2017-10-20,6101.5,6132.75,6051.25,6109.25,6659,0,2017-10-15T22:00:00Z,2017-10-20T20:59:00Z,True,True,fixed
2017-10-27,6109.5,6225.75,6011,6214.5,6772,0,2017-10-22T22:00:00Z,2017-10-27T20:59:00Z,True,True,fixed
2017-11-03,6209.5,6296.75,6192.5,6288.5,6751,0,2017-10-29T22:00:00Z,2017-11-03T20:59:00Z,True,True,fixed
2017-11-10,6285.25,6351.5,6244.75,6307.5,6789,0,2017-11-05T23:00:00Z,2017-11-10T21:59:00Z,True,True,fixed
2017-11-17,6312.5,6358.5,6230.75,6309.75,6789,0,2017-11-12T23:00:00Z,2017-11-17T21:59:00Z,True,True,fixed
2017-11-24,6312,6416,6291.25,6414.5,6285,0,2017-11-19T23:00:00Z,2017-11-24T18:14:00Z,True,True,fixed
2017-12-01,6414.25,6429.5,6246,6344.75,6792,0,2017-11-26T23:00:00Z,2017-12-01T21:59:00Z,True,True,fixed
2017-12-08,6371,6391.75,6231.75,6343.75,6782,0,2017-12-03T23:00:00Z,2017-12-08T21:59:00Z,True,True,fixed
2017-12-15,6343,6502.75,6339.75,6500,6707,0,2017-12-10T23:00:00Z,2017-12-15T21:59:00Z,True,True,fixed
2017-12-22,6498,6545.75,6463.25,6483.25,6729,0,2017-12-17T23:00:00Z,2017-12-22T21:59:00Z,True,True,fixed
2017-12-29,6482.5,6492,6383.25,6385,5258,0,2017-12-25T23:00:00Z,2017-12-29T21:59:00Z,False,False,fixed
2018-01-05,6405,6671,6397.75,6665.75,5402,0,2018-01-01T23:00:00Z,2018-01-05T21:59:00Z,False,False,fixed
2018-01-12,6667.75,6777.75,6628.25,6772,6773,0,2018-01-07T23:00:00Z,2018-01-12T21:59:00Z,True,True,fixed
2018-01-19,6781.5,6857,6729.25,6850,6586,0,2018-01-14T23:00:00Z,2018-01-19T21:59:00Z,True,True,fixed
2018-01-26,6830.75,7034.5,6824.25,7031.5,6806,0,2018-01-21T23:00:00Z,2018-01-26T21:59:00Z,True,True,fixed
2018-02-02,7030,7047.25,6752.25,6753.25,6821,0,2018-01-28T23:00:00Z,2018-02-02T21:59:00Z,True,True,fixed
2018-02-09,6752.25,6813.5,6164,6425.75,6825,0,2018-02-04T23:00:00Z,2018-02-09T21:59:00Z,True,True,fixed
2018-02-16,6434.5,6859.75,6414.25,6781.5,6822,0,2018-02-11T23:00:00Z,2018-02-16T21:59:00Z,True,True,fixed
2018-02-23,6783.25,6913.75,6694.75,6902.5,6583,0,2018-02-18T23:00:00Z,2018-02-23T21:59:00Z,True,True,fixed
2018-03-02,6918.25,7009,6646,6808.5,6825,0,2018-02-25T23:00:00Z,2018-03-02T21:59:00Z,True,True,fixed
2018-03-09,6795.75,7103.75,6742.5,7096.75,6818,0,2018-03-04T23:00:00Z,2018-03-09T21:59:00Z,True,True,fixed
2018-03-16,7099.25,7214.5,7027.25,7045.5,6801,0,2018-03-11T22:00:00Z,2018-03-16T20:59:00Z,True,True,fixed
2018-03-23,7043,7043,6519,6548,6815,0,2018-03-18T22:00:00Z,2018-03-23T20:59:00Z,True,True,fixed
2018-03-30,6549.75,6849.25,6421,6570.5,5460,0,2018-03-25T22:00:00Z,2018-03-29T20:59:00Z,False,False,fixed
2018-04-06,6557,6654.5,6306.75,6456.5,6823,0,2018-04-01T22:00:00Z,2018-04-06T20:59:00Z,True,True,fixed
2018-04-13,6463,6713,6460,6642.25,6822,0,2018-04-08T22:00:00Z,2018-04-13T20:59:00Z,True,True,fixed
2018-04-20,6674.25,6867,6639.25,6675.75,6812,0,2018-04-15T22:00:00Z,2018-04-20T20:59:00Z,True,True,fixed
2018-04-27,6705.5,6772,6429.25,6672,6815,0,2018-04-22T22:00:00Z,2018-04-27T20:59:00Z,True,True,fixed
2018-05-04,6668,6788.5,6538,6779.25,6783,0,2018-04-29T22:30:00Z,2018-05-04T20:59:00Z,True,True,fixed
2018-05-11,6779,6979.5,6771,6957,6803,0,2018-05-06T22:00:00Z,2018-05-11T20:59:00Z,True,True,fixed
2018-05-18,6958.25,7013.5,6854.25,6873.75,6795,0,2018-05-13T22:00:00Z,2018-05-18T20:59:00Z,True,True,fixed
2018-05-25,6919,7003.75,6829.75,6965.75,6789,0,2018-05-20T22:00:00Z,2018-05-25T20:59:00Z,True,True,fixed
2018-06-01,6989,7090.5,6890.5,7085.75,6559,0,2018-05-27T22:00:00Z,2018-06-01T20:59:00Z,True,True,fixed
2018-06-08,7079.75,7234.25,7071.75,7149.5,6797,0,2018-06-03T22:00:00Z,2018-06-08T20:59:00Z,True,True,fixed
2018-06-15,7135,7321,7125,7277.5,6793,0,2018-06-10T22:00:00Z,2018-06-15T20:59:00Z,True,True,fixed
2018-06-22,7276,7358.5,7157.5,7218.75,6819,0,2018-06-17T22:00:00Z,2018-06-22T20:59:00Z,True,True,fixed
2018-06-29,7222.75,7222.75,6956,7067,6817,0,2018-06-24T22:00:00Z,2018-06-29T20:59:00Z,True,True,fixed
2018-07-06,7068.25,7237.75,6987.5,7230.5,6387,0,2018-07-01T22:00:00Z,2018-07-06T20:59:00Z,True,True,fixed
2018-07-13,7232.5,7414.25,7204.5,7396.75,6825,0,2018-07-08T22:00:00Z,2018-07-13T20:59:00Z,True,True,fixed
2018-07-20,7399.5,7437.75,7292.5,7366,6821,0,2018-07-15T22:00:00Z,2018-07-20T20:59:00Z,True,True,fixed
2018-07-27,7368,7530,7263.5,7301,6821,0,2018-07-22T22:00:00Z,2018-07-27T20:59:00Z,True,True,fixed
2018-08-03,7293,7415,7166.75,7406,6823,0,2018-07-29T22:00:00Z,2018-08-03T20:59:00Z,True,True,fixed
2018-08-10,7406,7505.5,7387.5,7432.25,6797,0,2018-08-05T22:00:00Z,2018-08-10T20:59:00Z,True,True,fixed
2018-08-17,7425.5,7479,7316.5,7390.5,6817,0,2018-08-12T22:00:00Z,2018-08-17T20:59:00Z,True,True,fixed
2018-08-24,7390.5,7499.5,7351.5,7496.5,6812,0,2018-08-19T22:00:00Z,2018-08-24T20:59:00Z,True,True,fixed
2018-08-31,7499,7697,7498.75,7674,6818,0,2018-08-26T22:00:00Z,2018-08-31T20:59:00Z,True,True,fixed
2018-09-07,7670,7693.75,7393,7434,6578,0,2018-09-02T22:00:00Z,2018-09-07T20:59:00Z,True,True,fixed
2018-09-14,7433,7598.75,7404.5,7545.75,6811,0,2018-09-09T22:00:00Z,2018-09-14T20:59:00Z,True,True,fixed
2018-09-21,7534,7637.5,7422.25,7547.5,6793,0,2018-09-16T22:00:00Z,2018-09-21T20:59:00Z,True,True,fixed
2018-09-28,7539.75,7686.25,7473.75,7668.25,6813,0,2018-09-23T22:00:00Z,2018-09-28T20:59:00Z,True,True,fixed
2018-10-05,7672,7728.75,7347,7438.25,6811,0,2018-09-30T22:00:00Z,2018-10-05T20:59:00Z,True,True,fixed
2018-10-12,7443.25,7455.75,6907.75,7184.75,6823,0,2018-10-07T22:00:00Z,2018-10-12T20:59:00Z,True,True,fixed
2018-10-19,7176.75,7368.5,7060.75,7104.5,6824,0,2018-10-14T22:00:00Z,2018-10-19T20:59:00Z,True,True,fixed
2018-10-26,7085.75,7210.5,6734.25,6868.5,6825,0,2018-10-21T22:00:00Z,2018-10-26T20:59:00Z,True,True,fixed
2018-11-02,6898,7143.25,6580.5,6975.75,6825,0,2018-10-28T22:00:00Z,2018-11-02T20:59:00Z,True,True,fixed
2018-11-09,6972.75,7231,6865,7029,6825,0,2018-11-04T23:00:00Z,2018-11-09T21:59:00Z,True,True,fixed
2018-11-16,7026.25,7103.75,6712.25,6897.25,6825,0,2018-11-11T23:00:00Z,2018-11-16T21:59:00Z,True,True,fixed
2018-11-23,6875,6934.5,6449.5,6530.5,6387,0,2018-11-18T23:00:00Z,2018-11-23T18:14:00Z,True,True,fixed
2018-11-30,6537.5,6967.25,6530.5,6966.25,6825,0,2018-11-25T23:00:00Z,2018-11-30T21:59:00Z,True,True,fixed
2018-12-07,7041,7139,6594.75,6631.5,6390,0,2018-12-02T23:00:00Z,2018-12-07T21:59:00Z,True,True,fixed
2018-12-14,6596.25,6872,6535.25,6583.75,6825,0,2018-12-09T23:00:00Z,2018-12-14T21:59:00Z,True,True,fixed
2018-12-21,6580,6635.25,6030,6080.75,6821,0,2018-12-16T23:00:00Z,2018-12-21T21:59:00Z,True,True,fixed
2018-12-28,6049.75,6402.5,5820.5,6296.25,5250,0,2018-12-23T23:00:00Z,2018-12-28T21:59:00Z,False,False,fixed
2019-01-04,6312.25,6462,6136.5,6431.75,5460,0,2018-12-30T23:00:00Z,2019-01-04T21:59:00Z,False,False,fixed
2019-01-11,6451.25,6645,6402.5,6615.5,6825,0,2019-01-06T23:00:00Z,2019-01-11T21:59:00Z,True,True,fixed
2019-01-18,6599,6828.25,6521.5,6805.5,6825,0,2019-01-13T23:00:00Z,2019-01-18T21:59:00Z,True,True,fixed
2019-01-25,6794.5,6810.5,6592.25,6795.25,6600,0,2019-01-20T23:00:00Z,2019-01-25T21:59:00Z,True,True,fixed
2019-02-01,6784.25,6943,6616.75,6880.25,6825,0,2019-01-27T23:00:00Z,2019-02-01T21:59:00Z,True,True,fixed
2019-02-08,6863.75,7038.75,6841,6924,6825,0,2019-02-03T23:00:00Z,2019-02-08T21:59:00Z,True,True,fixed
2019-02-15,6921.75,7095.25,6896.25,7064.5,6820,0,2019-02-10T23:00:00Z,2019-02-15T21:59:00Z,True,True,fixed
2019-02-22,7063.75,7113.75,7005,7100.5,6600,0,2019-02-17T23:00:00Z,2019-02-22T21:59:00Z,True,True,fixed
2019-03-01,7108.5,7168.5,7048,7158.75,6640,0,2019-02-24T23:00:00Z,2019-03-01T21:59:00Z,True,True,fixed
2019-03-08,7177,7211.5,6939,7031,6823,0,2019-03-03T23:00:00Z,2019-03-08T21:59:00Z,True,True,fixed
2019-03-15,7022.25,7361,6997.5,7346,6809,0,2019-03-10T22:00:00Z,2019-03-15T20:59:00Z,True,True,fixed
2019-03-22,7338,7544.75,7321.75,7358.5,6823,0,2019-03-17T22:00:00Z,2019-03-22T20:59:00Z,True,True,fixed
2019-03-29,7372.25,7447.5,7276,7412.75,6823,0,2019-03-24T22:00:00Z,2019-03-29T20:59:00Z,True,True,fixed
2019-04-05,7430,7616.25,7428.5,7612.75,6822,0,2019-03-31T22:00:00Z,2019-04-05T20:59:00Z,True,True,fixed
2019-04-12,7607.75,7665,7561.25,7654,6817,0,2019-04-07T22:00:00Z,2019-04-12T20:59:00Z,True,True,fixed
2019-04-19,7654,7733.5,7598.75,7715.75,5455,0,2019-04-14T22:00:00Z,2019-04-18T20:59:00Z,False,False,fixed
2019-04-26,7715.25,7879.5,7669.75,7837.25,6823,0,2019-04-21T22:00:00Z,2019-04-26T20:59:00Z,True,True,fixed
2019-05-03,7837.25,7872.5,7682.25,7872.5,6821,0,2019-04-28T22:00:00Z,2019-05-03T20:59:00Z,True,True,fixed
2019-05-10,7810,7817.5,7435.75,7611.25,6825,0,2019-05-05T22:00:00Z,2019-05-10T20:59:00Z,True,True,fixed
2019-05-17,7534.25,7641,7290,7512.25,6824,0,2019-05-12T22:00:00Z,2019-05-17T20:59:00Z,True,True,fixed
2019-05-24,7514.75,7559.25,7268,7312.5,6824,0,2019-05-19T22:00:00Z,2019-05-24T20:59:00Z,True,True,fixed
2019-05-31,7315.5,7371.75,7129.25,7137.5,6596,0,2019-05-26T22:00:00Z,2019-05-31T20:59:00Z,True,True,fixed
2019-06-07,7110,7453,6941.25,7429.25,6824,0,2019-06-02T22:00:00Z,2019-06-07T20:59:00Z,True,True,fixed
2019-06-14,7469,7600.75,7421,7483.75,6824,0,2019-06-09T22:00:00Z,2019-06-14T20:59:00Z,True,True,fixed
2019-06-21,7481,7821,7476,7746.75,6814,0,2019-06-16T22:00:00Z,2019-06-21T20:59:00Z,True,True,fixed
2019-06-28,7744.5,7794.25,7609.5,7723.25,6820,0,2019-06-23T22:00:00Z,2019-06-28T20:59:00Z,True,True,fixed
2019-07-05,7781.5,7909.75,7759,7855,6384,0,2019-06-30T22:00:00Z,2019-07-05T20:59:00Z,True,True,fixed
2019-07-12,7855,7967.5,7743,7958.5,6819,0,2019-07-07T22:00:00Z,2019-07-12T20:59:00Z,True,True,fixed
2019-07-19,7958.25,8001.5,7815.25,7820,6818,0,2019-07-14T22:00:00Z,2019-07-19T20:59:00Z,True,True,fixed
2019-07-26,7830,8051.75,7826.25,8015.25,6824,0,2019-07-21T22:00:00Z,2019-07-26T20:59:00Z,True,True,fixed
2019-08-02,8017.5,8031.75,7650.25,7708,6824,0,2019-07-28T22:00:00Z,2019-08-02T20:59:00Z,True,True,fixed
2019-08-09,7701.75,7738.5,7224.5,7669.25,6825,0,2019-08-04T22:00:00Z,2019-08-09T20:59:00Z,True,True,fixed
2019-08-16,7654.5,7789.5,7388.25,7610.5,6825,0,2019-08-11T22:00:00Z,2019-08-16T20:59:00Z,True,True,fixed
2019-08-23,7617.25,7782.25,7447.75,7490,6824,0,2019-08-18T22:00:00Z,2019-08-23T20:59:00Z,True,True,fixed
2019-08-30,7435,7770.5,7353.25,7675.5,6824,0,2019-08-25T22:00:00Z,2019-08-30T20:59:00Z,True,True,fixed
2019-09-06,7628.25,7895,7580.75,7865,6598,0,2019-09-01T22:00:00Z,2019-09-06T20:59:00Z,True,True,fixed
2019-09-13,7857,7982.75,7744.25,7888,6822,0,2019-09-08T22:00:00Z,2019-09-13T20:59:00Z,True,True,fixed
2019-09-20,7856.75,7973.75,7776.25,7831.75,6823,0,2019-09-15T22:00:00Z,2019-09-20T20:59:00Z,True,True,fixed
2019-09-27,7839.25,7904.75,7641,7717.25,6825,0,2019-09-22T22:00:00Z,2019-09-27T20:59:00Z,True,True,fixed
2019-10-04,7735.5,7841.5,7474.25,7769.75,6825,0,2019-09-29T22:00:00Z,2019-10-04T20:59:00Z,True,True,fixed
2019-10-11,7712.5,7918.5,7583.25,7858.5,6825,0,2019-10-06T22:00:00Z,2019-10-11T20:59:00Z,True,True,fixed
2019-10-18,7850.25,7994.75,7807,7883,6822,0,2019-10-13T22:00:00Z,2019-10-18T20:59:00Z,True,True,fixed
2019-10-25,7874.25,8041.5,7810.25,8036.5,6821,0,2019-10-20T22:00:00Z,2019-10-25T20:59:00Z,True,True,fixed
2019-11-01,8048,8168,8020.5,8163.5,6819,0,2019-10-27T22:00:00Z,2019-11-01T20:59:00Z,True,True,fixed
2019-11-08,8165,8282.25,8161,8260.5,6823,0,2019-11-03T23:00:00Z,2019-11-08T21:59:00Z,True,True,fixed
2019-11-15,8257.25,8324,8206.5,8323.25,6824,0,2019-11-10T23:00:00Z,2019-11-15T21:59:00Z,True,True,fixed
2019-11-22,8318.75,8379,8231,8283,6824,0,2019-11-17T23:00:00Z,2019-11-22T21:59:00Z,True,True,fixed
2019-11-29,8303.25,8458.75,8296.5,8422.5,6387,0,2019-11-24T23:00:00Z,2019-11-29T18:14:00Z,True,True,fixed
2019-12-06,8424.5,8457.25,8168.25,8405,6825,0,2019-12-01T23:00:00Z,2019-12-06T21:59:00Z,True,True,fixed
2019-12-13,8401.5,8523.75,8297,8495.25,6820,0,2019-12-08T23:00:00Z,2019-12-13T21:59:00Z,True,True,fixed
2019-12-20,8507,8724.75,8503.25,8710.25,6821,0,2019-12-15T23:00:00Z,2019-12-20T21:59:00Z,True,True,fixed
2019-12-27,8710.75,8843.5,8707,8779.25,5230,0,2019-12-22T23:00:00Z,2019-12-27T21:59:00Z,False,False,fixed
2020-01-03,8783.5,8907.25,8691.25,8811.75,5452,0,2019-12-29T23:00:00Z,2020-01-03T21:59:00Z,False,False,fixed
2020-01-10,8772.25,9055.5,8678,8978.25,6825,0,2020-01-05T23:00:00Z,2020-01-10T21:59:00Z,True,True,fixed
2020-01-17,8979,9189.25,8979,9171.75,6825,0,2020-01-12T23:00:00Z,2020-01-17T21:59:00Z,True,True,fixed
2020-01-24,9174,9287.25,9109.5,9136.75,6592,0,2020-01-19T23:00:00Z,2020-01-24T21:59:00Z,True,True,fixed
2020-01-31,9077,9248.75,8925.5,9013.25,6825,0,2020-01-26T23:00:00Z,2020-01-31T21:59:00Z,True,True,fixed
2020-02-07,8982.75,9471,8975,9400.5,6825,0,2020-02-02T23:00:00Z,2020-02-07T21:59:00Z,True,True,fixed
2020-02-14,9401.5,9659.25,9330.75,9630.25,6825,0,2020-02-09T23:00:00Z,2020-02-14T21:59:00Z,True,True,fixed
2020-02-21,9635,9763,9411.5,9455,6599,0,2020-02-16T23:00:00Z,2020-02-21T21:59:00Z,True,True,fixed
2020-02-28,9355.25,9365,8126.25,8548,6825,0,2020-02-23T23:00:00Z,2020-02-28T21:59:00Z,True,True,fixed
2020-03-06,8349.25,9002.5,8224.25,8501.75,6825,0,2020-03-01T23:00:00Z,2020-03-06T21:59:00Z,True,True,fixed
2020-03-13,8369,8378.75,6942.5,7823,6461,0,2020-03-08T22:00:00Z,2020-03-13T20:59:00Z,True,True,fixed
2020-03-20,7903,7905.25,6810,6920.25,5311,0,2020-03-15T22:00:00Z,2020-03-20T20:59:00Z,False,False,fixed
2020-03-27,6798,7893.5,6628.75,7561,6754,0,2020-03-22T22:00:00Z,2020-03-27T20:59:00Z,True,True,fixed
2020-04-03,7395.75,7995,7365,7522,6828,0,2020-03-29T22:00:00Z,2020-04-03T20:59:00Z,True,True,fixed
2020-04-10,7535.75,8326.25,7535.5,8238.75,5460,0,2020-04-05T22:00:00Z,2020-04-09T20:59:00Z,False,False,fixed
2020-04-17,8296,8966.75,8073.25,8812,6825,0,2020-04-12T22:00:00Z,2020-04-17T20:59:00Z,True,True,fixed
2020-04-24,8799.5,8846,8342,8763.75,6825,0,2020-04-19T22:00:00Z,2020-04-24T20:59:00Z,True,True,fixed
2020-05-01,8766,9144.75,8654.5,8702,6825,0,2020-04-26T22:00:00Z,2020-05-01T20:59:00Z,True,True,fixed
2020-05-08,8624,9238,8556.25,9222.5,6825,0,2020-05-03T22:00:00Z,2020-05-08T20:59:00Z,True,True,fixed
2020-05-15,9194.75,9345.5,8847,9117.5,6825,0,2020-05-10T22:00:00Z,2020-05-15T20:59:00Z,True,True,fixed
2020-05-22,9135,9510.75,9110.25,9421.5,6825,0,2020-05-17T22:00:00Z,2020-05-22T20:59:00Z,True,True,fixed
2020-05-29,9396.25,9604,9172.5,9586.75,6599,0,2020-05-24T22:00:00Z,2020-05-29T20:59:00Z,True,True,fixed
2020-06-05,9513,9846.25,9450.25,9807.75,6825,0,2020-05-31T22:00:00Z,2020-06-05T20:59:00Z,True,True,fixed
2020-06-12,9819,10155.5,9494.75,9645,6825,0,2020-06-07T22:00:00Z,2020-06-12T20:59:00Z,True,True,fixed
2020-06-19,9536.75,10112.5,9381.75,9925,6824,0,2020-06-14T22:00:00Z,2020-06-19T20:59:00Z,True,True,fixed
2020-06-26,9868,10296.25,9824.25,9844.75,6825,0,2020-06-21T22:00:00Z,2020-06-26T20:59:00Z,True,True,fixed
2020-07-03,9785.5,10422.25,9728.75,10326,6481,0,2020-06-28T22:00:00Z,2020-07-03T16:59:00Z,True,True,fixed
2020-07-10,10347.25,10847.5,10341.5,10843.75,6825,0,2020-07-05T22:00:00Z,2020-07-10T20:59:00Z,True,True,fixed
2020-07-17,10848.25,11058.5,10358.75,10622.5,6825,0,2020-07-12T22:00:00Z,2020-07-17T20:59:00Z,True,True,fixed
2020-07-24,10621.25,11058,10301,10460.75,6825,0,2020-07-19T22:00:00Z,2020-07-24T20:59:00Z,True,True,fixed
2020-07-31,10490,10939,10401,10914.25,6825,0,2020-07-26T22:00:00Z,2020-07-31T20:59:00Z,True,True,fixed
2020-08-07,10933.25,11283.25,10876.25,11131.5,6822,0,2020-08-02T22:00:00Z,2020-08-07T20:59:00Z,True,True,fixed
2020-08-14,11140.25,11266,10845.5,11147.25,6825,0,2020-08-09T22:00:00Z,2020-08-14T20:59:00Z,True,True,fixed
2020-08-21,11145,11573.5,11142.25,11561.75,6823,0,2020-08-16T22:00:00Z,2020-08-21T20:59:00Z,True,True,fixed
2020-08-28,11581,12046,11528.25,12002,6824,0,2020-08-23T22:00:00Z,2020-08-28T20:59:00Z,True,True,fixed
2020-09-04,12002.75,12465.25,11142,11538.25,6825,0,2020-08-30T22:00:00Z,2020-09-04T20:59:00Z,True,True,fixed
2020-09-11,11531,11585,10935.25,11071,6600,0,2020-09-06T22:00:00Z,2020-09-11T20:59:00Z,True,True,fixed
2020-09-18,11104,11539,10742,10938.5,6822,0,2020-09-13T22:00:00Z,2020-09-18T20:59:00Z,True,True,fixed
2020-09-25,10920,11222,10656.5,11135,6825,0,2020-09-20T22:00:00Z,2020-09-25T20:59:00Z,True,True,fixed
2020-10-02,11145,11604.75,11140.25,11251.5,6825,0,2020-09-27T22:00:00Z,2020-10-02T20:59:00Z,True,True,fixed
2020-10-09,11308.5,11739,11197.5,11727.75,6825,0,2020-10-04T22:00:00Z,2020-10-09T20:59:00Z,True,True,fixed
2020-10-16,11722.75,12249,11687.75,11795.25,6825,0,2020-10-11T22:00:00Z,2020-10-16T20:59:00Z,True,True,fixed
2020-10-23,11816.75,11950.5,11511,11669.25,6825,0,2020-10-18T22:00:00Z,2020-10-23T20:59:00Z,True,True,fixed
2020-10-30,11634,11695.5,10944.5,11089,6824,0,2020-10-25T22:00:00Z,2020-10-30T20:59:00Z,True,True,fixed
2020-11-06,11034.5,12119.5,10942.25,12094.5,6824,0,2020-11-01T23:00:00Z,2020-11-06T21:59:00Z,True,True,fixed
2020-11-13,12139.25,12408.75,11503.25,11945.25,6824,0,2020-11-08T23:00:00Z,2020-11-13T21:59:00Z,True,True,fixed
2020-11-20,11957.25,12096.25,11804.5,11908,6825,0,2020-11-15T23:00:00Z,2020-11-20T21:59:00Z,True,True,fixed
2020-11-27,11894,12307.5,11808.25,12273.25,6390,0,2020-11-22T23:00:00Z,2020-11-27T18:14:00Z,True,True,fixed
2020-12-04,12286.5,12540.25,12086,12509.25,6825,0,2020-11-29T23:00:00Z,2020-12-04T21:59:00Z,True,True,fixed
2020-12-11,12525,12675,12218.25,12365.5,6825,0,2020-12-06T23:00:00Z,2020-12-11T21:59:00Z,True,True,fixed
2020-12-18,12405.5,12789.75,12386.5,12748.5,6825,0,2020-12-13T23:00:00Z,2020-12-18T21:59:00Z,True,True,fixed
2020-12-25,12760,12782.5,12461,12703,5250,0,2020-12-20T23:00:00Z,2020-12-24T18:14:00Z,False,False,fixed
2021-01-01,12676.25,12918.25,12655.25,12883,5460,0,2020-12-27T23:00:00Z,2020-12-31T21:59:00Z,False,False,fixed
2021-01-08,12889,13125,12491.25,13123.25,6825,0,2021-01-03T23:00:00Z,2021-01-08T21:59:00Z,True,True,fixed
2021-01-15,13093.25,13105.25,12743.5,12759,6825,0,2021-01-10T23:00:00Z,2021-01-15T21:59:00Z,True,True,fixed
2021-01-22,12774.25,13423.5,12727,13355.25,6600,0,2021-01-17T23:00:00Z,2021-01-22T21:59:00Z,True,True,fixed
2021-01-29,13370,13599.75,12829,12870.5,6824,0,2021-01-24T23:00:00Z,2021-01-29T21:59:00Z,True,True,fixed
2021-02-05,12849,13638.5,12727.25,13603.5,6825,0,2021-01-31T23:00:00Z,2021-02-05T21:59:00Z,True,True,fixed
2021-02-12,13623.75,13820.75,13516.75,13820.75,6824,0,2021-02-07T23:00:00Z,2021-02-12T21:59:00Z,True,True,fixed
2021-02-19,13829.5,13900.5,13468,13573,6599,0,2021-02-14T23:00:00Z,2021-02-19T21:59:00Z,True,True,fixed
2021-02-26,13585,13629,12662.25,12905.75,6825,0,2021-02-21T23:00:00Z,2021-02-26T21:59:00Z,True,True,fixed
2021-03-05,12957.5,13328.25,12207.25,12652.5,6825,0,2021-02-28T23:00:00Z,2021-03-05T21:59:00Z,True,True,fixed
2021-03-12,12715,13119.25,12281.75,12936.25,6825,0,2021-03-07T23:00:00Z,2021-03-12T21:59:00Z,True,True,fixed
2021-03-19,12950,13298,12681.75,12825.5,6824,0,2021-03-14T22:00:00Z,2021-03-19T20:59:00Z,True,True,fixed
2021-03-26,12807,13172,12609.75,12959,6824,0,2021-03-21T22:00:00Z,2021-03-26T20:59:00Z,True,True,fixed
2021-04-02,12975.75,13393,12776.5,13344.25,6369,0,2021-03-28T22:00:00Z,2021-04-02T13:14:00Z,True,True,fixed
2021-04-09,13339,13841.75,13304.25,13811,6825,0,2021-04-04T22:00:00Z,2021-04-09T20:59:00Z,True,True,fixed
2021-04-16,13817.75,14059.5,13732,14024,6825,0,2021-04-11T22:00:00Z,2021-04-16T20:59:00Z,True,True,fixed
2021-04-23,13989,14052.25,13700.5,13903.5,6825,0,2021-04-18T22:00:00Z,2021-04-23T20:59:00Z,True,True,fixed
2021-04-30,13919.75,14064,13818.5,13865.25,6825,0,2021-04-25T22:00:00Z,2021-04-30T20:59:00Z,True,True,fixed
2021-05-07,13880.25,13947.5,13380.75,13715.5,6824,0,2021-05-02T22:00:00Z,2021-05-07T20:59:00Z,True,True,fixed
2021-05-14,13718,13752,12915,13398,6825,0,2021-05-09T22:00:00Z,2021-05-14T20:59:00Z,True,True,fixed
2021-05-21,13380.25,13570,12954.25,13414,6824,0,2021-05-16T22:00:00Z,2021-05-21T20:59:00Z,True,True,fixed
2021-05-28,13383.25,13763.5,13356.5,13686.5,6825,0,2021-05-23T22:00:00Z,2021-05-28T20:59:00Z,True,True,fixed
2021-06-04,13699,13783.75,13462.25,13763.25,6595,0,2021-05-30T22:00:00Z,2021-06-04T20:59:00Z,True,True,fixed
2021-06-11,13773.25,13997.75,13691.5,13992.75,6824,0,2021-06-06T22:00:00Z,2021-06-11T20:59:00Z,True,True,fixed
2021-06-18,13999,14204.75,13830.25,14017.75,6811,0,2021-06-13T22:00:00Z,2021-06-18T20:59:00Z,True,True,fixed
2021-06-25,14022.75,14422,13958.5,14331,6824,0,2021-06-20T22:00:00Z,2021-06-25T20:59:00Z,True,True,fixed
2021-07-02,14350,14729,14333.25,14701,6900,0,2021-06-27T22:00:00Z,2021-07-02T20:59:00Z,True,True,fixed
2021-07-09,14704.25,14883.75,14540.5,14814.25,6660,0,2021-07-04T22:00:00Z,2021-07-09T20:59:00Z,True,True,fixed
2021-07-16,14824,14996,14656,14668.5,6898,0,2021-07-11T22:00:00Z,2021-07-16T20:59:00Z,True,True,fixed
2021-07-23,14675,15117.25,14445,15091.25,6900,0,2021-07-18T22:00:00Z,2021-07-23T20:59:00Z,True,True,fixed
2021-07-30,15098,15134,14774.25,14966.5,6898,0,2021-07-25T22:00:00Z,2021-07-30T20:59:00Z,True,True,fixed
2021-08-06,14972.75,15172.5,14849,15092.75,6900,0,2021-08-01T22:00:00Z,2021-08-06T20:59:00Z,True,True,fixed
2021-08-13,15090.25,15157.25,14941.25,15122,6899,0,2021-08-08T22:00:00Z,2021-08-13T20:59:00Z,True,True,fixed
2021-08-20,15119.25,15139,14710.5,15095,6900,0,2021-08-15T22:00:00Z,2021-08-20T20:59:00Z,True,True,fixed
2021-08-27,15090,15443.75,15086.5,15428.25,6900,0,2021-08-22T22:00:00Z,2021-08-27T20:59:00Z,True,True,fixed
2021-09-03,15432.75,15699,15420,15655,6900,0,2021-08-29T22:00:00Z,2021-09-03T20:59:00Z,True,True,fixed
2021-09-10,15656,15708.75,15433.5,15447.75,6654,0,2021-09-05T22:00:00Z,2021-09-10T20:59:00Z,True,True,fixed
2021-09-17,15452.5,15565,15276.25,15282.75,6892,0,2021-09-12T22:00:00Z,2021-09-17T20:59:00Z,True,True,fixed
2021-09-24,15284,15347,14807.5,15319,6900,0,2021-09-19T22:00:00Z,2021-09-24T20:59:00Z,True,True,fixed
2021-10-01,15319,15399.25,14537,14777.25,6900,0,2021-09-26T22:00:00Z,2021-10-01T20:59:00Z,True,True,fixed
2021-10-08,14785,15001.25,14367.75,14805.5,6900,0,2021-10-03T22:00:00Z,2021-10-08T20:59:00Z,True,True,fixed
2021-10-15,14810.25,15145,14585.5,15144.25,6899,0,2021-10-10T22:00:00Z,2021-10-15T20:59:00Z,True,True,fixed
2021-10-22,15145,15483.75,15038.75,15324,6900,0,2021-10-17T22:00:00Z,2021-10-22T20:59:00Z,True,True,fixed
2021-10-29,15324.25,15864.75,15295.75,15864,6900,0,2021-10-24T22:00:00Z,2021-10-29T20:59:00Z,True,True,fixed
2021-11-05,15885.25,16448.5,15768.5,16344.75,6899,0,2021-10-31T22:00:00Z,2021-11-05T20:59:00Z,True,True,fixed
2021-11-12,16293,16394,15896.5,16200,6899,0,2021-11-07T23:00:00Z,2021-11-12T21:59:00Z,True,True,fixed
2021-11-19,16212.25,16628.5,16082.25,16588.25,6900,0,2021-11-14T23:00:00Z,2021-11-19T21:59:00Z,True,True,fixed
2021-11-26,16600.25,16767.5,15988,16043.5,6435,0,2021-11-21T23:00:00Z,2021-11-26T18:14:00Z,True,True,fixed
2021-12-03,16046.5,16456.25,15538,15687.5,6900,0,2021-11-28T23:00:00Z,2021-12-03T21:59:00Z,True,True,fixed
2021-12-10,15716.25,16436.75,15559.25,16322.5,6898,0,2021-12-05T23:00:00Z,2021-12-10T21:59:00Z,True,True,fixed
2021-12-17,16321.75,16457,15651.75,15828.5,6897,0,2021-12-12T23:00:00Z,2021-12-17T21:59:00Z,True,True,fixed
2021-12-24,15809.5,16356,15492,16303,5518,0,2021-12-19T23:00:00Z,2021-12-23T21:59:00Z,False,False,fixed
2021-12-31,16304.25,16659.5,16304.25,16331.5,6900,0,2021-12-26T23:00:00Z,2021-12-31T21:59:00Z,True,True,fixed
2022-01-07,16356,16564,15510,15570.25,6898,0,2022-01-02T23:00:00Z,2022-01-07T21:59:00Z,True,True,fixed
2022-01-14,15590,16009.25,15152.5,15616.75,6900,0,2022-01-09T23:00:00Z,2022-01-14T21:59:00Z,True,True,fixed
2022-01-21,15616.75,15653.25,14408.5,14411,6660,0,2022-01-16T23:00:00Z,2022-01-21T21:59:00Z,True,True,fixed
2022-01-28,14410,14639.75,13706,14430.25,6900,0,2022-01-23T23:00:00Z,2022-01-28T21:59:00Z,True,True,fixed
2022-02-04,14454,15260,14353.25,14645,6900,0,2022-01-30T23:00:00Z,2022-02-04T21:59:00Z,True,True,fixed
2022-02-11,14682.5,15068,14181,14256.75,6900,0,2022-02-06T23:00:00Z,2022-02-11T21:59:00Z,True,True,fixed
2022-02-18,14250,14668.5,13906.25,13993.75,6899,0,2022-02-13T23:00:00Z,2022-02-18T21:59:00Z,True,True,fixed
2022-02-25,13952.75,14196.25,13025.75,14187.75,6660,0,2022-02-20T23:00:00Z,2022-02-25T21:59:00Z,True,True,fixed
2022-03-04,13900.25,14391,13683,13798.75,6900,0,2022-02-27T23:00:00Z,2022-03-04T21:59:00Z,True,True,fixed
2022-03-11,13763.5,13879.75,13103.25,13301.75,6900,0,2022-03-06T23:00:00Z,2022-03-11T21:59:00Z,True,True,fixed
2022-03-18,13362,14442.75,12944,14435.25,6900,0,2022-03-13T22:00:00Z,2022-03-18T20:59:00Z,True,True,fixed
2022-03-25,14404,14840.5,14183.75,14752.5,6900,0,2022-03-20T22:00:00Z,2022-03-25T20:59:00Z,True,True,fixed
2022-04-01,14756,15268.75,14658.75,14852.25,6900,0,2022-03-27T22:00:00Z,2022-04-01T20:59:00Z,True,True,fixed
2022-04-08,14846,15198,14310.5,14328,6899,0,2022-04-03T22:00:00Z,2022-04-08T20:59:00Z,True,True,fixed
2022-04-15,14345,14382,13876.5,13892.25,5520,0,2022-04-10T22:00:00Z,2022-04-14T20:59:00Z,False,False,fixed
2022-04-22,13892,14298,13297,13315.5,6900,0,2022-04-17T22:00:00Z,2022-04-22T20:59:00Z,True,True,fixed
2022-04-29,13334.25,13583.75,12801.5,12890.5,6900,0,2022-04-24T22:00:00Z,2022-04-29T20:59:00Z,True,True,fixed
2022-05-06,12892.25,13555.25,12519,12663.5,6900,0,2022-05-01T22:00:00Z,2022-05-06T20:59:00Z,True,True,fixed
2022-05-13,12605,12637.25,11689,12364,6900,0,2022-05-08T22:00:00Z,2022-05-13T20:59:00Z,True,True,fixed
2022-05-20,12409,12594,11491.25,11838,6900,0,2022-05-15T22:00:00Z,2022-05-20T20:59:00Z,True,True,fixed
2022-05-27,11866,12720.25,11576.25,12717.5,6899,0,2022-05-22T22:00:00Z,2022-05-27T20:59:00Z,True,True,fixed
2022-06-03,12705.25,12945.25,12442.5,12549.5,6660,0,2022-05-29T22:00:00Z,2022-06-03T20:59:00Z,True,True,fixed
2022-06-10,12549.75,12810,11823,11858.75,6899,0,2022-06-05T22:00:00Z,2022-06-10T20:59:00Z,True,True,fixed
2022-06-17,11768,11794.25,11068.5,11307.75,6900,0,2022-06-12T22:00:00Z,2022-06-17T20:59:00Z,True,True,fixed
2022-06-24,11332.5,12148.5,11273.75,12132.75,6660,0,2022-06-19T22:00:00Z,2022-06-24T20:59:00Z,True,True,fixed
2022-07-01,12137.5,12262,11351,11610.5,6900,0,2022-06-26T22:00:00Z,2022-07-01T20:59:00Z,True,True,fixed
2022-07-08,11606,12211,11389.25,12160.25,6660,0,2022-07-03T22:00:00Z,2022-07-08T20:59:00Z,True,True,fixed
2022-07-15,12149.75,12149.75,11479.25,12019.25,6900,0,2022-07-10T22:00:00Z,2022-07-15T20:59:00Z,True,True,fixed
2022-07-22,12043.5,12698.5,11857,12429,6900,0,2022-07-17T22:00:00Z,2022-07-22T20:59:00Z,True,True,fixed
2022-07-29,12444.5,13012,12072,12977,6899,0,2022-07-24T22:00:00Z,2022-07-29T20:59:00Z,True,True,fixed
2022-08-05,12981,13384.5,12814.75,13216.5,6900,0,2022-07-31T22:00:00Z,2022-08-05T20:59:00Z,True,True,fixed
2022-08-12,13227.75,13583.25,12963.25,13580,6900,0,2022-08-07T22:00:00Z,2022-08-12T20:59:00Z,True,True,fixed
2022-08-19,13571.5,13740.75,13228.75,13250,6898,0,2022-08-14T22:00:00Z,2022-08-19T20:59:00Z,True,True,fixed
2022-08-26,13226.5,13226.5,12557.5,12559,6900,0,2022-08-21T22:00:00Z,2022-08-26T20:59:00Z,True,True,fixed
2022-09-02,12485,12658.25,12017.75,12130.25,6900,0,2022-08-28T22:00:00Z,2022-09-02T20:59:00Z,True,True,fixed
2022-09-09,12110.5,12613.75,11921.5,12590.5,6660,0,2022-09-04T22:00:00Z,2022-09-09T20:59:00Z,True,True,fixed
2022-09-16,12626,12889,11778.5,11960.75,6900,0,2022-09-11T22:00:00Z,2022-09-16T20:59:00Z,True,True,fixed
2022-09-23,11920,12140.5,11229,11388,6900,0,2022-09-18T22:00:00Z,2022-09-23T20:59:00Z,True,True,fixed
2022-09-30,11362.5,11613.5,11024.25,11058.25,6900,0,2022-09-25T22:00:00Z,2022-09-30T20:59:00Z,True,True,fixed
2022-10-07,11030,11729.75,10890.75,11096.25,6900,0,2022-10-02T22:00:00Z,2022-10-07T20:59:00Z,True,True,fixed
2022-10-14,11067.75,11253.5,10484.75,10746.25,6899,0,2022-10-09T22:00:00Z,2022-10-14T20:59:00Z,True,True,fixed
2022-10-21,10720,11431.75,10713,11378,6900,0,2022-10-16T22:00:00Z,2022-10-21T20:59:00Z,True,True,fixed
2022-10-28,11393.75,11734,10921.5,11625.5,6900,0,2022-10-23T22:00:00Z,2022-10-28T20:59:00Z,True,True,fixed
2022-11-04,11592.5,11619,10636,10871.25,6900,0,2022-10-30T22:00:00Z,2022-11-04T20:59:00Z,True,True,fixed
2022-11-11,10786.5,11876.75,10751,11836.25,6900,0,2022-11-06T23:00:00Z,2022-11-11T21:59:00Z,True,True,fixed
2022-11-18,11791,12118.75,11528.25,11711,6900,0,2022-11-13T23:00:00Z,2022-11-18T21:59:00Z,True,True,fixed
2022-11-25,11723,11933,11526.5,11786.75,6431,0,2022-11-20T23:00:00Z,2022-11-25T18:14:00Z,True,True,fixed
2022-12-02,11731.25,12145,11465,11979,6900,0,2022-11-27T23:00:00Z,2022-12-02T21:59:00Z,True,True,fixed
2022-12-09,12000.5,12015.75,11422.5,11553,6900,0,2022-12-04T23:00:00Z,2022-12-09T21:59:00Z,True,True,fixed
2022-12-16,11553,12229.5,11275.5,11320,6899,0,2022-12-11T23:00:00Z,2022-12-16T21:59:00Z,True,True,fixed
2022-12-23,11328.75,11411,10870.5,11067,6899,0,2022-12-18T23:00:00Z,2022-12-23T21:59:00Z,True,True,fixed
2022-12-30,11104,11183.75,10758.75,11041.75,5517,0,2022-12-26T23:00:00Z,2022-12-30T21:59:00Z,False,False,fixed
2023-01-06,11122.5,11182,10751,11108.75,5520,0,2023-01-02T23:00:00Z,2023-01-06T21:59:00Z,False,False,fixed
2023-01-13,11126.5,11619.5,11094,11601.5,6898,0,2023-01-08T23:00:00Z,2023-01-13T21:59:00Z,True,True,fixed
2023-01-20,11613.5,11759.5,11308.5,11677.75,6659,0,2023-01-15T23:00:00Z,2023-01-20T21:59:00Z,True,True,fixed
2023-01-27,11676.75,12308.5,11604.5,12221,6899,0,2023-01-22T23:00:00Z,2023-01-27T21:59:00Z,True,True,fixed
2023-02-03,12212.5,12949.75,11871,12616.5,6900,0,2023-01-29T23:00:00Z,2023-02-03T21:59:00Z,True,True,fixed
2023-02-10,12572,12818.5,12243.25,12342,6899,0,2023-02-05T23:00:00Z,2023-02-10T21:59:00Z,True,True,fixed
2023-02-17,12357.5,12792.75,12265.25,12384,6900,0,2023-02-12T23:00:00Z,2023-02-17T21:59:00Z,True,True,fixed
2023-02-24,12380,12417.75,11923,11999.75,6658,0,2023-02-19T23:00:00Z,2023-02-24T21:59:00Z,True,True,fixed
2023-03-03,12003,12329,11832.5,12324.5,6899,0,2023-02-26T23:00:00Z,2023-03-03T21:59:00Z,True,True,fixed
2023-03-10,12306.25,12486.25,11795,11892.5,6899,0,2023-03-05T23:00:00Z,2023-03-10T21:59:00Z,True,True,fixed
2023-03-17,11894.75,12811.25,11674.25,12648.5,6898,0,2023-03-12T22:00:00Z,2023-03-17T20:59:00Z,True,True,fixed
2023-03-24,12690,13082,12525.25,12922.75,6900,0,2023-03-19T22:00:00Z,2023-03-24T20:59:00Z,True,True,fixed
2023-03-31,12916,13311.5,12634.25,13308,6900,0,2023-03-26T22:00:00Z,2023-03-31T20:59:00Z,True,True,fixed
2023-04-07,13262,13348.75,12953.25,13184.25,6432,0,2023-04-02T22:00:00Z,2023-04-07T13:14:00Z,True,True,fixed
2023-04-14,13179.75,13255,12925.5,13199.5,6899,0,2023-04-09T22:00:00Z,2023-04-14T20:59:00Z,True,True,fixed
2023-04-21,13212.5,13298.75,12982.5,13076,6898,0,2023-04-16T22:00:00Z,2023-04-21T20:59:00Z,True,True,fixed
2023-04-28,13070,13336,12800,13325.75,6900,0,2023-04-23T22:00:00Z,2023-04-28T20:59:00Z,True,True,fixed
2023-05-05,13317,13370.25,13001.75,13310.5,6899,0,2023-04-30T22:00:00Z,2023-05-05T20:59:00Z,True,True,fixed
2023-05-12,13316,13494.25,13202.75,13370.5,6898,0,2023-05-07T22:00:00Z,2023-05-12T20:59:00Z,True,True,fixed
2023-05-19,13378.75,13960.25,13350,13841,6900,0,2023-05-14T22:00:00Z,2023-05-19T20:59:00Z,True,True,fixed
2023-05-26,13805.5,14369,13566.5,14367.25,6900,0,2023-05-21T22:00:00Z,2023-05-26T20:59:00Z,True,True,fixed
2023-06-02,14437.5,14627.75,14248.25,14587.75,6660,0,2023-05-28T22:00:00Z,2023-06-02T20:59:00Z,True,True,fixed
2023-06-09,14577,14694.75,14256.75,14566.25,6898,0,2023-06-04T22:00:00Z,2023-06-09T20:59:00Z,True,True,fixed
2023-06-16,14560.25,15475.5,14554.25,15300.75,6894,0,2023-06-11T22:00:00Z,2023-06-16T20:59:00Z,True,True,fixed
2023-06-23,15303.25,15322.5,14964,15053.25,6658,0,2023-06-18T22:00:00Z,2023-06-23T20:59:00Z,True,True,fixed
2023-06-30,15057.75,15376.75,14853.5,15316.5,6898,0,2023-06-25T22:00:00Z,2023-06-30T20:59:00Z,True,True,fixed
2023-07-07,15331,15432,15111.5,15192.5,6431,0,2023-07-02T22:00:00Z,2023-07-07T20:59:00Z,True,True,fixed
2023-07-14,15198.5,15857.25,15063.25,15693.75,6899,0,2023-07-09T22:00:00Z,2023-07-14T20:59:00Z,True,True,fixed
2023-07-21,15690,16062.75,15522.25,15555,6900,0,2023-07-16T22:00:00Z,2023-07-21T20:59:00Z,True,True,fixed
2023-07-28,15556,15904,15483.75,15846,6899,0,2023-07-23T22:00:00Z,2023-07-28T20:59:00Z,True,True,fixed
2023-08-04,15850,15917,15336.5,15362.75,6900,0,2023-07-30T22:00:00Z,2023-08-04T20:59:00Z,True,True,fixed
2023-08-11,15370.5,15497.75,15037.25,15103.75,6900,0,2023-08-06T22:00:00Z,2023-08-11T20:59:00Z,True,True,fixed
2023-08-18,15104,15335,14609.25,14744,6900,0,2023-08-13T22:00:00Z,2023-08-18T20:59:00Z,True,True,fixed
2023-08-25,14762.5,15418,14720.5,14972.25,6900,0,2023-08-20T22:00:00Z,2023-08-25T20:59:00Z,True,True,fixed
2023-09-01,14991,15661.25,14973.5,15511.25,6898,0,2023-08-27T22:00:00Z,2023-09-01T20:59:00Z,True,True,fixed
2023-09-08,15517,15586.75,15157.5,15313,6658,0,2023-09-03T22:00:00Z,2023-09-08T20:59:00Z,True,True,fixed
2023-09-15,15308,15719.75,15288.75,15383,6897,0,2023-09-10T22:00:00Z,2023-09-15T20:59:00Z,True,True,fixed
2023-09-22,15382.25,15461,14836.25,14876.25,6898,0,2023-09-17T22:00:00Z,2023-09-22T20:59:00Z,True,True,fixed
2023-09-29,14880.25,15060.75,14586,14891.5,6899,0,2023-09-24T22:00:00Z,2023-09-29T20:59:00Z,True,True,fixed
2023-10-06,14965,15160.25,14589,15139.5,6900,0,2023-10-01T22:00:00Z,2023-10-06T20:59:00Z,True,True,fixed
2023-10-13,15040.25,15468.75,14949.5,15107.5,6900,0,2023-10-08T22:00:00Z,2023-10-13T20:59:00Z,True,True,fixed
2023-10-20,15120,15336.75,14645,14649,6900,0,2023-10-15T22:00:00Z,2023-10-20T20:59:00Z,True,True,fixed
2023-10-27,14680,14948.75,14140.25,14270,6900,0,2023-10-22T22:00:00Z,2023-10-27T20:59:00Z,True,True,fixed
2023-11-03,14336,15228.5,14303,15186.25,6900,0,2023-10-29T22:00:00Z,2023-11-03T20:59:00Z,True,True,fixed
2023-11-10,15187,15612.75,15138,15583,6900,0,2023-11-05T23:00:00Z,2023-11-10T21:59:00Z,True,True,fixed
2023-11-17,15586.25,16049.5,15465.25,15874.25,6900,0,2023-11-12T23:00:00Z,2023-11-17T21:59:00Z,True,True,fixed
2023-11-24,15895,16173.5,15837.25,16011,6434,0,2023-11-19T23:00:00Z,2023-11-24T18:14:00Z,True,True,fixed
2023-12-01,16008,16208.5,15856,16030.25,6900,0,2023-11-26T23:00:00Z,2023-12-01T21:59:00Z,True,True,fixed
2023-12-08,16022,16118.75,15721.25,16094,6900,0,2023-12-03T23:00:00Z,2023-12-08T21:59:00Z,True,True,fixed
2023-12-15,16093,16887.25,16045.5,16815,6898,0,2023-12-10T23:00:00Z,2023-12-15T21:59:00Z,True,True,fixed
2023-12-22,16820.25,17073.5,16758.5,16962.5,6900,0,2023-12-17T23:00:00Z,2023-12-22T21:59:00Z,True,True,fixed
2023-12-29,16964.5,17165.25,16938.25,17003.75,5520,0,2023-12-25T23:00:00Z,2023-12-29T21:59:00Z,False,False,fixed
2024-01-05,17019,17038.5,16334.25,16465,5520,0,2024-01-01T23:00:00Z,2024-01-05T21:59:00Z,False,False,fixed
2024-01-12,16470,17057,16378.25,16955.25,6899,0,2024-01-07T23:00:00Z,2024-01-12T21:59:00Z,True,True,fixed
2024-01-19,16961.75,17471.25,16689.25,17462.75,6660,0,2024-01-14T23:00:00Z,2024-01-19T21:59:00Z,True,True,fixed
2024-01-26,17466,17793.5,17409.5,17504.75,6900,0,2024-01-21T23:00:00Z,2024-01-26T21:59:00Z,True,True,fixed
2024-02-02,17502,17775.5,17221.5,17687,6899,0,2024-01-28T23:00:00Z,2024-02-02T21:59:00Z,True,True,fixed
2024-02-09,17696,18071,17554.25,18038.25,6899,0,2024-02-04T23:00:00Z,2024-02-09T21:59:00Z,True,True,fixed
2024-02-16,18040,18121.5,17542,17721.5,6893,0,2024-02-11T23:00:00Z,2024-02-16T21:59:00Z,True,True,fixed
2024-02-23,17729.25,18144.75,17372.75,17960.75,6660,0,2024-02-18T23:00:00Z,2024-02-23T21:59:00Z,True,True,fixed
2024-03-01,17961.5,18372.75,17826,18321,6900,0,2024-02-25T23:00:00Z,2024-03-01T21:59:00Z,True,True,fixed
2024-03-08,18336,18436.5,17832.5,18056,6900,0,2024-03-03T23:00:00Z,2024-03-08T21:59:00Z,True,True,fixed
2024-03-15,18056,18506.75,17890.5,18063.5,6887,0,2024-03-10T22:00:00Z,2024-03-15T20:59:00Z,True,True,fixed
2024-03-22,18073.5,18709,18053.25,18563.75,6900,0,2024-03-17T22:00:00Z,2024-03-22T20:59:00Z,True,True,fixed
2024-03-29,18567,18619,18378.5,18465,5520,0,2024-03-24T22:00:00Z,2024-03-28T20:59:00Z,False,False,fixed
2024-04-05,18503,18612,18051.5,18311,6900,0,2024-03-31T22:00:00Z,2024-04-05T20:59:00Z,True,True,fixed
2024-04-12,18348.25,18518.75,18053.5,18172.5,6898,0,2024-04-07T22:00:00Z,2024-04-12T20:59:00Z,True,True,fixed
2024-04-19,18151,18350.75,17113.25,17179.25,6900,0,2024-04-14T22:00:00Z,2024-04-19T20:59:00Z,True,True,fixed
2024-04-26,17228.25,17901.5,17148.5,17836.75,6900,0,2024-04-21T22:00:00Z,2024-04-26T20:59:00Z,True,True,fixed
2024-05-03,17864.75,18050.25,17386.25,18025.5,6899,0,2024-04-28T22:00:00Z,2024-05-03T20:59:00Z,True,True,fixed
2024-05-10,18047.5,18348,17983.75,18239.25,6895,0,2024-05-05T22:00:00Z,2024-05-10T20:59:00Z,True,True,fixed
2024-05-17,18238,18760.75,18165.5,18633.75,6899,0,2024-05-12T22:00:00Z,2024-05-17T20:59:00Z,True,True,fixed
2024-05-24,18633.5,19023.25,18621.5,18870.75,6898,0,2024-05-19T22:00:00Z,2024-05-24T20:59:00Z,True,True,fixed
2024-05-31,18874.75,18980.5,18241.25,18570.75,6660,0,2024-05-26T22:00:00Z,2024-05-31T20:59:00Z,True,True,fixed
2024-06-07,18590.25,19155,18435.75,19030.25,6899,0,2024-06-02T22:00:00Z,2024-06-07T20:59:00Z,True,True,fixed
2024-06-14,19025,19699.5,18974.25,19696.25,6899,0,2024-06-09T22:00:00Z,2024-06-14T20:59:00Z,True,True,fixed
2024-06-21,19695,20371,19640.5,20009.75,6656,0,2024-06-16T22:00:00Z,2024-06-21T20:59:00Z,True,True,fixed
2024-06-28,20014.75,20273.25,19726,19966.5,6900,0,2024-06-23T22:00:00Z,2024-06-28T20:59:00Z,True,True,fixed
2024-07-05,19970,20639.5,19811.75,20591.5,6431,0,2024-06-30T22:00:00Z,2024-07-05T20:59:00Z,True,True,fixed
2024-07-12,20591.5,20983.75,20335,20539.75,6899,0,2024-07-07T22:00:00Z,2024-07-12T20:59:00Z,True,True,fixed
2024-07-19,20580,20797,19654,19701.5,6900,0,2024-07-14T22:00:00Z,2024-07-19T20:59:00Z,True,True,fixed
2024-07-26,19749,20084.75,18883.25,19175.75,6900,0,2024-07-21T22:00:00Z,2024-07-26T20:59:00Z,True,True,fixed
2024-08-02,19171.75,19717,18385.75,18513.25,6898,0,2024-07-28T22:00:00Z,2024-08-02T20:59:00Z,True,True,fixed
2024-08-09,18390,18674.5,17351,18602.5,6900,0,2024-08-04T22:00:00Z,2024-08-09T20:59:00Z,True,True,fixed
2024-08-16,18590,19683,18515,19604,6900,0,2024-08-11T22:00:00Z,2024-08-16T20:59:00Z,True,True,fixed
2024-08-23,19629,20025.25,19525.25,19776.75,6898,0,2024-08-18T22:00:00Z,2024-08-23T20:59:00Z,True,True,fixed
2024-08-30,19787.75,19846.25,19140.25,19594.5,6899,0,2024-08-25T22:00:00Z,2024-08-30T20:59:00Z,True,True,fixed
2024-09-06,19599,19683,18339.75,18377.5,6659,0,2024-09-01T22:00:00Z,2024-09-06T20:59:00Z,True,True,fixed
2024-09-13,18400,19577.25,18386,19503.5,6899,0,2024-09-08T22:00:00Z,2024-09-13T20:59:00Z,True,True,fixed
2024-09-20,19498,20203,19299.25,20015.5,6878,0,2024-09-15T22:00:00Z,2024-09-20T20:59:00Z,True,True,fixed
2024-09-27,20040,20538,19953,20193,6900,0,2024-09-22T22:00:00Z,2024-09-27T20:59:00Z,True,True,fixed
2024-10-04,20198.5,20331.75,19818,20202.25,6900,0,2024-09-29T22:00:00Z,2024-10-04T20:59:00Z,True,True,fixed
2024-10-11,20220,20508.25,19902.5,20413.25,6900,0,2024-10-06T22:00:00Z,2024-10-11T20:59:00Z,True,True,fixed
2024-10-18,20432.5,20680,20206.25,20484.25,6899,0,2024-10-13T22:00:00Z,2024-10-18T20:59:00Z,True,True,fixed
2024-10-25,20496.25,20707.25,20079,20476,6899,0,2024-10-20T22:00:00Z,2024-10-25T20:59:00Z,True,True,fixed
2024-11-01,20525.5,20788.5,20008.5,20170.25,6900,0,2024-10-27T22:00:00Z,2024-11-01T20:59:00Z,True,True,fixed
2024-11-08,20138,21265,20013,21226.75,6900,0,2024-11-03T23:00:00Z,2024-11-08T21:59:00Z,True,True,fixed
2024-11-15,21249.75,21340.75,20405.25,20503.25,6900,0,2024-11-10T23:00:00Z,2024-11-15T21:59:00Z,True,True,fixed
2024-11-22,20504,20905.75,20382.5,20878.75,6900,0,2024-11-17T23:00:00Z,2024-11-22T21:59:00Z,True,True,fixed
2024-11-29,20935,21081,20675,20991.25,6435,0,2024-11-24T23:00:00Z,2024-11-29T18:14:00Z,True,True,fixed
2024-12-06,20995.25,21669.25,20940,21634,6899,0,2024-12-01T23:00:00Z,2024-12-06T21:59:00Z,True,True,fixed
2024-12-13,21649,21908,21352.75,21760.5,6899,0,2024-12-08T23:00:00Z,2024-12-13T21:59:00Z,True,True,fixed
2024-12-20,21780.25,22152.5,21006.5,21552.5,6896,0,2024-12-15T23:00:00Z,2024-12-20T21:59:00Z,True,True,fixed
2024-12-27,21566,22111.25,21476.75,21719.75,5294,0,2024-12-22T23:00:00Z,2024-12-27T21:59:00Z,False,False,fixed
2025-01-03,21711,21742.75,20983.75,21493,5519,0,2024-12-29T23:00:00Z,2025-01-03T21:59:00Z,False,False,fixed
2025-01-10,21532.25,21896.75,20874.75,20997.75,6450,0,2025-01-05T23:00:00Z,2025-01-10T21:59:00Z,True,True,fixed
2025-01-17,21027.5,21682.5,20694,21589,6900,0,2025-01-12T23:00:00Z,2025-01-17T21:59:00Z,True,True,fixed
2025-01-24,21600,22093.5,21377.75,21907.75,6660,0,2025-01-19T23:00:00Z,2025-01-24T21:59:00Z,True,True,fixed
2025-01-31,21771,21966,20763.75,21571,6900,0,2025-01-26T23:00:00Z,2025-01-31T21:59:00Z,True,True,fixed
2025-02-07,21200,21968,20943,21575.25,6900,0,2025-02-02T23:00:00Z,2025-02-07T21:59:00Z,True,True,fixed
2025-02-14,21463.25,22225,21418,22203.5,6899,0,2025-02-09T23:00:00Z,2025-02-14T21:59:00Z,True,True,fixed
2025-02-21,22235.75,22319.75,21652.75,21660,6660,0,2025-02-16T23:00:00Z,2025-02-21T21:59:00Z,True,True,fixed
2025-02-28,21700.75,21813,20460.5,20909,6899,0,2025-02-23T23:00:00Z,2025-02-28T21:59:00Z,True,True,fixed
2025-03-07,21005.25,21121,19765.5,20207.25,6900,0,2025-03-02T23:00:00Z,2025-03-07T21:59:00Z,True,True,fixed
2025-03-14,20147,20156.5,19139.25,19667.5,6900,0,2025-03-09T22:00:00Z,2025-03-14T20:59:00Z,True,True,fixed
2025-03-21,19668.25,20105,19397.75,19970.75,6895,0,2025-03-16T22:00:00Z,2025-03-21T20:59:00Z,True,True,fixed
2025-03-28,20050.5,20536.75,19357.5,19361,6900,0,2025-03-23T22:00:00Z,2025-03-28T20:59:00Z,True,True,fixed
2025-04-04,19319.75,20044.25,17387.5,17483.25,6897,0,2025-03-30T22:00:00Z,2025-04-04T20:59:00Z,True,True,fixed
2025-04-11,17100,19386.75,16460,18820.5,6900,0,2025-04-06T22:00:00Z,2025-04-11T20:59:00Z,True,True,fixed
2025-04-18,19225,19256,18116.25,18427.75,5520,0,2025-04-13T22:00:00Z,2025-04-17T20:59:00Z,False,False,fixed
2025-04-25,18306.25,19589,17700,19554.75,6900,0,2025-04-20T22:00:00Z,2025-04-25T20:59:00Z,True,True,fixed
2025-05-02,19524.5,20276.75,19103.75,20204.5,6900,0,2025-04-27T22:00:00Z,2025-05-02T20:59:00Z,True,True,fixed
2025-05-09,20181.5,20337.25,19678.75,20146.5,6900,0,2025-05-04T22:00:00Z,2025-05-09T20:59:00Z,True,True,fixed
2025-05-16,20398.5,21529.75,20376.75,21400.25,6900,0,2025-05-11T22:00:00Z,2025-05-16T20:59:00Z,True,True,fixed
2025-05-23,21310.75,21562.25,20727,20953.25,6900,0,2025-05-18T22:00:00Z,2025-05-23T20:59:00Z,True,True,fixed
2025-05-30,20978,21858.75,20954.25,21369,6660,0,2025-05-25T22:00:00Z,2025-05-30T20:59:00Z,True,True,fixed
2025-06-06,21303.75,21935,21163,21809.5,6900,0,2025-06-01T22:00:00Z,2025-06-06T20:59:00Z,True,True,fixed
2025-06-13,21799.25,22106,21471,21652,6900,0,2025-06-08T22:00:00Z,2025-06-13T20:59:00Z,True,True,fixed
2025-06-20,21554,22130.5,21501.75,21874,6653,0,2025-06-15T22:00:00Z,2025-06-20T20:59:00Z,True,True,fixed
2025-06-27,21648.25,22825.5,21566.75,22740.25,6900,0,2025-06-22T22:00:00Z,2025-06-27T20:59:00Z,True,True,fixed
2025-07-04,22751.5,23102.5,22582,22906.75,6434,0,2025-06-29T22:00:00Z,2025-07-04T16:59:00Z,True,True,fixed
2025-07-11,22970,23112,22779.75,22938,6898,0,2025-07-06T22:00:00Z,2025-07-11T20:59:00Z,True,True,fixed
2025-07-18,22860.75,23320.75,22803,23228.5,6900,0,2025-07-13T22:00:00Z,2025-07-18T20:59:00Z,True,True,fixed
2025-07-25,23232.5,23476,23108,23447.75,6900,0,2025-07-20T22:00:00Z,2025-07-25T20:59:00Z,True,True,fixed
2025-08-01,23520,23845,22775,22870,6899,0,2025-07-27T22:00:00Z,2025-08-01T20:59:00Z,True,True,fixed
2025-08-08,22850,23767.75,22821.75,23765.5,6900,0,2025-08-03T22:00:00Z,2025-08-08T20:59:00Z,True,True,fixed
2025-08-15,23764,24068.5,23587.5,23796.75,6899,0,2025-08-10T22:00:00Z,2025-08-15T20:59:00Z,True,True,fixed
2025-08-22,23795,23881.75,23035,23582.75,6899,0,2025-08-17T22:00:00Z,2025-08-22T20:59:00Z,True,True,fixed
2025-08-29,23602,23803.75,23371.5,23454.5,6900,0,2025-08-24T22:00:00Z,2025-08-29T20:59:00Z,True,True,fixed
2025-09-05,23479,23902,23025.25,23673.25,6660,0,2025-08-31T22:00:00Z,2025-09-05T20:59:00Z,True,True,fixed
2025-09-12,23673.5,24159,23650.25,24115.25,6899,0,2025-09-07T22:00:00Z,2025-09-12T20:59:00Z,True,True,fixed
2025-09-19,24115.25,24888,24003.75,24861,6869,0,2025-09-14T22:00:00Z,2025-09-19T20:59:00Z,True,True,fixed
2025-09-26,24850,25027.25,24422.5,24726.5,6899,0,2025-09-21T22:00:00Z,2025-09-26T20:59:00Z,True,True,fixed
2025-10-03,24726.5,25196.5,24633.25,24982,6900,0,2025-09-28T22:00:00Z,2025-10-03T20:59:00Z,True,True,fixed
2025-10-10,25000,25394,24158.5,24188,6900,0,2025-10-05T22:00:00Z,2025-10-10T20:59:00Z,True,True,fixed
2025-10-17,24542,25179.5,24410,25033.5,6900,0,2025-10-12T22:00:00Z,2025-10-17T20:59:00Z,True,True,fixed
2025-10-24,25065.75,25570.75,24804.75,25510.25,6900,0,2025-10-19T22:00:00Z,2025-10-24T20:59:00Z,True,True,fixed
2025-10-31,25723.5,26399,25700,25983,6900,0,2025-10-26T22:00:00Z,2025-10-31T20:59:00Z,True,True,fixed
2025-11-07,26028.25,26266,24709.25,25226.75,6900,0,2025-11-02T23:00:00Z,2025-11-07T21:59:00Z,True,True,fixed
2025-11-14,25320.75,25830,24626,25147.5,6900,0,2025-11-09T23:00:00Z,2025-11-14T21:59:00Z,True,True,fixed
2025-11-21,25142.25,25361.25,23904.5,24349,6900,0,2025-11-16T23:00:00Z,2025-11-21T21:59:00Z,True,True,fixed
2025-11-28,24455.75,25499.75,24361.75,25484.5,5788,0,2025-11-23T23:00:00Z,2025-11-28T18:14:00Z,False,False,fixed
2025-12-05,25482.5,25868,25193.25,25735,6900,0,2025-11-30T23:00:00Z,2025-12-05T21:59:00Z,True,True,fixed
2025-12-12,25750,25870.75,25118,25202.5,6900,0,2025-12-07T23:00:00Z,2025-12-12T21:59:00Z,True,True,fixed
2025-12-19,25223.5,25600.25,24828,25597.5,6894,0,2025-12-14T23:00:00Z,2025-12-19T21:59:00Z,True,True,fixed
2025-12-26,25635.25,25935.25,25608.25,25856,5289,0,2025-12-21T23:00:00Z,2025-12-26T21:59:00Z,False,False,fixed
2026-01-02,25863.25,25893.75,25265.25,25394.5,5520,0,2025-12-28T23:00:00Z,2026-01-02T21:59:00Z,False,False,fixed
2026-01-09,25431.75,25996.25,25406.5,25931.75,6899,0,2026-01-04T23:00:00Z,2026-01-09T21:59:00Z,True,True,fixed
2026-01-16,25949,26045.5,25420.75,25681.25,6900,0,2026-01-11T23:00:00Z,2026-01-16T21:59:00Z,True,True,fixed
2026-01-23,25471,25845.75,25025,25680.5,6660,0,2026-01-18T23:00:00Z,2026-01-23T21:59:00Z,True,True,fixed
2026-01-30,25585.5,26349,25365.25,25639.25,6900,0,2026-01-25T23:00:00Z,2026-01-30T21:59:00Z,True,True,fixed
2026-02-06,25530,26027.75,24239.75,25107.75,6900,0,2026-02-01T23:00:00Z,2026-02-06T21:59:00Z,True,True,fixed
2026-02-13,25153.75,25465.25,24578.75,24773.5,6900,0,2026-02-08T23:00:00Z,2026-02-13T21:59:00Z,True,True,fixed
2026-02-20,24789.75,25139.5,24449.25,25077.5,6658,0,2026-02-15T23:00:00Z,2026-02-20T21:59:00Z,True,True,fixed
2026-02-27,25033.75,25494.75,24668,24952.75,6900,0,2026-02-22T23:00:00Z,2026-02-27T21:59:00Z,True,True,fixed
2026-03-06,24682.5,25250,24352,24661.25,6900,0,2026-03-01T23:00:00Z,2026-03-06T21:59:00Z,True,True,fixed
2026-03-13,24435.25,25217.5,24000,24335.25,6900,0,2026-03-08T22:00:00Z,2026-03-13T20:59:00Z,True,True,fixed
2026-03-20,24285,25210.5,23971.25,24217.25,6887,0,2026-03-15T22:00:00Z,2026-03-20T20:59:00Z,True,True,fixed
2026-03-27,23902,24763,23232.5,23254.25,6900,0,2026-03-22T22:00:00Z,2026-03-27T20:59:00Z,True,True,fixed
2026-04-03,23189.5,24348.25,22961.5,24129.75,6429,0,2026-03-29T22:00:00Z,2026-04-03T13:14:00Z,True,True,fixed
2026-04-10,24093.5,25393,23941.5,25333,6900,0,2026-04-05T22:00:00Z,2026-04-10T20:59:00Z,True,True,fixed
2026-04-17,24980,26884.75,24904.5,26840.75,6900,0,2026-04-12T22:00:00Z,2026-04-17T20:59:00Z,True,True,fixed
2026-04-24,26599.75,27462.5,26535,27440.25,6899,0,2026-04-19T22:00:00Z,2026-04-24T20:59:00Z,True,True,fixed
2026-05-01,27403.25,27917,27009.5,27783.25,6900,0,2026-04-26T22:00:00Z,2026-05-01T20:59:00Z,True,True,fixed
2026-05-08,27890,29386.75,27613,29333.75,6900,0,2026-05-03T22:00:00Z,2026-05-08T20:59:00Z,True,True,fixed
2026-05-15,29294,29782,28742,29173,6900,0,2026-05-10T22:00:00Z,2026-05-15T20:59:00Z,True,True,fixed
2026-05-22,29135,29749,28663,29520.75,6900,0,2026-05-17T22:00:00Z,2026-05-22T20:59:00Z,True,True,fixed
2026-05-29,29676.25,30536,29676.25,30389.5,6660,0,2026-05-24T22:00:00Z,2026-05-29T20:59:00Z,True,True,fixed
2026-06-05,30415.5,30807.75,28781.25,28829.25,6900,0,2026-05-31T22:00:00Z,2026-06-05T20:59:00Z,True,True,fixed
2026-06-12,28844.5,29848.25,28227.75,29677.75,6900,0,2026-06-07T22:00:00Z,2026-06-12T20:59:00Z,True,True,fixed
2026-06-19,29907,30783.25,29907,30647,6647,0,2026-06-14T22:00:00Z,2026-06-19T16:59:00Z,True,True,fixed
2026-06-26,30577,30968,29160.5,29283,6900,0,2026-06-21T22:00:00Z,2026-06-26T20:59:00Z,True,True,fixed
2026-07-03,29282.5,30599.75,29273.75,29901.75,6659,0,2026-06-28T22:00:00Z,2026-07-03T16:59:00Z,True,True,fixed
2026-07-10,29930.25,30094,28909.75,30068.5,6900,0,2026-07-05T22:00:00Z,2026-07-10T20:59:00Z,True,True,fixed
2026-07-17,29952,30062.5,28408.25,28768.25,6900,0,2026-07-12T22:00:00Z,2026-07-17T20:59:00Z,True,True,fixed
2026-07-24,28747.75,29364.75,28212.5,28306.5,6900,0,2026-07-19T22:00:00Z,2026-07-24T20:59:00Z,True,True,fixed
2026-07-31,28500,28763.25,27201.5,28287,6900,0,2026-07-26T22:00:00Z,2026-07-31T20:59:00Z,True,True,fixed
2026-08-07,28565,30074,28313.5,29839.5,6900,0,2026-08-02T22:00:00Z,2026-08-07T20:59:00Z,True,True,fixed
2026-08-14,29851.25,30283,29533.5,30141.75,6870,0,2026-08-09T22:00:00Z,2026-08-14T20:59:00Z,True,True,mutable-or-mixed
2026-08-21,30192.25,30343,29202.75,29387.75,6849,0,2026-08-16T22:10:00Z,2026-08-21T20:59:00Z,True,True,mutable-or-mixed
2026-08-28,29321,29811.5,28946.75,29491.75,6841,0,2026-08-23T22:10:00Z,2026-08-28T20:59:00Z,True,True,mutable-or-mixed
2026-09-04,29457.25,29704.5,28927.25,29565.25,6848,0,2026-08-30T22:10:00Z,2026-09-04T20:59:00Z,True,True,mutable-or-mixed
