week,open,high,low,close,source_rows,bad_hlc,bad_ohlc,first_date,last_date,null_rows,valid_hlc,valid_ohlc
2000-01-07,460,474,446,462,4,0,0,2000-01-04,2000-01-07,0,False,False
2000-01-14,472,544,460,530,4,0,0,2000-01-10,2000-01-14,1,True,True
2000-01-21,546,610,542,578,5,0,0,2000-01-17,2000-01-21,0,True,True
2000-01-28,588,594,550,576,5,0,0,2000-01-24,2000-01-28,0,True,True
2000-02-04,566,570,510,532,5,0,0,2000-01-31,2000-02-04,0,True,True
2000-02-11,602,614,548,570,4,0,0,2000-02-07,2000-02-11,1,True,True
2000-02-18,570,598,546,554,5,0,0,2000-02-14,2000-02-18,0,True,True
2000-02-25,544,550,506,528,5,0,0,2000-02-21,2000-02-25,0,True,True
2000-03-03,532,658,510,658,5,0,0,2000-02-28,2000-03-03,0,True,True
2000-03-10,668,678,600,650,5,0,0,2000-03-06,2000-03-10,0,True,True
2000-03-17,650,666,596,620,5,0,0,2000-03-13,2000-03-17,0,True,True
2000-03-24,620,620,582,616,4,0,0,2000-03-20,2000-03-24,1,True,True
2000-03-31,620,640,596,614,5,0,0,2000-03-27,2000-03-31,0,True,True
2000-04-07,614,708,614,682,5,0,0,2000-04-03,2000-04-07,0,True,True
2000-04-14,682,774,682,774,5,0,0,2000-04-10,2000-04-14,0,True,True
2000-04-21,714,736,640,666,5,0,0,2000-04-17,2000-04-21,0,True,True
2000-04-28,674,710,650,662,5,0,0,2000-04-24,2000-04-28,0,True,True
2000-05-05,652,682,640,682,2,0,0,2000-05-01,2000-05-05,3,True,True
2000-05-12,682,750,664,736,4,0,0,2000-05-08,2000-05-12,1,True,True
2000-05-19,744,972,740,930,5,0,0,2000-05-15,2000-05-19,0,True,True
2000-05-26,910,916,820,896,5,0,0,2000-05-22,2000-05-26,0,True,True
2000-06-02,896,920,876,910,4,0,0,2000-05-29,2000-06-02,1,True,True
2000-06-09,926,1062,900,1010,5,0,0,2000-06-05,2000-06-09,0,True,True
2000-06-16,1000,1036,930,940,5,0,0,2000-06-12,2000-06-16,0,True,True
2000-06-23,930,982,902,940,5,0,0,2000-06-19,2000-06-23,0,True,True
2000-06-30,920,1016,906,1000,5,0,0,2000-06-26,2000-06-30,0,True,True
2000-07-07,998,1014,930,930,5,0,0,2000-07-03,2000-07-07,0,True,True
2000-07-14,924,1014,920,968,5,0,0,2000-07-10,2000-07-14,0,True,True
2000-07-21,948,970,892,904,4,0,0,2000-07-17,2000-07-21,1,True,True
2000-07-28,884,896,830,892,5,0,0,2000-07-24,2000-07-28,0,True,True
2000-08-04,860,940,822,900,5,0,0,2000-07-31,2000-08-04,0,True,True
2000-08-11,882,980,880,962,5,0,0,2000-08-07,2000-08-11,0,True,True
2000-08-18,980,1042,962,1022,5,0,0,2000-08-14,2000-08-18,0,True,True
2000-08-25,1032,1110,1024,1100,5,0,0,2000-08-21,2000-08-25,0,True,True
2000-09-01,1108,1224,1096,1210,5,0,0,2000-08-28,2000-09-01,0,True,True
2000-09-08,1224,1282,1196,1250,5,0,0,2000-09-04,2000-09-08,0,True,True
2000-09-15,1230,1240,1142,1156,4,0,0,2000-09-11,2000-09-15,1,True,True
2000-09-22,1134,1164,1082,1116,5,0,0,2000-09-18,2000-09-22,0,True,True
2000-09-29,1136,1236,1090,1194,5,0,0,2000-09-25,2000-09-29,0,True,True
2000-10-06,1190,1252,1170,1228,5,0,0,2000-10-02,2000-10-06,0,True,True
2000-10-13,1190,1232,1152,1220,4,0,0,2000-10-09,2000-10-13,1,True,True
2000-10-20,1240,1262,1180,1202,4,0,0,2000-10-16,2000-10-20,1,True,True
2000-10-27,1200,1250,1120,1130,4,0,0,2000-10-23,2000-10-27,1,True,True
2000-11-03,1134,1166,1114,1138,4,0,0,2000-10-30,2000-11-03,1,True,True
2000-11-10,1098,1158,1090,1110,5,0,0,2000-11-06,2000-11-10,0,True,True
2000-11-17,1074,1094,986,1050,5,0,0,2000-11-13,2000-11-17,0,True,True
2000-11-24,1010,1054,996,1038,4,0,0,2000-11-20,2000-11-24,1,True,True
2000-12-01,1038,1156,1000,1112,5,0,0,2000-11-27,2000-12-01,0,True,True
2000-12-08,1130,1154,1040,1058,5,0,0,2000-12-04,2000-12-08,0,True,True
2000-12-15,1078,1178,1072,1150,5,0,0,2000-12-11,2000-12-15,0,True,True
2000-12-22,1120,1130,1030,1122,5,0,0,2000-12-18,2000-12-22,0,True,True
2000-12-29,1156,1220,1134,1196,5,0,0,2000-12-25,2000-12-29,0,True,True
2001-01-05,1206,1216,1130,1136,2,0,0,2001-01-01,2001-01-05,3,True,True
2001-01-12,1096,1130,1032,1054,4,0,0,2001-01-08,2001-01-12,1,True,True
2001-01-19,1060,1088,1026,1054,5,0,0,2001-01-15,2001-01-19,0,True,True
2001-01-26,1052,1060,990,1008,5,0,0,2001-01-22,2001-01-26,0,True,True
2001-02-02,1000,1024,956,1020,5,0,0,2001-01-29,2001-02-02,0,True,True
2001-02-09,970,988,918,938,5,0,0,2001-02-05,2001-02-09,0,True,True
2001-02-16,948,954,890,890,4,0,0,2001-02-12,2001-02-16,1,True,True
2001-02-23,888,922,854,886,5,0,0,2001-02-19,2001-02-23,0,True,True
2001-03-02,890,980,870,898,5,0,0,2001-02-26,2001-03-02,0,True,True
2001-03-09,900,926,876,914,5,0,0,2001-03-05,2001-03-09,0,True,True
2001-03-16,934,940,832,900,4,0,0,2001-03-12,2001-03-16,1,True,True
2001-03-23,910,974,904,960,4,0,0,2001-03-19,2001-03-23,1,True,True
2001-03-30,942,992,940,958,5,0,0,2001-03-26,2001-03-30,0,True,True
2001-04-06,948,1024,910,962,5,0,0,2001-04-02,2001-04-06,0,True,True
2001-04-13,962,1000,930,996,5,0,0,2001-04-09,2001-04-13,0,True,True
2001-04-20,1006,1010,958,968,5,0,0,2001-04-16,2001-04-20,0,True,True
2001-04-27,978,1020,964,1004,5,0,0,2001-04-23,2001-04-27,0,True,True
2001-05-04,1024,1070,1020,1052,2,0,0,2001-04-30,2001-05-04,3,True,True
2001-05-11,1062,1066,982,1026,5,0,0,2001-05-07,2001-05-11,0,True,True
2001-05-18,1028,1118,1010,1102,5,0,0,2001-05-14,2001-05-18,0,True,True
2001-05-25,1182,1256,1130,1150,5,0,0,2001-05-21,2001-05-25,0,True,True
2001-06-01,1150,1258,1130,1150,5,0,0,2001-05-28,2001-06-01,0,True,True
2001-06-08,1160,1188,1116,1166,5,0,0,2001-06-04,2001-06-08,0,True,True
2001-06-15,1186,1204,1124,1136,5,0,0,2001-06-11,2001-06-15,0,True,True
2001-06-22,1140,1192,1116,1184,5,0,0,2001-06-18,2001-06-22,0,True,True
2001-06-29,1186,1198,1136,1166,5,0,0,2001-06-25,2001-06-29,0,True,True
2001-07-06,1186,1186,1062,1080,5,0,0,2001-07-02,2001-07-06,0,True,True
2001-07-13,1030,1068,1004,1020,5,0,0,2001-07-09,2001-07-13,0,True,True
2001-07-20,1038,1038,920,920,4,0,0,2001-07-16,2001-07-20,1,True,True
2001-07-27,940,976,910,932,5,0,0,2001-07-23,2001-07-27,0,True,True
2001-08-03,950,1000,906,980,5,0,0,2001-07-30,2001-08-03,0,True,True
2001-08-10,990,994,918,932,5,0,0,2001-08-06,2001-08-10,0,True,True
2001-08-17,916,950,892,902,5,0,0,2001-08-13,2001-08-17,0,True,True
2001-08-24,910,1004,910,946,5,0,0,2001-08-20,2001-08-24,0,True,True
2001-08-31,950,970,844,866,5,0,0,2001-08-27,2001-08-31,0,True,True
2001-09-07,860,860,756,756,5,0,0,2001-09-03,2001-09-07,0,True,True
2001-09-14,730,794,684,724,5,0,0,2001-09-10,2001-09-14,0,True,True
2001-09-21,704,722,686,702,5,0,0,2001-09-17,2001-09-21,0,True,True
2001-09-28,732,734,704,712,3,0,0,2001-09-24,2001-09-28,2,True,True
2001-10-05,712,782,708,744,5,0,0,2001-10-01,2001-10-05,0,True,True
2001-10-12,740,750,706,732,4,0,0,2001-10-08,2001-10-12,1,True,True
2001-10-19,738,774,718,730,5,0,0,2001-10-15,2001-10-19,0,True,True
2001-10-26,730,828,728,798,5,0,0,2001-10-22,2001-10-26,0,True,True
2001-11-02,782,814,754,770,5,0,0,2001-10-29,2001-11-02,0,True,True
2001-11-09,770,810,764,784,4,0,0,2001-11-05,2001-11-09,1,True,True
2001-11-16,810,836,756,824,5,0,0,2001-11-12,2001-11-16,0,True,True
2001-11-23,840,900,820,840,4,0,0,2001-11-19,2001-11-23,1,True,True
2001-11-30,844,908,844,858,5,0,0,2001-11-26,2001-11-30,0,True,True
2001-12-07,864,874,806,850,5,0,0,2001-12-03,2001-12-07,0,True,True
2001-12-14,860,866,762,776,5,0,0,2001-12-10,2001-12-14,0,True,True
2001-12-21,800,864,780,814,5,0,0,2001-12-17,2001-12-21,0,True,True
2001-12-28,814,874,814,874,4,0,0,2001-12-24,2001-12-28,1,True,True
2002-01-04,884,884,860,874,1,0,0,2001-12-31,2002-01-04,4,True,True
2002-01-11,868,942,858,894,5,0,0,2002-01-07,2002-01-11,0,True,True
2002-01-18,886,928,864,920,4,0,0,2002-01-14,2002-01-18,1,True,True
2002-01-25,912,994,902,978,5,0,0,2002-01-21,2002-01-25,0,True,True
2002-02-01,978,984,940,950,4,0,0,2002-01-28,2002-02-01,1,True,True
2002-02-08,970,1082,964,1028,5,0,0,2002-02-04,2002-02-08,0,True,True
2002-02-15,1008,1022,964,966,4,0,0,2002-02-11,2002-02-15,1,True,True
2002-02-22,970,1014,880,998,5,0,0,2002-02-18,2002-02-22,0,True,True
2002-03-01,1028,1048,1006,1028,5,0,0,2002-02-25,2002-03-01,0,True,True
2002-03-08,1030,1054,966,990,5,0,0,2002-03-04,2002-03-08,0,True,True
2002-03-15,986,1034,956,978,5,0,0,2002-03-11,2002-03-15,0,True,True
2002-03-22,998,998,966,966,4,0,0,2002-03-18,2002-03-22,1,True,True
2002-03-29,972,1068,958,1028,5,0,0,2002-03-25,2002-03-29,0,True,True
2002-04-05,1060,1152,1046,1100,5,0,0,2002-04-01,2002-04-05,0,True,True
2002-04-12,1120,1138,1044,1056,5,0,0,2002-04-08,2002-04-12,0,True,True
2002-04-19,1056,1116,1048,1100,5,0,0,2002-04-15,2002-04-19,0,True,True
2002-04-26,1080,1124,1072,1096,5,0,0,2002-04-22,2002-04-26,0,True,True
2002-05-03,1124,1146,1098,1126,3,0,0,2002-04-29,2002-05-03,2,True,True
2002-05-10,1146,1170,1124,1150,4,0,0,2002-05-06,2002-05-10,1,True,True
2002-05-17,1152,1174,1114,1122,5,0,0,2002-05-13,2002-05-17,0,True,True
2002-05-24,1142,1218,1126,1198,5,0,0,2002-05-20,2002-05-24,0,True,True
2002-05-31,1200,1246,1160,1170,5,0,0,2002-05-27,2002-05-31,0,True,True
2002-06-07,1190,1218,1140,1150,5,0,0,2002-06-03,2002-06-07,0,True,True
2002-06-14,1130,1140,1064,1080,5,0,0,2002-06-10,2002-06-14,0,True,True
2002-06-21,1060,1102,1018,1092,5,0,0,2002-06-17,2002-06-21,0,True,True
2002-06-28,1054,1116,1038,1084,5,0,0,2002-06-24,2002-06-28,0,True,True
2002-07-05,1104,1172,1084,1164,5,0,0,2002-07-01,2002-07-05,0,True,True
2002-07-12,1180,1184,1150,1162,5,0,0,2002-07-08,2002-07-12,0,True,True
2002-07-19,1156,1160,1092,1096,5,0,0,2002-07-15,2002-07-19,0,True,True
2002-07-26,1070,1126,1040,1056,5,0,0,2002-07-22,2002-07-26,0,True,True
2002-08-02,1046,1070,944,960,5,0,0,2002-07-29,2002-08-02,0,True,True
2002-08-09,940,1000,900,982,5,0,0,2002-08-05,2002-08-09,0,True,True
2002-08-16,1000,1008,964,994,5,0,0,2002-08-12,2002-08-16,0,True,True
2002-08-23,996,1008,942,972,4,0,0,2002-08-19,2002-08-23,1,True,True
2002-08-30,976,1034,970,984,5,0,0,2002-08-26,2002-08-30,0,True,True
2002-09-06,990,990,930,954,5,0,0,2002-09-02,2002-09-06,0,True,True
2002-09-13,964,1004,956,990,5,0,0,2002-09-09,2002-09-13,0,True,True
2002-09-20,1020,1040,980,1004,4,0,0,2002-09-16,2002-09-20,1,True,True
2002-09-27,1004,1022,970,1008,4,0,0,2002-09-23,2002-09-27,1,True,True
2002-10-04,978,1006,924,950,5,0,0,2002-09-30,2002-10-04,0,True,True
2002-10-11,930,932,830,858,5,0,0,2002-10-07,2002-10-11,0,True,True
2002-10-18,866,896,842,892,4,0,0,2002-10-14,2002-10-18,1,True,True
2002-10-25,890,890,796,812,5,0,0,2002-10-21,2002-10-25,0,True,True
2002-11-01,814,836,802,812,5,0,0,2002-10-28,2002-11-01,0,True,True
2002-11-08,820,862,814,830,4,0,0,2002-11-04,2002-11-08,1,True,True
2002-11-15,824,838,760,766,5,0,0,2002-11-11,2002-11-15,0,True,True
2002-11-22,774,774,704,748,5,0,0,2002-11-18,2002-11-22,0,True,True
2002-11-29,756,822,750,818,5,0,0,2002-11-25,2002-11-29,0,True,True
2002-12-06,828,860,808,854,4,0,0,2002-12-02,2002-12-06,1,True,True
2002-12-13,872,916,832,890,5,0,0,2002-12-09,2002-12-13,0,True,True
2002-12-20,940,974,906,956,5,0,0,2002-12-16,2002-12-20,0,True,True
2002-12-27,954,996,942,996,4,0,0,2002-12-23,2002-12-27,1,True,True
2003-01-03,1006,1010,982,990,1,0,0,2002-12-30,2003-01-03,4,True,True
2003-01-10,1020,1028,936,948,5,0,0,2003-01-06,2003-01-10,0,True,True
2003-01-17,932,974,924,964,4,0,0,2003-01-13,2003-01-17,1,True,True
2003-01-24,964,984,924,964,5,0,0,2003-01-20,2003-01-24,0,True,True
2003-01-31,962,964,864,910,5,0,0,2003-01-27,2003-01-31,0,True,True
2003-02-07,914,952,896,922,5,0,0,2003-02-03,2003-02-07,0,True,True
2003-02-14,912,920,846,870,4,0,0,2003-02-10,2003-02-14,1,True,True
2003-02-21,872,886,842,842,5,0,0,2003-02-17,2003-02-21,0,True,True
2003-02-28,850,886,826,878,5,0,0,2003-02-24,2003-02-28,0,True,True
2003-03-07,872,902,814,818,5,0,0,2003-03-03,2003-03-07,0,True,True
2003-03-14,810,822,762,770,5,0,0,2003-03-10,2003-03-14,0,True,True
2003-03-21,764,770,712,760,4,0,0,2003-03-17,2003-03-21,1,True,True
2003-03-28,780,790,736,744,5,0,0,2003-03-24,2003-03-28,0,True,True
2003-04-04,750,806,730,760,5,0,0,2003-03-31,2003-04-04,0,True,True
2003-04-11,780,816,772,802,5,0,0,2003-04-07,2003-04-11,0,True,True
2003-04-18,800,802,724,724,5,0,0,2003-04-14,2003-04-18,0,True,True
2003-04-25,734,764,710,720,5,0,0,2003-04-21,2003-04-25,0,True,True
2003-05-02,712,740,700,740,4,0,0,2003-04-28,2003-05-02,1,True,True
2003-05-09,744,748,710,728,4,0,0,2003-05-05,2003-05-09,1,True,True
2003-05-16,748,822,744,820,5,0,0,2003-05-12,2003-05-16,0,True,True
2003-05-23,814,876,794,872,5,0,0,2003-05-19,2003-05-23,0,True,True
2003-05-30,864,906,838,898,5,0,0,2003-05-26,2003-05-30,0,True,True
2003-06-06,896,930,882,902,5,0,0,2003-06-02,2003-06-06,0,True,True
2003-06-13,882,930,848,924,5,0,0,2003-06-09,2003-06-13,0,True,True
2003-06-20,914,954,908,936,5,0,0,2003-06-16,2003-06-20,0,True,True
2003-06-27,940,954,892,908,5,0,0,2003-06-23,2003-06-27,0,True,True
2003-07-04,910,942,874,896,5,0,0,2003-06-30,2003-07-04,0,True,True
2003-07-11,902,912,860,866,5,0,0,2003-07-07,2003-07-11,0,True,True
2003-07-18,856,876,828,842,5,0,0,2003-07-14,2003-07-18,0,True,True
2003-07-25,878,910,852,898,4,0,0,2003-07-21,2003-07-25,1,True,True
2003-08-01,908,940,890,922,5,0,0,2003-07-28,2003-08-01,0,True,True
2003-08-08,922,964,878,950,5,0,0,2003-08-04,2003-08-08,0,True,True
2003-08-15,956,1096,938,1048,5,0,0,2003-08-11,2003-08-15,0,True,True
2003-08-22,1066,1146,1036,1128,5,0,0,2003-08-18,2003-08-22,0,True,True
2003-08-29,1120,1132,1044,1062,5,0,0,2003-08-25,2003-08-29,0,True,True
2003-09-05,1084,1132,1060,1076,5,0,0,2003-09-01,2003-09-05,0,True,True
2003-09-12,1066,1210,1064,1194,5,0,0,2003-09-08,2003-09-12,0,True,True
2003-09-19,1174,1206,1154,1180,4,0,0,2003-09-15,2003-09-19,1,True,True
2003-09-26,1198,1204,1132,1146,4,0,0,2003-09-22,2003-09-26,1,True,True
2003-10-03,1134,1278,1108,1268,5,0,0,2003-09-29,2003-10-03,0,True,True
2003-10-10,1288,1370,1258,1358,5,0,0,2003-10-06,2003-10-10,0,True,True
2003-10-17,1350,1448,1316,1414,4,0,0,2003-10-13,2003-10-17,1,True,True
2003-10-24,1390,1486,1302,1370,5,0,0,2003-10-20,2003-10-24,0,True,True
2003-10-31,1400,1532,1350,1508,5,0,0,2003-10-27,2003-10-31,0,True,True
2003-11-07,1528,1570,1462,1524,4,0,0,2003-11-03,2003-11-07,1,True,True
2003-11-14,1494,1506,1374,1422,5,0,0,2003-11-10,2003-11-14,0,True,True
2003-11-21,1362,1424,1318,1410,5,0,0,2003-11-17,2003-11-21,0,True,True
2003-11-28,1440,1444,1384,1384,4,0,0,2003-11-24,2003-11-28,1,True,True
2003-12-05,1324,1526,1324,1470,5,0,0,2003-12-01,2003-12-05,0,True,True
2003-12-12,1462,1468,1362,1404,5,0,0,2003-12-08,2003-12-12,0,True,True
2003-12-19,1428,1492,1392,1438,5,0,0,2003-12-15,2003-12-19,0,True,True
2003-12-26,1416,1540,1412,1540,4,0,0,2003-12-22,2003-12-26,1,True,True
2004-01-02,1540,1592,1534,1590,2,0,0,2003-12-29,2004-01-02,3,True,True
2004-01-09,1614,1702,1564,1616,5,0,0,2004-01-05,2004-01-09,0,True,True
2004-01-16,1602,1604,1514,1534,4,0,0,2004-01-12,2004-01-16,1,True,True
2004-01-23,1534,1572,1490,1520,5,0,0,2004-01-19,2004-01-23,0,True,True
2004-01-30,1512,1528,1396,1426,5,0,0,2004-01-26,2004-01-30,0,True,True
2004-02-06,1422,1466,1332,1384,5,0,0,2004-02-02,2004-02-06,0,True,True
2004-02-13,1404,1426,1360,1392,4,0,0,2004-02-09,2004-02-13,1,True,True
2004-02-20,1380,1446,1342,1386,5,0,0,2004-02-16,2004-02-20,0,True,True
2004-02-27,1378,1380,1310,1352,5,0,0,2004-02-23,2004-02-27,0,True,True
2004-03-05,1384,1450,1352,1390,5,0,0,2004-03-01,2004-03-05,0,True,True
2004-03-12,1392,1418,1326,1384,5,0,0,2004-03-08,2004-03-12,0,True,True
2004-03-19,1388,1490,1360,1478,5,0,0,2004-03-15,2004-03-19,0,True,True
2004-03-26,1468,1556,1462,1530,5,0,0,2004-03-22,2004-03-26,0,True,True
2004-04-02,1544,1550,1474,1500,5,0,0,2004-03-29,2004-04-02,0,True,True
2004-04-09,1518,1538,1468,1484,5,0,0,2004-04-05,2004-04-09,0,True,True
2004-04-16,1504,1516,1390,1412,5,0,0,2004-04-12,2004-04-16,0,True,True
2004-04-23,1428,1496,1366,1378,5,0,0,2004-04-19,2004-04-23,0,True,True
2004-04-30,1392,1420,1316,1342,4,0,0,2004-04-26,2004-04-30,1,True,True
2004-05-07,1380,1380,1324,1340,2,0,0,2004-05-03,2004-05-07,3,True,True
2004-05-14,1326,1346,1210,1270,5,0,0,2004-05-10,2004-05-14,0,True,True
2004-05-21,1268,1302,1162,1294,5,0,0,2004-05-17,2004-05-21,0,True,True
2004-05-28,1314,1346,1284,1314,5,0,0,2004-05-24,2004-05-28,0,True,True
2004-06-04,1316,1332,1226,1232,5,0,0,2004-05-31,2004-06-04,0,True,True
2004-06-11,1266,1308,1252,1284,5,0,0,2004-06-07,2004-06-11,0,True,True
2004-06-18,1304,1364,1286,1334,5,0,0,2004-06-14,2004-06-18,0,True,True
2004-06-25,1374,1464,1354,1448,5,0,0,2004-06-21,2004-06-25,0,True,True
2004-07-02,1440,1470,1384,1402,5,0,0,2004-06-28,2004-07-02,0,True,True
2004-07-09,1382,1456,1352,1452,5,0,0,2004-07-05,2004-07-09,0,True,True
2004-07-16,1444,1476,1420,1470,5,0,0,2004-07-12,2004-07-16,0,True,True
2004-07-23,1454,1466,1374,1376,4,0,0,2004-07-19,2004-07-23,1,True,True
2004-07-30,1346,1354,1300,1330,5,0,0,2004-07-26,2004-07-30,0,True,True
2004-08-06,1350,1376,1322,1344,5,0,0,2004-08-02,2004-08-06,0,True,True
2004-08-13,1324,1460,1320,1394,5,0,0,2004-08-09,2004-08-13,0,True,True
2004-08-20,1398,1466,1370,1464,5,0,0,2004-08-16,2004-08-20,0,True,True
2004-08-27,1486,1488,1422,1450,5,0,0,2004-08-23,2004-08-27,0,True,True
2004-09-03,1450,1456,1432,1436,5,0,0,2004-08-30,2004-09-03,0,True,True
2004-09-10,1476,1508,1452,1458,5,0,0,2004-09-06,2004-09-10,0,True,True
2004-09-17,1466,1492,1408,1420,5,0,0,2004-09-13,2004-09-17,0,True,True
2004-09-24,1420,1442,1410,1424,3,0,0,2004-09-20,2004-09-24,2,True,True
2004-10-01,1436,1584,1424,1572,5,0,0,2004-09-27,2004-10-01,0,True,True
2004-10-08,1592,1620,1522,1618,5,0,0,2004-10-04,2004-10-08,0,True,True
2004-10-15,1634,1644,1466,1500,4,0,0,2004-10-11,2004-10-15,1,True,True
2004-10-22,1524,1530,1432,1494,5,0,0,2004-10-18,2004-10-22,0,True,True
2004-10-29,1440,1494,1418,1430,5,0,0,2004-10-25,2004-10-29,0,True,True
2004-11-05,1436,1524,1424,1488,4,0,0,2004-11-01,2004-11-05,1,True,True
2004-11-12,1500,1506,1452,1478,5,0,0,2004-11-08,2004-11-12,0,True,True
2004-11-19,1504,1564,1490,1518,5,0,0,2004-11-15,2004-11-19,0,True,True
2004-11-26,1510,1558,1476,1548,4,0,0,2004-11-22,2004-11-26,1,True,True
2004-12-03,1558,1564,1512,1516,5,0,0,2004-11-29,2004-12-03,0,True,True
2004-12-10,1512,1524,1400,1404,5,0,0,2004-12-06,2004-12-10,0,True,True
2004-12-17,1410,1442,1398,1426,5,0,0,2004-12-13,2004-12-17,0,True,True
2004-12-24,1424,1436,1410,1436,4,0,0,2004-12-20,2004-12-24,1,True,True
2004-12-31,1438,1468,1430,1464,4,0,0,2004-12-27,2004-12-31,1,True,True
2005-01-07,1438,1454,1408,1414,4,0,0,2005-01-03,2005-01-07,1,True,True
2005-01-14,1418,1432,1410,1418,4,0,0,2005-01-10,2005-01-14,1,True,True
2005-01-21,1420,1444,1400,1402,5,0,0,2005-01-17,2005-01-21,0,True,True
2005-01-28,1406,1426,1402,1424,5,0,0,2005-01-24,2005-01-28,0,True,True
2005-02-04,1422,1484,1414,1470,5,0,0,2005-01-31,2005-02-04,0,True,True
2005-02-11,1460,1478,1444,1466,4,0,0,2005-02-07,2005-02-11,1,True,True
2005-02-18,1480,1520,1470,1514,5,0,0,2005-02-14,2005-02-18,0,True,True
2005-02-25,1530,1574,1516,1566,5,0,0,2005-02-21,2005-02-25,0,True,True
2005-03-04,1578,1742,1574,1720,5,0,0,2005-02-28,2005-03-04,0,True,True
2005-03-11,1720,1786,1682,1714,5,0,0,2005-03-07,2005-03-11,0,True,True
2005-03-18,1700,1728,1664,1706,5,0,0,2005-03-14,2005-03-18,0,True,True
2005-03-25,1696,1696,1602,1608,4,0,0,2005-03-21,2005-03-25,1,True,True
2005-04-01,1616,1640,1564,1622,5,0,0,2005-03-28,2005-04-01,0,True,True
2005-04-08,1624,1688,1604,1610,5,0,0,2005-04-04,2005-04-08,0,True,True
2005-04-15,1608,1614,1508,1514,5,0,0,2005-04-11,2005-04-15,0,True,True
2005-04-22,1456,1534,1442,1502,5,0,0,2005-04-18,2005-04-22,0,True,True
2005-04-29,1496,1520,1460,1474,4,0,0,2005-04-25,2005-04-29,1,True,True
2005-05-06,1474,1500,1462,1500,2,0,0,2005-05-02,2005-05-06,3,True,True
2005-05-13,1498,1508,1420,1420,5,0,0,2005-05-09,2005-05-13,0,True,True
2005-05-20,1416,1416,1342,1382,5,0,0,2005-05-16,2005-05-20,0,True,True
2005-05-27,1374,1404,1324,1376,5,0,0,2005-05-23,2005-05-27,0,True,True
2005-06-03,1384,1456,1372,1440,5,0,0,2005-05-30,2005-06-03,0,True,True
2005-06-10,1456,1488,1444,1472,5,0,0,2005-06-06,2005-06-10,0,True,True
2005-06-17,1492,1538,1480,1536,5,0,0,2005-06-13,2005-06-17,0,True,True
2005-06-24,1566,1574,1508,1526,5,0,0,2005-06-20,2005-06-24,0,True,True
2005-07-01,1510,1536,1496,1516,5,0,0,2005-06-27,2005-07-01,0,True,True
2005-07-08,1500,1510,1450,1460,5,0,0,2005-07-04,2005-07-08,0,True,True
2005-07-15,1480,1498,1462,1484,5,0,0,2005-07-11,2005-07-15,0,True,True
2005-07-22,1484,1532,1484,1518,4,0,0,2005-07-18,2005-07-22,1,True,True
2005-07-29,1518,1568,1510,1554,5,0,0,2005-07-25,2005-07-29,0,True,True
2005-08-05,1558,1574,1528,1536,5,0,0,2005-08-01,2005-08-05,0,True,True
2005-08-12,1498,1678,1488,1666,5,0,0,2005-08-08,2005-08-12,0,True,True
2005-08-19,1680,1702,1630,1674,5,0,0,2005-08-15,2005-08-19,0,True,True
2005-08-26,1680,1708,1662,1682,5,0,0,2005-08-22,2005-08-26,0,True,True
2005-09-02,1680,1762,1656,1756,5,0,0,2005-08-29,2005-09-02,0,True,True
2005-09-09,1754,1816,1718,1740,5,0,0,2005-09-05,2005-09-09,0,True,True
2005-09-16,1820,1878,1762,1848,5,0,0,2005-09-12,2005-09-16,0,True,True
2005-09-23,1928,2000,1904,1990,3,0,0,2005-09-19,2005-09-23,2,True,True
2005-09-30,2000,2214,1980,2104,5,0,0,2005-09-26,2005-09-30,0,True,True
2005-10-07,2106,2126,1966,2030,5,0,0,2005-10-03,2005-10-07,0,True,True
2005-10-14,2078,2164,2022,2046,4,0,0,2005-10-10,2005-10-14,1,True,True
2005-10-21,2040,2106,1950,2004,5,0,0,2005-10-17,2005-10-21,0,True,True
2005-10-28,2006,2096,1966,2082,5,0,0,2005-10-24,2005-10-28,0,True,True
2005-11-04,2122,2122,2048,2078,5,0,0,2005-10-31,2005-11-04,0,True,True
2005-11-11,2100,2160,2046,2092,5,0,0,2005-11-07,2005-11-11,0,True,True
2005-11-18,2102,2342,2082,2310,5,0,0,2005-11-14,2005-11-18,0,True,True
2005-11-25,2360,2546,2318,2394,5,0,0,2005-11-21,2005-11-25,0,True,True
2005-12-02,2394,2512,2340,2510,5,0,0,2005-11-28,2005-12-02,0,True,True
2005-12-09,2550,2754,2510,2738,5,0,0,2005-12-05,2005-12-09,0,True,True
2005-12-16,2840,3124,2724,2778,5,0,0,2005-12-12,2005-12-16,0,True,True
2005-12-23,2790,2864,2724,2864,5,0,0,2005-12-19,2005-12-23,0,True,True
2005-12-30,2864,2972,2782,2918,5,0,0,2005-12-26,2005-12-30,0,True,True
2006-01-06,2918,3072,2918,3000,4,0,0,2006-01-02,2006-01-06,1,True,True
2006-01-13,3076,3078,2950,2958,4,0,0,2006-01-09,2006-01-13,1,True,True
2006-01-20,2980,3056,2542,2806,5,0,0,2006-01-16,2006-01-20,0,True,True
2006-01-27,2686,3050,2686,3038,5,0,0,2006-01-23,2006-01-27,0,True,True
2006-02-03,3098,3470,3070,3448,5,0,0,2006-01-30,2006-02-03,0,True,True
2006-02-10,3500,3516,3120,3190,5,0,0,2006-02-06,2006-02-10,0,True,True
2006-02-17,3116,3118,2768,2840,5,0,0,2006-02-13,2006-02-17,0,True,True
2006-02-24,2810,3104,2746,3046,5,0,0,2006-02-20,2006-02-24,0,True,True
2006-03-03,3140,3208,2954,2988,5,0,0,2006-02-27,2006-03-03,0,True,True
2006-03-10,2964,3010,2830,2966,5,0,0,2006-03-06,2006-03-10,0,True,True
2006-03-17,3006,3036,2874,2942,5,0,0,2006-03-13,2006-03-17,0,True,True
2006-03-24,2982,3124,2974,3072,4,0,0,2006-03-20,2006-03-24,1,True,True
2006-03-31,3100,3290,3068,3284,5,0,0,2006-03-27,2006-03-31,0,True,True
2006-04-07,3280,3450,3206,3450,5,0,0,2006-04-03,2006-04-07,0,True,True
2006-04-14,3410,3526,3370,3440,5,0,0,2006-04-10,2006-04-14,0,True,True
2006-04-21,3450,3580,3374,3396,5,0,0,2006-04-17,2006-04-21,0,True,True
2006-04-28,3410,3426,3256,3310,5,0,0,2006-04-24,2006-04-28,0,True,True
2006-05-05,3324,3422,3280,3398,2,0,0,2006-05-01,2006-05-05,3,True,True
2006-05-12,3518,3534,3400,3426,5,0,0,2006-05-08,2006-05-12,0,True,True
2006-05-19,3340,3382,3014,3060,5,0,0,2006-05-15,2006-05-19,0,True,True
2006-05-26,3020,3074,2802,3054,5,0,0,2006-05-22,2006-05-26,0,True,True
2006-06-02,3108,3110,2786,2952,5,0,0,2006-05-29,2006-06-02,0,True,True
2006-06-09,2992,2994,2544,2692,5,0,0,2006-06-05,2006-06-09,0,True,True
2006-06-16,2612,2714,2318,2660,5,0,0,2006-06-12,2006-06-16,0,True,True
2006-06-23,2662,2716,2494,2716,5,0,0,2006-06-19,2006-06-23,0,True,True
2006-06-30,2742,2984,2688,2984,5,0,0,2006-06-26,2006-06-30,0,True,True
2006-07-07,3062,3232,3040,3144,5,0,0,2006-07-03,2006-07-07,0,True,True
2006-07-14,3080,3300,3064,3238,5,0,0,2006-07-10,2006-07-14,0,True,True
2006-07-21,3238,3238,2996,3154,5,0,0,2006-07-17,2006-07-21,0,True,True
2006-07-28,3118,3246,3020,3244,5,0,0,2006-07-24,2006-07-28,0,True,True
2006-08-04,3320,3326,3216,3264,5,0,0,2006-07-31,2006-08-04,0,True,True
2006-08-11,3280,3376,3200,3300,5,0,0,2006-08-07,2006-08-11,0,True,True
2006-08-18,3296,3372,3276,3320,5,0,0,2006-08-14,2006-08-18,0,True,True
2006-08-25,3308,3500,3308,3378,5,0,0,2006-08-21,2006-08-25,0,True,True
2006-09-01,3380,3414,3224,3334,5,0,0,2006-08-28,2006-09-01,0,True,True
2006-09-08,3496,3496,3340,3416,5,0,0,2006-09-04,2006-09-08,0,True,True
2006-09-15,3428,3428,2962,3036,5,0,0,2006-09-11,2006-09-15,0,True,True
2006-09-22,3110,3124,2960,3008,4,0,0,2006-09-18,2006-09-22,1,True,True
2006-09-29,2962,3122,2868,3096,5,0,0,2006-09-25,2006-09-29,0,True,True
2006-10-06,3110,3140,2882,2946,5,0,0,2006-10-02,2006-10-06,0,True,True
2006-10-13,2932,3046,2816,3032,4,0,0,2006-10-09,2006-10-13,1,True,True
2006-10-20,3112,3250,3102,3230,5,0,0,2006-10-16,2006-10-20,0,True,True
2006-10-27,3216,3250,3114,3208,5,0,0,2006-10-23,2006-10-27,0,True,True
2006-11-03,3160,3192,3040,3060,4,0,0,2006-10-30,2006-11-03,1,True,True
2006-11-10,3080,3144,2984,3048,5,0,0,2006-11-06,2006-11-10,0,True,True
2006-11-17,3000,3002,2784,2790,5,0,0,2006-11-13,2006-11-17,0,True,True
2006-11-24,2722,2838,2674,2780,4,0,0,2006-11-20,2006-11-24,1,True,True
2006-12-01,2830,3060,2822,3040,5,0,0,2006-11-27,2006-12-01,0,True,True
2006-12-08,3040,3128,3014,3038,5,0,0,2006-12-04,2006-12-08,0,True,True
2006-12-15,3038,3114,3008,3102,5,0,0,2006-12-11,2006-12-15,0,True,True
2006-12-22,3096,3096,2932,2948,5,0,0,2006-12-18,2006-12-22,0,True,True
2006-12-29,2878,3136,2856,3054,5,0,0,2006-12-25,2006-12-29,0,True,True
2007-01-05,3036,3038,2892,2912,2,0,0,2007-01-04,2007-01-05,0,True,True
2007-01-12,2898,2968,2876,2932,4,0,0,2007-01-09,2007-01-12,0,True,True
2007-01-19,2988,3044,2954,3018,5,0,0,2007-01-15,2007-01-19,0,True,True
2007-01-26,3060,3228,3040,3160,5,0,0,2007-01-22,2007-01-26,0,True,True
2007-02-02,3160,3230,3128,3170,5,0,0,2007-01-29,2007-02-02,0,True,True
2007-02-09,3120,3284,3110,3270,5,0,0,2007-02-05,2007-02-09,0,True,True
2007-02-16,3290,3562,3290,3538,4,0,0,2007-02-13,2007-02-16,0,True,True
2007-02-23,3566,4160,3566,4130,5,0,0,2007-02-19,2007-02-23,0,True,True
2007-03-02,4260,4630,3920,4480,5,0,0,2007-02-26,2007-03-02,0,True,True
2007-03-09,4400,4850,3998,4780,5,0,0,2007-03-05,2007-03-09,0,True,True
2007-03-16,4860,4890,4460,4540,5,0,0,2007-03-12,2007-03-16,0,True,True
2007-03-23,4460,4740,4450,4630,4,0,0,2007-03-19,2007-03-23,0,True,True
2007-03-30,4680,4720,4530,4550,5,0,0,2007-03-26,2007-03-30,0,True,True
2007-04-06,4570,4620,4310,4330,5,0,0,2007-04-02,2007-04-06,0,True,True
2007-04-13,4340,4500,4260,4380,5,0,0,2007-04-09,2007-04-13,0,True,True
2007-04-20,4440,4750,4390,4570,5,0,0,2007-04-16,2007-04-20,0,True,True
2007-04-27,4610,4620,4400,4480,5,0,0,2007-04-23,2007-04-27,0,True,True
2007-05-04,4640,4990,4620,4970,2,0,0,2007-05-01,2007-05-02,0,True,True
2007-05-11,5180,5870,5170,5870,5,0,0,2007-05-07,2007-05-11,0,True,True
2007-05-18,6060,6100,5370,5450,5,0,0,2007-05-14,2007-05-18,0,True,True
2007-05-25,5400,5700,5280,5350,5,0,0,2007-05-21,2007-05-25,0,True,True
2007-06-01,5540,5840,5420,5820,5,0,0,2007-05-28,2007-06-01,0,True,True
2007-06-08,5870,5980,5640,5680,5,0,0,2007-06-04,2007-06-08,0,True,True
2007-06-15,5390,5500,5240,5440,5,0,0,2007-06-11,2007-06-15,0,True,True
2007-06-22,5440,5480,5230,5430,5,0,0,2007-06-18,2007-06-22,0,True,True
2007-06-29,5390,5460,5240,5350,5,0,0,2007-06-25,2007-06-29,0,True,True
2007-07-06,5380,5650,5380,5540,5,0,0,2007-07-02,2007-07-06,0,True,True
2007-07-13,5620,5850,5600,5780,5,0,0,2007-07-09,2007-07-13,0,True,True
2007-07-20,5800,6400,5750,6380,4,0,0,2007-07-17,2007-07-20,0,True,True
2007-07-27,6400,6480,5660,5770,5,0,0,2007-07-23,2007-07-27,0,True,True
2007-08-03,5780,5970,5300,5480,5,0,0,2007-07-30,2007-08-03,0,True,True
2007-08-10,5320,5400,4450,4560,5,0,0,2007-08-06,2007-08-10,0,True,True
2007-08-17,4650,5050,3864,3880,5,0,0,2007-08-13,2007-08-17,0,True,True
2007-08-24,4320,4680,4050,4620,5,0,0,2007-08-20,2007-08-24,0,True,True
2007-08-31,4710,4710,4260,4600,5,0,0,2007-08-27,2007-08-31,0,True,True
2007-09-07,4660,4790,4340,4680,5,0,0,2007-09-03,2007-09-07,0,True,True
2007-09-14,4470,4880,4360,4840,5,0,0,2007-09-10,2007-09-14,0,True,True
2007-09-21,4730,5540,4690,5540,4,0,0,2007-09-18,2007-09-21,0,True,True
2007-09-28,5600,5680,5440,5580,4,0,0,2007-09-25,2007-09-28,0,True,True
2007-10-05,5560,5740,5330,5560,5,0,0,2007-10-01,2007-10-05,0,True,True
2007-10-12,5480,5700,5320,5700,4,0,0,2007-10-09,2007-10-12,0,True,True
2007-10-19,5820,5880,5410,5410,5,0,0,2007-10-15,2007-10-19,0,True,True
2007-10-26,5090,5244,4950,5220,5,0,0,2007-10-22,2007-10-26,0,True,True
2007-11-02,5360,5400,5010,5010,5,0,0,2007-10-29,2007-11-02,0,True,True
2007-11-09,5000,5030,4638,4810,5,0,0,2007-11-05,2007-11-09,0,True,True
2007-11-16,4810,4810,4470,4510,5,0,0,2007-11-12,2007-11-16,0,True,True
2007-11-23,4510,4510,4100,4210,4,0,0,2007-11-19,2007-11-22,0,True,True
2007-11-30,4320,4560,4060,4560,5,0,0,2007-11-26,2007-11-30,0,True,True
2007-12-07,4539.7080078125,4570,4280,4550,5,0,0,2007-12-03,2007-12-07,0,True,True
2007-12-14,4452,4510,4090,4090,5,0,0,2007-12-10,2007-12-14,0,True,True
2007-12-21,4100,4100,3758,3858,5,0,0,2007-12-17,2007-12-21,0,True,True
2007-12-28,3868,4020,3812,3820,4,0,0,2007-12-25,2007-12-28,0,True,True
2008-01-04,3824,3896,3712,3778,1,0,0,2008-01-04,2008-01-04,0,True,True
2008-01-11,3765.7216796875,3814,3528,3652,5,0,0,2008-01-07,2008-01-11,0,True,True
2008-01-18,3652,3652,3282,3472,4,0,0,2008-01-15,2008-01-18,0,True,True
2008-01-25,3472,3472,2956,3464,5,0,0,2008-01-21,2008-01-25,0,True,True
2008-02-01,3428,3506,3346,3464,5,0,0,2008-01-28,2008-02-01,0,True,True
2008-02-08,3464,3652,3138,3138,5,0,0,2008-02-04,2008-02-08,0,True,True
2008-02-15,3138,3596,3138,3596,4,0,0,2008-02-12,2008-02-15,0,True,True
2008-02-22,3576,4390,3576,4390,5,0,0,2008-02-18,2008-02-22,0,True,True
2008-02-29,4372.65966796875,4530,4320,4510,5,0,0,2008-02-25,2008-02-29,0,True,True
2008-03-07,4248,4450,4170,4450,5,0,0,2008-03-03,2008-03-07,0,True,True
2008-03-14,4450,4450,3978,4040,5,0,0,2008-03-10,2008-03-14,0,True,True
2008-03-21,4040,4150,3482,3482,4,0,0,2008-03-17,2008-03-21,0,True,True
2008-03-28,3470,3904,3436,3904,5,0,0,2008-03-24,2008-03-28,0,True,True
2008-04-04,3904,3904,3548,3638,5,0,0,2008-03-31,2008-04-04,0,True,True
2008-04-11,3638,3876,3638,3860,5,0,0,2008-04-07,2008-04-11,0,True,True
2008-04-18,3850,4080,3850,4030,5,0,0,2008-04-14,2008-04-18,0,True,True
2008-04-25,4080,4108,4000,4060,5,0,0,2008-04-21,2008-04-25,0,True,True
2008-05-02,4060,4100,3620,3620,4,0,0,2008-04-28,2008-05-02,0,True,True
2008-05-09,3771.764404296875,3784,3690,3690,3,0,0,2008-05-07,2008-05-09,0,True,True
2008-05-16,3690,3840,3606,3840,5,0,0,2008-05-12,2008-05-16,0,True,True
2008-05-23,3840,3982,3746,3746,5,0,0,2008-05-19,2008-05-23,0,True,True
2008-05-30,3750,3750,3514,3538,5,0,0,2008-05-26,2008-05-30,0,True,True
2008-06-06,3538,3580,3462,3502,5,0,0,2008-06-02,2008-06-06,0,True,True
2008-06-13,3480,3488,3250,3374,5,0,0,2008-06-09,2008-06-13,0,True,True
2008-06-20,3376,3462,3308,3308,5,0,0,2008-06-16,2008-06-20,0,True,True
2008-06-27,3280,3334,3168,3168,5,0,0,2008-06-23,2008-06-27,0,True,True
2008-07-04,3170,3256,3044,3044,5,0,0,2008-06-30,2008-07-04,0,True,True
2008-07-11,3044,3054,2822,2960,5,0,0,2008-07-07,2008-07-11,0,True,True
2008-07-18,2960,2990,2702,2702,5,0,0,2008-07-14,2008-07-18,0,True,True
2008-07-25,2780,2844,2696,2696,4,0,0,2008-07-22,2008-07-25,0,True,True
2008-08-01,2664,2794,2664,2788,5,0,0,2008-07-28,2008-08-01,0,True,True
2008-08-08,2788,2788,2460,2546,5,0,0,2008-08-04,2008-08-08,0,True,True
2008-08-15,2660,2706,2570,2684,5,0,0,2008-08-11,2008-08-15,0,True,True
2008-08-22,2738,2944,2734,2920,5,0,0,2008-08-18,2008-08-22,0,True,True
2008-08-29,2920,2920,2736,2804,5,0,0,2008-08-25,2008-08-29,0,True,True
2008-09-05,2804,2804,2296,2306,5,0,0,2008-09-01,2008-09-05,0,True,True
2008-09-12,2306,2492,2154,2254,5,0,0,2008-09-08,2008-09-12,0,True,True
2008-09-19,2254,2406,2086,2406,4,0,0,2008-09-16,2008-09-19,0,True,True
2008-09-26,2406,2448,2304,2304,4,0,0,2008-09-22,2008-09-26,0,True,True
2008-10-03,2306,2306,1836,1836,5,0,0,2008-09-29,2008-10-03,0,True,True
2008-10-10,1836,1836,1568,1568,5,0,0,2008-10-06,2008-10-10,0,True,True
2008-10-17,1568,1788,1518,1518,4,0,0,2008-10-14,2008-10-17,0,True,True
2008-10-24,1518,1720,1254,1254,5,0,0,2008-10-20,2008-10-24,0,True,True
2008-10-31,1254,1536,1112,1442,5,0,0,2008-10-27,2008-10-31,0,True,True
2008-11-07,1442,1644,1442,1450,4,0,0,2008-11-04,2008-11-07,0,True,True
2008-11-14,1450,1504,1304,1348,5,0,0,2008-11-10,2008-11-14,0,True,True
2008-11-21,1348,1402,1202,1402,5,0,0,2008-11-17,2008-11-21,0,True,True
2008-11-28,1402,1816,1402,1816,4,0,0,2008-11-25,2008-11-28,0,True,True
2008-12-05,1816,1816,1526,1544,5,0,0,2008-12-01,2008-12-05,0,True,True
2008-12-12,1544,1834,1544,1772,5,0,0,2008-12-08,2008-12-12,0,True,True
2008-12-19,1900,1900,1820,1820,5,0,0,2008-12-15,2008-12-19,0,True,True
2008-12-26,1820,1838,1732,1780,4,0,0,2008-12-22,2008-12-26,0,True,True
2009-01-02,1862.0235595703125,1906,1856,1884,2,0,0,2008-12-29,2008-12-30,0,True,True
2009-01-09,2000,2126,1954,1988,5,0,0,2009-01-05,2009-01-09,0,True,True
2009-01-16,1996,1996,1724,1800,4,0,0,2009-01-13,2009-01-16,0,True,True
2009-01-23,1800,1832,1638,1638,5,0,0,2009-01-19,2009-01-23,0,True,True
2009-01-30,1638,1844,1638,1712,5,0,0,2009-01-26,2009-01-30,0,True,True
2009-02-06,1712,1944,1698,1944,5,0,0,2009-02-02,2009-02-06,0,True,True
2009-02-13,1944,1988,1860,1936,4,0,0,2009-02-09,2009-02-13,0,True,True
2009-02-20,1936,2048,1926,2048,5,0,0,2009-02-16,2009-02-20,0,True,True
2009-02-27,2050,2180,1980,1980,5,0,0,2009-02-23,2009-02-27,0,True,True
2009-03-06,1980,1980,1770,1770,5,0,0,2009-03-02,2009-03-06,0,True,True
2009-03-13,1770,1788,1692,1788,5,0,0,2009-03-09,2009-03-13,0,True,True
2009-03-20,1792,1930,1792,1930,4,0,0,2009-03-16,2009-03-19,0,True,True
2009-03-27,1930,2048,1930,2020,5,0,0,2009-03-23,2009-03-27,0,True,True
2009-04-03,2020,2038,1882,2038,5,0,0,2009-03-30,2009-04-03,0,True,True
2009-04-10,2010,2050,1936,2018,5,0,0,2009-04-06,2009-04-10,0,True,True
2009-04-17,2042,2174,2030,2174,5,0,0,2009-04-13,2009-04-17,0,True,True
2009-04-24,2150,2304,2122,2260,5,0,0,2009-04-20,2009-04-24,0,True,True
2009-05-01,2253.89794921875,2280,2142,2162,4,0,0,2009-04-27,2009-05-01,0,True,True
2009-05-08,2318,2358,2318,2352,2,0,0,2009-05-07,2009-05-08,0,True,True
2009-05-15,2354,2434,2308,2340,5,0,0,2009-05-11,2009-05-15,0,True,True
2009-05-22,2340,2490,2270,2490,5,0,0,2009-05-18,2009-05-22,0,True,True
2009-05-29,2484,2712,2484,2696,5,0,0,2009-05-25,2009-05-29,0,True,True
2009-06-05,2866,3050,2808,3040,5,0,0,2009-06-01,2009-06-05,0,True,True
2009-06-12,2988,3218,2862,3154,5,0,0,2009-06-08,2009-06-12,0,True,True
2009-06-19,3076,3082,2784,2844,5,0,0,2009-06-15,2009-06-19,0,True,True
2009-06-26,2810,2862,2630,2810,5,0,0,2009-06-22,2009-06-26,0,True,True
2009-07-03,2802,2834,2654,2776,5,0,0,2009-06-29,2009-07-03,0,True,True
2009-07-10,2722,2738,2428,2458,5,0,0,2009-07-06,2009-07-10,0,True,True
2009-07-17,2392,2636,2328,2560,5,0,0,2009-07-13,2009-07-17,0,True,True
2009-07-24,2688,2914,2676,2904,4,0,0,2009-07-21,2009-07-24,0,True,True
2009-07-31,2896,2936,2726,2850,5,0,0,2009-07-27,2009-07-31,0,True,True
2009-08-07,2888,3044,2862,2954,5,0,0,2009-08-03,2009-08-07,0,True,True
2009-08-14,2994,3076,2898,3020,5,0,0,2009-08-10,2009-08-14,0,True,True
2009-08-21,2970,3004,2812,2848,5,0,0,2009-08-17,2009-08-21,0,True,True
2009-08-28,2928,3000,2846,2868,5,0,0,2009-08-24,2009-08-28,0,True,True
2009-09-04,2908,3016,2766,2936,4,0,0,2009-08-31,2009-09-04,0,True,True
2009-09-11,3000,3070,2966,3030,5,0,0,2009-09-07,2009-09-11,0,True,True
2009-09-18,3012,3134,2930,3098,5,0,0,2009-09-14,2009-09-18,0,True,True
2009-09-25,3040,3142,2970,2982,2,0,0,2009-09-21,2009-09-25,1,True,True
2009-10-02,2926,3010,2776,2816,5,0,0,2009-09-28,2009-10-02,0,True,True
2009-10-09,2776,3160,2726,3128,5,0,0,2009-10-05,2009-10-09,0,True,True
2009-10-16,3146,3212,3082,3126,4,0,0,2009-10-13,2009-10-16,0,True,True
2009-10-23,3090,3196,3052,3162,5,0,0,2009-10-19,2009-10-23,0,True,True
2009-10-30,3140,3160,2852,2916,5,0,0,2009-10-26,2009-10-30,0,True,True
2009-11-06,2802,3014,2800,2950,4,0,0,2009-11-02,2009-11-06,0,True,True
2009-11-13,2928,3100,2920,2984,5,0,0,2009-11-09,2009-11-13,0,True,True
2009-11-20,2994,3026,2802,2858,5,0,0,2009-11-16,2009-11-20,0,True,True
2009-11-27,2908,2966,2744,2756,4,0,0,2009-11-24,2009-11-27,0,True,True
2009-12-04,2818,3018,2768,2978,5,0,0,2009-11-30,2009-12-04,0,True,True
2009-12-11,2902,2930,2734,2784,5,0,0,2009-12-07,2009-12-11,0,True,True
2009-12-18,2794,2840,2718,2726,5,0,0,2009-12-14,2009-12-18,0,True,True
2009-12-25,2730,2800,2704,2784,4,0,0,2009-12-21,2009-12-25,0,True,True
2010-01-01,2762,2804,2758,2758,3,0,0,2009-12-28,2009-12-30,0,True,True
2010-01-08,2770,2980,2762,2896,5,0,0,2010-01-04,2010-01-08,0,True,True
2010-01-15,2924,2936,2822,2840,4,0,0,2010-01-12,2010-01-15,0,True,True
2010-01-22,2800,2858,2676,2690,5,0,0,2010-01-18,2010-01-22,0,True,True
2010-01-29,2632,2676,2380,2524,5,0,0,2010-01-25,2010-01-29,0,True,True
2010-02-05,2584,2616,2380,2432,5,0,0,2010-02-01,2010-02-05,0,True,True
2010-02-12,2380,2522,2372,2518,4,0,0,2010-02-08,2010-02-12,0,True,True
2010-02-19,2518,2622,2442,2504,5,0,0,2010-02-15,2010-02-19,0,True,True
2010-02-26,2568,2592,2476,2524,5,0,0,2010-02-22,2010-02-26,0,True,True
2010-03-05,2574,2698,2532,2678,5,0,0,2010-03-01,2010-03-05,0,True,True
2010-03-12,2706,2718,2662,2684,5,0,0,2010-03-08,2010-03-12,0,True,True
2010-03-19,2688,2754,2670,2744,5,0,0,2010-03-15,2010-03-19,0,True,True
2010-03-26,2728,2740,2676,2698,4,0,0,2010-03-23,2010-03-26,0,True,True
2010-04-02,2690,2898,2690,2884,5,0,0,2010-03-29,2010-04-02,0,True,True
2010-04-09,2898,2910,2820,2902,5,0,0,2010-04-05,2010-04-09,0,True,True
2010-04-16,2918,2926,2824,2838,5,0,0,2010-04-12,2010-04-16,0,True,True
2010-04-23,2778,2906,2764,2828,5,0,0,2010-04-19,2010-04-23,0,True,True
2010-04-30,2864,2874,2790,2800,4,0,0,2010-04-26,2010-04-30,0,True,True
2010-05-07,2716,2718,2580,2632,2,0,0,2010-05-06,2010-05-07,0,True,True
2010-05-14,2644,2806,2632,2766,5,0,0,2010-05-10,2010-05-14,0,True,True
2010-05-21,2706,2736,2500,2550,5,0,0,2010-05-17,2010-05-21,0,True,True
2010-05-28,2542,2608,2458,2564,5,0,0,2010-05-24,2010-05-28,0,True,True
2010-06-04,2578,2614,2496,2518,5,0,0,2010-05-31,2010-06-04,0,True,True
2010-06-11,2452,2458,2312,2416,5,0,0,2010-06-07,2010-06-11,0,True,True
2010-06-18,2434,2482,2408,2430,5,0,0,2010-06-14,2010-06-18,0,True,True
2010-06-25,2440,2530,2380,2388,5,0,0,2010-06-21,2010-06-25,0,True,True
2010-07-02,2372,2378,2154,2174,5,0,0,2010-06-28,2010-07-02,0,True,True
2010-07-09,2162,2288,2126,2228,5,0,0,2010-07-05,2010-07-09,0,True,True
2010-07-16,2212,2270,2150,2156,5,0,0,2010-07-12,2010-07-16,0,True,True
2010-07-23,2150,2272,2112,2260,3,0,0,2010-07-21,2010-07-23,0,True,True
2010-07-30,2278,2360,2266,2300,5,0,0,2010-07-26,2010-07-30,0,True,True
2010-08-06,2298,2408,2284,2382,5,0,0,2010-08-02,2010-08-06,0,True,True
2010-08-13,2368,2372,2112,2162,5,0,0,2010-08-09,2010-08-13,0,True,True
2010-08-20,2120,2248,2106,2200,5,0,0,2010-08-16,2010-08-20,0,True,True
2010-08-27,2194,2216,2126,2162,5,0,0,2010-08-23,2010-08-27,0,True,True
2010-09-03,2208,2340,2142,2334,5,0,0,2010-08-30,2010-09-03,0,True,True
2010-09-10,2352,2434,2294,2414,5,0,0,2010-09-06,2010-09-10,0,True,True
2010-09-17,2440,2548,2434,2540,4,0,0,2010-09-13,2010-09-17,0,True,True
2010-09-24,2566,2566,2470,2476,3,0,0,2010-09-21,2010-09-24,0,True,True
2010-10-01,2506,2628,2496,2550,5,0,0,2010-09-27,2010-10-01,0,True,True
2010-10-08,2576,2834,2568,2778,5,0,0,2010-10-04,2010-10-08,0,True,True
2010-10-15,2808,2910,2718,2874,4,0,0,2010-10-12,2010-10-15,0,True,True
2010-10-22,2850,2870,2628,2688,5,0,0,2010-10-18,2010-10-22,0,True,True
2010-10-29,2662,2726,2526,2556,5,0,0,2010-10-25,2010-10-29,0,True,True
2010-11-05,2544,2760,2544,2758,4,0,0,2010-11-01,2010-11-05,0,True,True
2010-11-12,2844,2858,2738,2738,5,0,0,2010-11-08,2010-11-12,0,True,True
2010-11-19,2722,2736,2606,2664,5,0,0,2010-11-15,2010-11-19,0,True,True
2010-11-26,2700,2748,2664,2664,4,0,0,2010-11-22,2010-11-26,0,True,True
2010-12-03,2660,2684,2590,2650,5,0,0,2010-11-29,2010-12-03,0,True,True
2010-12-10,2690,2776,2678,2726,5,0,0,2010-12-06,2010-12-10,0,True,True
2010-12-17,2718,2768,2710,2740,5,0,0,2010-12-13,2010-12-17,0,True,True
2010-12-24,2740,2870,2700,2842,4,0,0,2010-12-20,2010-12-24,0,True,True
2010-12-31,2828,2888,2808,2838,4,0,0,2010-12-27,2010-12-30,0,True,True
2011-01-07,2888,2912,2828,2834,4,0,0,2011-01-04,2011-01-07,0,True,True
2011-01-14,2832,2848,2764,2778,4,0,0,2011-01-11,2011-01-14,0,True,True
2011-01-21,2812,2958,2718,2736,5,0,0,2011-01-17,2011-01-21,0,True,True
2011-01-28,2738,2818,2664,2690,5,0,0,2011-01-24,2011-01-28,0,True,True
2011-02-04,2690,2910,2672,2862,5,0,0,2011-01-31,2011-02-04,0,True,True
2011-02-11,2918,2956,2884,2942,4,0,0,2011-02-07,2011-02-10,0,True,True
2011-02-18,2628,3158,2620,3152,5,0,0,2011-02-14,2011-02-18,0,True,True
2011-02-25,3150,3186,2980,3000,5,0,0,2011-02-21,2011-02-25,0,True,True
2011-03-04,3010,3130,2980,3092,5,0,0,2011-02-28,2011-03-04,0,True,True
2011-03-11,3088,3088,2850,2858,5,0,0,2011-03-07,2011-03-11,0,True,True
2011-03-18,2630,2760,2062,2634,5,0,0,2011-03-14,2011-03-18,0,True,True
2011-03-25,2736,2906,2670,2890,4,0,0,2011-03-22,2011-03-25,0,True,True
2011-04-01,2890,2928,2798,2884,5,0,0,2011-03-28,2011-04-01,0,True,True
2011-04-08,2900,2956,2858,2922,5,0,0,2011-04-04,2011-04-08,0,True,True
2011-04-15,2930,2964,2762,2812,5,0,0,2011-04-11,2011-04-15,0,True,True
2011-04-22,2798,2896,2762,2848,5,0,0,2011-04-18,2011-04-22,0,True,True
2011-04-29,2832,2896,2798,2874,4,0,0,2011-04-25,2011-04-28,0,True,True
2011-05-06,2900,2918,2758,2780,2,0,0,2011-05-02,2011-05-06,0,True,True
2011-05-13,2792,2812,2596,2620,5,0,0,2011-05-09,2011-05-13,0,True,True
2011-05-20,2600,2678,2548,2594,5,0,0,2011-05-16,2011-05-20,0,True,True
2011-05-27,2566,2600,2510,2564,5,0,0,2011-05-23,2011-05-27,0,True,True
2011-06-03,2544,2636,2510,2510,5,0,0,2011-05-30,2011-06-03,0,True,True
2011-06-10,2502,2524,2434,2478,5,0,0,2011-06-06,2011-06-10,0,True,True
2011-06-17,2450,2518,2408,2422,5,0,0,2011-06-13,2011-06-17,0,True,True
2011-06-24,2438,2520,2424,2516,5,0,0,2011-06-20,2011-06-24,0,True,True
2011-07-01,2502,2650,2488,2630,5,0,0,2011-06-27,2011-07-01,0,True,True
2011-07-08,2658,2724,2632,2694,5,0,0,2011-07-04,2011-07-08,0,True,True
2011-07-15,2678,2686,2606,2670,5,0,0,2011-07-11,2011-07-15,0,True,True
2011-07-22,2694,2776,2692,2754,4,0,0,2011-07-19,2011-07-22,0,True,True
2011-07-29,2770,2828,2722,2734,5,0,0,2011-07-25,2011-07-29,0,True,True
2011-08-05,2736,2770,2506,2568,5,0,0,2011-08-01,2011-08-05,0,True,True
2011-08-12,2560,2568,2420,2520,5,0,0,2011-08-08,2011-08-12,0,True,True
2011-08-19,2544,2560,2418,2420,5,0,0,2011-08-15,2011-08-19,0,True,True
2011-08-26,2402,2444,2344,2390,5,0,0,2011-08-22,2011-08-26,0,True,True
2011-09-02,2402,2502,2398,2446,5,0,0,2011-08-29,2011-09-02,0,True,True
2011-09-09,2430,2436,2270,2318,5,0,0,2011-09-05,2011-09-09,0,True,True
2011-09-16,2206,2364,2202,2358,5,0,0,2011-09-12,2011-09-16,0,True,True
2011-09-23,2320,2320,2186,2204,3,0,0,2011-09-20,2011-09-22,0,True,True
2011-09-30,2180,2180,2010,2074,5,0,0,2011-09-26,2011-09-30,0,True,True
2011-10-07,2016,2064,1882,2034,5,0,0,2011-10-03,2011-10-07,0,True,True
2011-10-14,2066,2100,1996,2052,4,0,0,2011-10-11,2011-10-14,0,True,True
2011-10-21,2128,2172,2000,2014,5,0,0,2011-10-17,2011-10-21,0,True,True
2011-10-28,2058,2306,2056,2234,5,0,0,2011-10-24,2011-10-28,0,True,True
2011-11-04,2228,2278,2068,2124,4,0,0,2011-10-31,2011-11-04,0,True,True
2011-11-11,2120,2124,1966,1996,5,0,0,2011-11-07,2011-11-11,0,True,True
2011-11-18,2036,2054,1942,1964,5,0,0,2011-11-14,2011-11-18,0,True,True
2011-11-25,1960,1960,1872,1924,4,0,0,2011-11-21,2011-11-25,0,True,True
2011-12-02,1974,2130,1968,2122,5,0,0,2011-11-28,2011-12-02,0,True,True
2011-12-09,2118,2118,2030,2046,5,0,0,2011-12-05,2011-12-09,0,True,True
2011-12-16,2088,2100,1952,1964,5,0,0,2011-12-12,2011-12-16,0,True,True
2011-12-23,1958,1978,1910,1950,4,0,0,2011-12-19,2011-12-22,0,True,True
2011-12-30,1972,1990,1922,1978,5,0,0,2011-12-26,2011-12-30,0,True,True
2012-01-06,2008,2024,1952,1964,3,0,0,2012-01-04,2012-01-06,0,True,True
2012-01-13,1974,2046,1954,2042,4,0,0,2012-01-10,2012-01-13,0,True,True
2012-01-20,2030,2180,2012,2164,5,0,0,2012-01-16,2012-01-20,0,True,True
2012-01-27,2164,2280,2142,2252,5,0,0,2012-01-23,2012-01-27,0,True,True
2012-02-03,2282,2286,2172,2206,5,0,0,2012-01-30,2012-02-03,0,True,True
2012-02-10,2258,2294,2210,2260,5,0,0,2012-02-06,2012-02-10,0,True,True
2012-02-17,2244,2348,2206,2340,5,0,0,2012-02-13,2012-02-17,0,True,True
2012-02-24,2400,2458,2372,2448,5,0,0,2012-02-20,2012-02-24,0,True,True
2012-03-02,2454,2500,2374,2390,5,0,0,2012-02-27,2012-03-02,0,True,True
2012-03-09,2396,2486,2292,2474,5,0,0,2012-03-05,2012-03-09,0,True,True
2012-03-16,2486,2488,2388,2424,5,0,0,2012-03-12,2012-03-16,0,True,True
2012-03-23,2434,2436,2292,2304,4,0,0,2012-03-19,2012-03-23,0,True,True
2012-03-30,2334,2540,2300,2326,5,0,0,2012-03-26,2012-03-30,0,True,True
2012-04-06,2350,2366,2186,2230,5,0,0,2012-04-02,2012-04-06,0,True,True
2012-04-13,2198,2204,2096,2132,5,0,0,2012-04-09,2012-04-13,0,True,True
2012-04-20,2100,2128,2060,2118,5,0,0,2012-04-16,2012-04-20,0,True,True
2012-04-27,2120,2160,2080,2112,5,0,0,2012-04-23,2012-04-27,0,True,True
2012-05-04,2108,2124,2054,2072,2,0,0,2012-05-01,2012-05-02,0,True,True
2012-05-11,2012,2028,1950,1956,5,0,0,2012-05-07,2012-05-11,0,True,True
2012-05-18,1900,1932,1826,1844,5,0,0,2012-05-14,2012-05-18,0,True,True
2012-05-25,1846,1914,1812,1814,5,0,0,2012-05-21,2012-05-25,0,True,True
2012-06-01,1808,1822,1730,1736,5,0,0,2012-05-28,2012-06-01,0,True,True
2012-06-08,1696,1784,1680,1726,5,0,0,2012-06-04,2012-06-08,0,True,True
2012-06-15,1756,1810,1726,1788,5,0,0,2012-06-11,2012-06-15,0,True,True
2012-06-22,1824,1878,1804,1814,5,0,0,2012-06-18,2012-06-22,0,True,True
2012-06-29,1838,1838,1728,1782,5,0,0,2012-06-25,2012-06-29,0,True,True
2012-07-06,1804,1854,1788,1808,5,0,0,2012-07-02,2012-07-06,0,True,True
2012-07-13,1784,1820,1718,1738,5,0,0,2012-07-09,2012-07-13,0,True,True
2012-07-20,1742,1766,1714,1727.27880859375,4,0,0,2012-07-17,2012-07-20,0,True,True
2012-07-27,1700,1702,1602,1686,5,0,0,2012-07-23,2012-07-27,0,True,True
2012-08-03,1708,1712,1610,1614,5,0,0,2012-07-30,2012-08-03,0,True,True
2012-08-10,1658,1736,1628,1660.8985595703125,5,0,0,2012-08-06,2012-08-10,0,True,True
2012-08-17,1666,1788,1652,1786,5,0,0,2012-08-13,2012-08-17,0,True,True
2012-08-24,1796,1810,1712,1746,5,0,0,2012-08-20,2012-08-24,0,True,True
2012-08-31,1750,1768,1616,1616,5,0,0,2012-08-27,2012-08-31,0,True,True
2012-09-07,1624,1682,1570,1680,5,0,0,2012-09-03,2012-09-07,0,True,True
2012-09-14,1684,2042,1680,2020,5,0,0,2012-09-10,2012-09-14,0,True,True
2012-09-21,2052,2124,2012,2050,4,0,0,2012-09-18,2012-09-21,0,True,True
2012-09-28,2030,2046,1904,1970,5,0,0,2012-09-24,2012-09-28,0,True,True
2012-10-05,1954,2108,1934,2102,5,0,0,2012-10-01,2012-10-05,0,True,True
2012-10-12,2072,2162,2022,2090,4,0,0,2012-10-09,2012-10-12,0,True,True
2012-10-19,2070,2146,2046,2122,5,0,0,2012-10-15,2012-10-19,0,True,True
2012-10-26,2064,2132,2040,2044,5,0,0,2012-10-22,2012-10-26,0,True,True
2012-11-02,2056,2124,2056,2096,5,0,0,2012-10-29,2012-11-02,0,True,True
2012-11-09,2084,2224,2050,2120,5,0,0,2012-11-05,2012-11-09,0,True,True
2012-11-16,2094,2118,2014,2072,5,0,0,2012-11-12,2012-11-16,0,True,True
2012-11-23,2106,2142,2090,2118,4,0,0,2012-11-19,2012-11-22,0,True,True
2012-11-30,2150,2268,2110,2258,5,0,0,2012-11-26,2012-11-30,0,True,True
2012-12-07,2264,2266,2208,2248,5,0,0,2012-12-03,2012-12-07,0,True,True
2012-12-14,2250,2352,2230,2326,5,0,0,2012-12-10,2012-12-14,0,True,True
2012-12-21,2370,2466,2322,2360,5,0,0,2012-12-17,2012-12-21,0,True,True
2012-12-28,2386,2448,2356,2416,4,0,0,2012-12-25,2012-12-28,0,True,True
2013-01-04,2596,2596,2494,2520,1,0,0,2013-01-04,2013-01-04,0,True,True
2013-01-11,2520,2556,2410,2524,5,0,0,2013-01-07,2013-01-11,0,True,True
2013-01-18,2580,2768,2564,2724,4,0,0,2013-01-15,2013-01-18,0,True,True
2013-01-25,2756,2770,2656,2770,5,0,0,2013-01-21,2013-01-25,0,True,True
2013-02-01,2780,2924,2710,2898,5,0,0,2013-01-28,2013-02-01,0,True,True
2013-02-08,2990,3300,2948,3214,5,0,0,2013-02-04,2013-02-08,0,True,True
2013-02-15,3304,3356,2976,3044,4,0,0,2013-02-12,2013-02-15,0,True,True
2013-02-22,3080,3142,2828,2872,5,0,0,2013-02-18,2013-02-22,0,True,True
2013-03-01,2958,3004,2858,2920,5,0,0,2013-02-25,2013-03-01,0,True,True
2013-03-08,2910,2910,2722,2794,5,0,0,2013-03-04,2013-03-08,0,True,True
2013-03-15,2824,2858,2742,2772,5,0,0,2013-03-11,2013-03-15,0,True,True
2013-03-22,2760,2930,2742,2816,4,0,0,2013-03-18,2013-03-22,0,True,True
2013-03-29,2858,2858,2646,2686,5,0,0,2013-03-25,2013-03-29,0,True,True
2013-04-05,2684,2684,2394,2408,5,0,0,2013-04-01,2013-04-05,0,True,True
2013-04-12,2472,2924,2472,2768,5,0,0,2013-04-08,2013-04-12,0,True,True
2013-04-19,2668,2724,2428,2596,5,0,0,2013-04-15,2013-04-19,0,True,True
2013-04-26,2650,2762,2572,2690,5,0,0,2013-04-22,2013-04-26,0,True,True
2013-05-03,2720,2752,2604,2624,3,0,0,2013-04-30,2013-05-02,0,True,True
2013-05-10,2720,2798,2688,2790,4,0,0,2013-05-07,2013-05-10,0,True,True
2013-05-17,2800,2890,2758,2814,5,0,0,2013-05-13,2013-05-17,0,True,True
2013-05-24,2822,3006,2626,2716,5,0,0,2013-05-20,2013-05-24,0,True,True
2013-05-31,2698,2728,2584,2608,5,0,0,2013-05-27,2013-05-31,0,True,True
2013-06-07,2562,2646,2420,2460,5,0,0,2013-06-03,2013-06-07,0,True,True
2013-06-14,2510,2588,2370,2378,5,0,0,2013-06-10,2013-06-14,0,True,True
2013-06-21,2352,2490,2190,2324,5,0,0,2013-06-17,2013-06-21,0,True,True
2013-06-28,2360,2372,2108,2212,5,0,0,2013-06-24,2013-06-28,0,True,True
2013-07-05,2250,2410,2210,2408,5,0,0,2013-07-01,2013-07-05,0,True,True
2013-07-12,2408,2540,2340,2508,5,0,0,2013-07-08,2013-07-12,0,True,True
2013-07-19,2492,2540,2442,2460,4,0,0,2013-07-16,2013-07-19,0,True,True
2013-07-26,2522,2658,2474,2524,5,0,0,2013-07-22,2013-07-26,0,True,True
2013-08-02,2484,2658,2444,2618,5,0,0,2013-07-29,2013-08-02,0,True,True
2013-08-09,2598,2690,2418,2672,5,0,0,2013-08-05,2013-08-09,0,True,True
2013-08-16,2666,2898,2654,2780,5,0,0,2013-08-12,2013-08-16,0,True,True
2013-08-23,2744,2814,2566,2698,5,0,0,2013-08-19,2013-08-23,0,True,True
2013-08-30,2724,2798,2648,2652,5,0,0,2013-08-26,2013-08-30,0,True,True
2013-09-06,2660,2772,2626,2678,5,0,0,2013-09-02,2013-09-06,0,True,True
2013-09-13,2746,2796,2634,2676,5,0,0,2013-09-09,2013-09-13,0,True,True
2013-09-20,2696,2942,2678,2860,4,0,0,2013-09-17,2013-09-20,0,True,True
2013-09-27,2832,2868,2782,2856,4,0,0,2013-09-24,2013-09-27,0,True,True
2013-10-04,2770,2846,2654,2706,5,0,0,2013-09-30,2013-10-04,0,True,True
2013-10-11,2716,2728,2584,2694,5,0,0,2013-10-07,2013-10-11,0,True,True
2013-10-18,2714,2742,2658,2700,4,0,0,2013-10-15,2013-10-18,0,True,True
2013-10-25,2720,2812,2704,2714,5,0,0,2013-10-21,2013-10-25,0,True,True
2013-11-01,2732,2784,2666,2688,5,0,0,2013-10-28,2013-11-01,0,True,True
2013-11-08,2716,2724,2626,2650,4,0,0,2013-11-05,2013-11-08,0,True,True
2013-11-15,2656,2782,2620,2776,5,0,0,2013-11-11,2013-11-15,0,True,True
2013-11-22,2794,2814,2752,2774,5,0,0,2013-11-18,2013-11-22,0,True,True
2013-11-29,2774,2776,2690,2726,5,0,0,2013-11-25,2013-11-29,0,True,True
2013-12-06,2726,2726,2552,2572,5,0,0,2013-12-02,2013-12-06,0,True,True
2013-12-13,2598,2628,2534,2534,5,0,0,2013-12-09,2013-12-13,0,True,True
2013-12-20,2550,2618,2506,2610,5,0,0,2013-12-16,2013-12-20,0,True,True
2013-12-27,2612,2686,2588,2682,4,0,0,2013-12-24,2013-12-27,0,True,True
2014-01-03,2696,2764,2684,2754,1,0,0,2013-12-30,2013-12-30,0,True,True
2014-01-10,2754,2806,2702,2770,5,0,0,2014-01-06,2014-01-10,0,True,True
2014-01-17,2716,2898,2710,2878,4,0,0,2014-01-14,2014-01-17,0,True,True
2014-01-24,2902,2980,2832,2848,5,0,0,2014-01-20,2014-01-24,0,True,True
2014-01-31,2764,2806,2668,2690,5,0,0,2014-01-27,2014-01-31,0,True,True
2014-02-07,2662,2678,2468,2604,5,0,0,2014-02-03,2014-02-07,0,True,True
2014-02-14,2650,2804,2600,2660,4,0,0,2014-02-10,2014-02-14,0,True,True
2014-02-21,2650,2802,2640,2778,5,0,0,2014-02-17,2014-02-21,0,True,True
2014-02-28,2754,2806,2638,2660,5,0,0,2014-02-24,2014-02-28,0,True,True
2014-03-07,2644,2778,2628,2760,5,0,0,2014-03-03,2014-03-07,0,True,True
2014-03-14,2714,2730,2480,2502,5,0,0,2014-03-10,2014-03-14,0,True,True
2014-03-21,2502,2548,2400,2420,4,0,0,2014-03-17,2014-03-20,0,True,True
2014-03-28,2520,2542,2422,2514,5,0,0,2014-03-24,2014-03-28,0,True,True
2014-04-04,2540,2658,2536,2608,5,0,0,2014-03-31,2014-04-04,0,True,True
2014-04-11,2594,2762,2552,2752,5,0,0,2014-04-07,2014-04-11,0,True,True
2014-04-18,2746,2934,2730,2900,5,0,0,2014-04-14,2014-04-18,0,True,True
2014-04-25,2898,3166,2840,3086,5,0,0,2014-04-21,2014-04-25,0,True,True
2014-05-02,3054,3186,3022,3038,4,0,0,2014-04-28,2014-05-02,0,True,True
2014-05-09,3022,3178,2992,3160,3,0,0,2014-05-07,2014-05-09,0,True,True
2014-05-16,3090,3298,3016,3074,5,0,0,2014-05-12,2014-05-16,0,True,True
2014-05-23,3180,3288,3052,3146,5,0,0,2014-05-19,2014-05-23,0,True,True
2014-05-30,3160,3214,3044,3078,5,0,0,2014-05-26,2014-05-30,0,True,True
2014-06-06,3120,3260,3110,3152,5,0,0,2014-06-02,2014-06-06,0,True,True
2014-06-13,3160,3164,2990,3062,5,0,0,2014-06-09,2014-06-13,0,True,True
2014-06-20,3080,3294,3072,3240,5,0,0,2014-06-16,2014-06-20,0,True,True
2014-06-27,3234,3360,3180,3272,5,0,0,2014-06-23,2014-06-27,0,True,True
2014-07-04,3298,3484,3262,3464,5,0,0,2014-06-30,2014-07-04,0,True,True
2014-07-11,3460,3524,3410,3446,5,0,0,2014-07-07,2014-07-11,0,True,True
2014-07-18,3456,3550,3406,3426,5,0,0,2014-07-14,2014-07-18,0,True,True
2014-07-25,3454,3600,3438,3534,4,0,0,2014-07-22,2014-07-25,0,True,True
2014-08-01,3520,3575,3402,3446,5,0,0,2014-07-28,2014-08-01,0,True,True
2014-08-08,3440,3466,3102,3146,5,0,0,2014-08-04,2014-08-08,0,True,True
2014-08-15,3226,3346,3172,3275,5,0,0,2014-08-11,2014-08-15,0,True,True
2014-08-22,3254,3348,3210,3240,5,0,0,2014-08-18,2014-08-22,0,True,True
2014-08-29,3226,3249,3139,3157,5,0,0,2014-08-25,2014-08-29,0,True,True
2014-09-05,3224,3498,3182,3453,5,0,0,2014-09-01,2014-09-05,0,True,True
2014-09-12,3483,3516,3200,3315,5,0,0,2014-09-08,2014-09-12,0,True,True
2014-09-19,3286,3288,3216,3261,4,0,0,2014-09-16,2014-09-19,0,True,True
2014-09-26,3232,3254,3071,3151,4,0,0,2014-09-22,2014-09-26,0,True,True
2014-10-03,3190,3198,2981,3012,5,0,0,2014-09-29,2014-10-03,0,True,True
2014-10-10,3060,3083,2853,2864,5,0,0,2014-10-06,2014-10-10,0,True,True
2014-10-17,2825,2902,2723,2732,4,0,0,2014-10-14,2014-10-17,0,True,True
2014-10-24,2828,2895,2757,2840,5,0,0,2014-10-20,2014-10-24,0,True,True
2014-10-31,2860,3036,2790,3028,5,0,0,2014-10-27,2014-10-31,0,True,True
2014-11-07,3203,3208,2948,2990,4,0,0,2014-11-04,2014-11-07,0,True,True
2014-11-14,3007,3408,2996,3405,5,0,0,2014-11-10,2014-11-14,0,True,True
2014-11-21,3380,3498,3302,3492,5,0,0,2014-11-17,2014-11-21,0,True,True
2014-11-28,3550,3664,3528,3634,4,0,0,2014-11-25,2014-11-28,0,True,True
2014-12-05,3571,3732,3440,3685,5,0,0,2014-12-01,2014-12-05,0,True,True
2014-12-12,3720,3760,3517,3641,5,0,0,2014-12-08,2014-12-12,0,True,True
2014-12-19,3608,3695,3520,3634,5,0,0,2014-12-15,2014-12-19,0,True,True
2014-12-26,3623,3700,3589,3638,4,0,0,2014-12-22,2014-12-26,0,True,True
2015-01-02,3645,3669,3606,3620,2,0,0,2014-12-29,2014-12-30,0,True,True
2015-01-09,3614,3621,3412,3541,5,0,0,2015-01-05,2015-01-09,0,True,True
2015-01-16,3522,3546,3136,3274,4,0,0,2015-01-13,2015-01-16,0,True,True
2015-01-23,3330,3557,3322,3529,5,0,0,2015-01-19,2015-01-23,0,True,True
2015-01-30,3474,3490,3380,3396,5,0,0,2015-01-26,2015-01-30,0,True,True
2015-02-06,3386,3568,3364,3557,5,0,0,2015-02-02,2015-02-06,0,True,True
2015-02-13,3580,3589,3434,3507,4,0,0,2015-02-09,2015-02-13,0,True,True
2015-02-20,3551,3646,3535,3620,5,0,0,2015-02-16,2015-02-20,0,True,True
2015-02-27,3659,3817,3613,3777,5,0,0,2015-02-23,2015-02-27,0,True,True
2015-03-06,3754,3920,3754,3808,5,0,0,2015-03-02,2015-03-06,0,True,True
2015-03-13,3761,3761,3585,3683,5,0,0,2015-03-09,2015-03-13,0,True,True
2015-03-20,3675,3706,3610,3647,5,0,0,2015-03-16,2015-03-20,0,True,True
2015-03-27,3691,3748,3569,3601,5,0,0,2015-03-23,2015-03-27,0,True,True
2015-04-03,3578,3610,3381,3467,5,0,0,2015-03-30,2015-04-03,0,True,True
2015-04-10,3467,3584,3414,3423,5,0,0,2015-04-06,2015-04-10,0,True,True
2015-04-17,3412,3501,3348,3494,5,0,0,2015-04-13,2015-04-17,0,True,True
2015-04-24,3507,3557,3455,3513,5,0,0,2015-04-20,2015-04-24,0,True,True
2015-05-01,3536,3626,3503,3569,4,0,0,2015-04-27,2015-05-01,0,True,True
2015-05-08,3607,3689,3587,3621,2,0,0,2015-05-07,2015-05-08,0,True,True
2015-05-15,3641,3850,3604,3770,5,0,0,2015-05-11,2015-05-15,0,True,True
2015-05-22,3788,3820,3630,3778,5,0,0,2015-05-18,2015-05-22,0,True,True
2015-05-29,3778,3888,3756,3845,5,0,0,2015-05-25,2015-05-29,0,True,True
2015-06-05,3811,4000,3811,3899,5,0,0,2015-06-01,2015-06-05,0,True,True
2015-06-12,3902,4080,3880,4003,5,0,0,2015-06-08,2015-06-12,0,True,True
2015-06-19,3970,3999,3892,3942,5,0,0,2015-06-15,2015-06-19,0,True,True
2015-06-26,3912,4062,3870,3874,5,0,0,2015-06-22,2015-06-26,0,True,True
2015-07-03,3751,3796,3680,3693,5,0,0,2015-06-29,2015-07-03,0,True,True
2015-07-10,3634,3680,3264,3456,5,0,0,2015-07-06,2015-07-10,0,True,True
2015-07-17,3470,3621,3438,3515,5,0,0,2015-07-13,2015-07-17,0,True,True
2015-07-24,3480,3491,3356,3365,4,0,0,2015-07-21,2015-07-24,0,True,True
2015-07-31,3330,3392,3210,3339,5,0,0,2015-07-27,2015-07-31,0,True,True
2015-08-07,3314,3331,3137,3273,5,0,0,2015-08-03,2015-08-07,0,True,True
2015-08-14,3244,3388,3166,3224,5,0,0,2015-08-10,2015-08-14,0,True,True
2015-08-21,3240,3260,3081,3084,5,0,0,2015-08-17,2015-08-21,0,True,True
2015-08-28,3020,3117,2758,3099,5,0,0,2015-08-24,2015-08-28,0,True,True
2015-09-04,3040,3098,2781,2805,5,0,0,2015-08-31,2015-09-04,0,True,True
2015-09-11,2785,3117,2781,3067,5,0,0,2015-09-07,2015-09-11,0,True,True
2015-09-18,3056,3066,2912,2991,5,0,0,2015-09-14,2015-09-18,0,True,True
2015-09-25,2902,2927,2835,2918,2,0,0,2015-09-24,2015-09-25,0,True,True
2015-10-02,2893,2922,2637,2729,5,0,0,2015-09-28,2015-10-02,0,True,True
2015-10-09,2776,3156,2772,3156,5,0,0,2015-10-05,2015-10-09,0,True,True
2015-10-16,3076,3155,2942,3072,4,0,0,2015-10-13,2015-10-16,0,True,True
2015-10-23,3030,3157,2890,3119,5,0,0,2015-10-19,2015-10-23,0,True,True
2015-10-30,3170,3188,2968,3021,5,0,0,2015-10-26,2015-10-30,0,True,True
2015-11-06,2941,3060,2912,3031,4,0,0,2015-11-02,2015-11-06,0,True,True
2015-11-13,3031,3053,2663,2684,5,0,0,2015-11-09,2015-11-13,0,True,True
2015-11-20,2640,2743,2624,2738,5,0,0,2015-11-16,2015-11-20,0,True,True
2015-11-27,2716,2882,2668,2824,4,0,0,2015-11-24,2015-11-27,0,True,True
2015-12-04,2806,2899,2754,2822,5,0,0,2015-11-30,2015-12-04,0,True,True
2015-12-11,2830,2868,2704,2805,5,0,0,2015-12-07,2015-12-11,0,True,True
2015-12-18,2726,2893,2661,2755,5,0,0,2015-12-14,2015-12-18,0,True,True
2015-12-25,2734,2944,2712,2898,3,0,0,2015-12-21,2015-12-25,1,True,True
2016-01-01,2901,3037,2891,2959,3,0,0,2015-12-28,2015-12-30,0,True,True
2016-01-08,2946,3019,2645,2652,5,0,0,2016-01-04,2016-01-08,0,True,True
2016-01-15,2596,2596,2372,2439,4,0,0,2016-01-12,2016-01-15,0,True,True
2016-01-22,2370,2520,2296,2424,5,0,0,2016-01-18,2016-01-22,0,True,True
2016-01-29,2476,2565,2358,2514,5,0,0,2016-01-25,2016-01-29,0,True,True
2016-02-05,2571,2574,2284,2543,5,0,0,2016-02-01,2016-02-05,0,True,True
2016-02-12,2444,2448,2025,2074,4,0,0,2016-02-08,2016-02-12,0,True,True
2016-02-19,2190,2350,2134,2259,5,0,0,2016-02-15,2016-02-19,0,True,True
2016-02-26,2220,2553,2219,2485,5,0,0,2016-02-22,2016-02-26,0,True,True
2016-03-04,2545,2701,2378,2651,5,0,0,2016-02-29,2016-03-04,0,True,True
2016-03-11,2700,2716,2372,2511,5,0,0,2016-03-07,2016-03-11,0,True,True
2016-03-18,2554,2574,2396,2464,5,0,0,2016-03-14,2016-03-18,0,True,True
2016-03-25,2524,2533,2343,2374,4,0,0,2016-03-22,2016-03-25,0,True,True
2016-04-01,2398,2423,2177,2179,5,0,0,2016-03-28,2016-04-01,0,True,True
2016-04-08,2152,2219,2052,2139,5,0,0,2016-04-04,2016-04-08,0,True,True
2016-04-15,2131,2427,2082,2398,5,0,0,2016-04-11,2016-04-15,0,True,True
2016-04-22,2288,2620,2285,2619,5,0,0,2016-04-18,2016-04-22,0,True,True
2016-04-29,2627,2642,2498,2504,4,0,0,2016-04-25,2016-04-28,0,True,True
2016-05-06,2423,2480,2324,2347,2,0,0,2016-05-02,2016-05-06,0,True,True
2016-05-13,2392,2400,2202,2216,5,0,0,2016-05-09,2016-05-13,0,True,True
2016-05-20,2212,2464,2211,2316,5,0,0,2016-05-16,2016-05-20,0,True,True
2016-05-27,2310,2313,2203,2231,5,0,0,2016-05-23,2016-05-27,0,True,True
2016-06-03,2237,2289,2132,2153,5,0,0,2016-05-30,2016-06-03,0,True,True
2016-06-10,2152,2390,2132,2242,5,0,0,2016-06-06,2016-06-10,0,True,True
2016-06-17,2164,2181,2024,2050,5,0,0,2016-06-13,2016-06-17,0,True,True
2016-06-24,2090,2200,2003,2013,5,0,0,2016-06-20,2016-06-24,0,True,True
2016-07-01,2054,2096,1946,2059,5,0,0,2016-06-27,2016-07-01,0,True,True
2016-07-08,2100,2246,2062,2062,5,0,0,2016-07-04,2016-07-08,0,True,True
2016-07-15,2232,2474,2207,2402,4,0,0,2016-07-11,2016-07-15,1,True,True
2016-07-22,2373,2490,2356,2461,4,0,0,2016-07-19,2016-07-22,0,True,True
2016-07-29,2474,2527,2388,2487,5,0,0,2016-07-25,2016-07-29,0,True,True
2016-08-05,2443,2663,2362,2610,5,0,0,2016-08-01,2016-08-05,0,True,True
2016-08-12,2654,2740,2621,2683,4,0,0,2016-08-08,2016-08-12,0,True,True
2016-08-19,2581,2690,2518,2677,5,0,0,2016-08-15,2016-08-19,0,True,True
2016-08-26,2672,2691,2531,2560,5,0,0,2016-08-22,2016-08-26,0,True,True
2016-09-02,2606,2678,2571,2646,5,0,0,2016-08-29,2016-09-02,0,True,True
2016-09-09,2684,2726,2624,2700,5,0,0,2016-09-05,2016-09-09,0,True,True
2016-09-16,2640,2673,2495,2545,5,0,0,2016-09-12,2016-09-16,0,True,True
2016-09-23,2591,2718,2539,2665,3,0,0,2016-09-20,2016-09-23,0,True,True
2016-09-30,2644,2867,2582,2773,5,0,0,2016-09-26,2016-09-30,0,True,True
2016-10-07,2800,2808,2591,2636,5,0,0,2016-10-03,2016-10-07,0,True,True
2016-10-14,2671,2677,2584,2622,4,0,0,2016-10-11,2016-10-14,0,True,True
2016-10-21,2605,2746,2603,2725,5,0,0,2016-10-17,2016-10-21,0,True,True
2016-10-28,2710,2742,2622,2729,5,0,0,2016-10-24,2016-10-28,0,True,True
2016-11-04,2715,2737,2659,2700,4,0,0,2016-10-31,2016-11-04,0,True,True
2016-11-11,2739,3088,2622,3069,5,0,0,2016-11-07,2016-11-11,0,True,True
2016-11-18,2976,3128,2970,3078,5,0,0,2016-11-14,2016-11-18,0,True,True
2016-11-25,3070,3239,2992,3184,4,0,0,2016-11-21,2016-11-25,0,True,True
2016-12-02,3204,3218,3053,3148,5,0,0,2016-11-28,2016-12-02,0,True,True
2016-12-09,3134,3338,3113,3333,5,0,0,2016-12-05,2016-12-09,0,True,True
2016-12-16,3340,3353,3091,3124,5,0,0,2016-12-12,2016-12-16,0,True,True
2016-12-23,3089,3098,3015,3062,4,0,0,2016-12-19,2016-12-22,0,True,True
2016-12-30,3022,3123,2984,3014,5,0,0,2016-12-26,2016-12-30,0,True,True
2017-01-06,3050,3200,3034,3109,3,0,0,2017-01-04,2017-01-06,0,True,True
2017-01-13,3078,3204,2887,2992,4,0,0,2017-01-10,2017-01-13,0,True,True
2017-01-20,2980,3063,2927,3033,5,0,0,2017-01-16,2017-01-20,0,True,True
2017-01-27,3004,3120,2967,3097,5,0,0,2017-01-23,2017-01-27,0,True,True
2017-02-03,3085,3210,3049,3171,5,0,0,2017-01-30,2017-02-03,0,True,True
2017-02-10,3180,3276,3075,3178,5,0,0,2017-02-06,2017-02-10,0,True,True
2017-02-17,3227,3335,3212,3278,5,0,0,2017-02-13,2017-02-17,0,True,True
2017-02-24,3269,3286,3139,3146,5,0,0,2017-02-20,2017-02-24,0,True,True
2017-03-03,3112,3259,3096,3231,5,0,0,2017-02-27,2017-03-03,0,True,True
2017-03-10,3228,3235,3104,3148,5,0,0,2017-03-06,2017-03-10,0,True,True
2017-03-17,3140,3242,3107,3187,5,0,0,2017-03-13,2017-03-17,0,True,True
2017-03-24,3207,3247,3116,3212,4,0,0,2017-03-21,2017-03-24,0,True,True
2017-03-31,3172,3241,3124,3167,5,0,0,2017-03-27,2017-03-31,0,True,True
2017-04-07,3177,3183,3062,3075,5,0,0,2017-04-03,2017-04-07,0,True,True
2017-04-14,3084,3119,2925,2988,5,0,0,2017-04-10,2017-04-14,0,True,True
2017-04-21,2953,3011,2832,2923,5,0,0,2017-04-17,2017-04-21,0,True,True
2017-04-28,2956,3049,2913,3023,5,0,0,2017-04-24,2017-04-28,0,True,True
2017-05-05,3005,3013,2964,2987,2,0,0,2017-05-01,2017-05-02,0,True,True
2017-05-12,3010,3017,2827,2846,5,0,0,2017-05-08,2017-05-12,0,True,True
2017-05-19,2822,2829,2690,2785,5,0,0,2017-05-15,2017-05-19,0,True,True
2017-05-26,2806,2835,2713,2765,5,0,0,2017-05-22,2017-05-26,0,True,True
2017-06-02,2761,2775,2660,2730,5,0,0,2017-05-29,2017-06-02,0,True,True
2017-06-09,2675,2753,2613,2725,5,0,0,2017-06-05,2017-06-09,0,True,True
2017-06-16,2754,2802,2654,2692,5,0,0,2017-06-12,2017-06-16,0,True,True
2017-06-23,2698,2862,2686,2854,5,0,0,2017-06-19,2017-06-23,0,True,True
2017-06-30,2910,3028,2878,3001,5,0,0,2017-06-26,2017-06-30,0,True,True
2017-07-07,3010,3045,2953,3016,5,0,0,2017-07-03,2017-07-07,0,True,True
2017-07-14,3025,3148,2996,3130,5,0,0,2017-07-10,2017-07-14,0,True,True
2017-07-21,3131,3184,3124,3125,4,0,0,2017-07-17,2017-07-21,1,True,True
2017-07-28,3106,3290,3080,3277,5,0,0,2017-07-24,2017-07-28,0,True,True
2017-08-04,3300,3473,3297,3455,5,0,0,2017-07-31,2017-08-04,0,True,True
2017-08-11,3470,3732,3396,3692,4,0,0,2017-08-07,2017-08-11,1,True,True
2017-08-18,3630,3715,3554,3627,5,0,0,2017-08-14,2017-08-18,0,True,True
2017-08-25,3640,3862,3613,3765,5,0,0,2017-08-21,2017-08-25,0,True,True
2017-09-01,3797,3875,3726,3841,5,0,0,2017-08-28,2017-09-01,0,True,True
2017-09-08,3808,3827,3711,3773,5,0,0,2017-09-04,2017-09-08,0,True,True
2017-09-15,3728,3912,3660,3795,5,0,0,2017-09-11,2017-09-15,0,True,True
2017-09-22,3834,3933,3606,3680,4,0,0,2017-09-18,2017-09-22,1,True,True
2017-09-29,3700,3743,3609,3614,5,0,0,2017-09-25,2017-09-29,0,True,True
2017-10-06,3602,3859,3563,3859,5,0,0,2017-10-02,2017-10-06,0,True,True
2017-10-13,3899,4004,3833,3927,4,0,0,2017-10-09,2017-10-13,1,True,True
2017-10-20,3968,4292,3953,4284,5,0,0,2017-10-16,2017-10-20,0,True,True
2017-10-27,4300,4474,4270,4442,5,0,0,2017-10-23,2017-10-27,0,True,True
2017-11-03,4401,4840,4385,4834,4,0,0,2017-10-30,2017-11-03,1,True,True
2017-11-10,4815,5022,4643,4688,5,0,0,2017-11-06,2017-11-10,0,True,True
2017-11-17,4637,4694,4347,4441,5,0,0,2017-11-13,2017-11-17,0,True,True
2017-11-24,4416,4640,4405,4543,4,0,0,2017-11-20,2017-11-24,1,True,True
2017-12-01,4564,4584,4325,4355,5,0,0,2017-11-27,2017-12-01,0,True,True
2017-12-08,4372,4404,4171,4275,5,0,0,2017-12-04,2017-12-08,0,True,True
2017-12-15,4330,4404,4233,4298,5,0,0,2017-12-11,2017-12-15,0,True,True
2017-12-22,4357,4891,4311,4891,5,0,0,2017-12-18,2017-12-22,0,True,True
2017-12-29,4884,5267,4850,5178,5,0,0,2017-12-25,2017-12-29,0,True,True
2018-01-05,5222,5535,5186,5490,2,0,0,2018-01-01,2018-01-05,3,True,True
2018-01-12,5519,5562,5274,5460,4,0,0,2018-01-08,2018-01-12,1,True,True
2018-01-19,5512,5528,5161,5310,5,0,0,2018-01-15,2018-01-19,0,True,True
2018-01-26,5255,5331,5133,5234,5,0,0,2018-01-22,2018-01-26,0,True,True
2018-02-02,5250,5310,5070,5212,5,0,0,2018-01-29,2018-02-02,0,True,True
2018-02-09,5056,5071,4615,4688,5,0,0,2018-02-05,2018-02-09,0,True,True
2018-02-16,4800,5160,4766,5117,4,0,0,2018-02-12,2018-02-16,1,True,True
2018-02-23,5176,5262,4947,5136,5,0,0,2018-02-19,2018-02-23,0,True,True
2018-03-02,5151,5167,4635,4659,5,0,0,2018-02-26,2018-03-02,0,True,True
2018-03-09,4598,4622,4377,4396,5,0,0,2018-03-05,2018-03-09,0,True,True
2018-03-16,4471,4590,4409,4538,5,0,0,2018-03-12,2018-03-16,0,True,True
2018-03-23,4487,4557,4300,4320,4,0,0,2018-03-19,2018-03-23,1,True,True
2018-03-30,4268,4557,4239,4480,5,0,0,2018-03-26,2018-03-30,0,True,True
2018-04-06,4492,4522,4289,4316,5,0,0,2018-04-02,2018-04-06,0,True,True
2018-04-13,4300,4563,4273,4457,5,0,0,2018-04-09,2018-04-13,0,True,True
2018-04-20,4428,4902,4315,4882,5,0,0,2018-04-16,2018-04-20,0,True,True
2018-04-27,4850,4890,4589,4698,5,0,0,2018-04-23,2018-04-27,0,True,True
2018-05-04,4671,4725,4641,4684,2,0,0,2018-04-30,2018-05-04,3,True,True
2018-05-11,4741,4774,4526,4646,5,0,0,2018-05-07,2018-05-11,0,True,True
2018-05-18,4676,4718,4457,4610,5,0,0,2018-05-14,2018-05-18,0,True,True
2018-05-25,4644,4647,4307,4381,5,0,0,2018-05-21,2018-05-25,0,True,True
2018-06-01,4381,4383,4068,4179,5,0,0,2018-05-28,2018-06-01,0,True,True
2018-06-08,4278,4757,4270,4694,5,0,0,2018-06-04,2018-06-08,0,True,True
2018-06-15,4694,4770,4543,4610,5,0,0,2018-06-11,2018-06-15,0,True,True
2018-06-22,4513,4525,4185,4260,5,0,0,2018-06-18,2018-06-22,0,True,True
2018-06-29,4288,4290,4137,4238,5,0,0,2018-06-25,2018-06-29,0,True,True
2018-07-06,4238,4271,3832,3954,5,0,0,2018-07-02,2018-07-06,0,True,True
2018-07-13,4024,4255,3986,4029,5,0,0,2018-07-09,2018-07-13,0,True,True
2018-07-20,3986,4009,3790,3822,4,0,0,2018-07-16,2018-07-20,1,True,True
2018-07-27,3785,4150,3761,4071,5,0,0,2018-07-23,2018-07-27,0,True,True
2018-08-03,4109,4158,3937,3959,5,0,0,2018-07-30,2018-08-03,0,True,True
2018-08-10,4003,4013,3744,3866,5,0,0,2018-08-06,2018-08-10,0,True,True
2018-08-17,3784,3819,3599,3717,5,0,0,2018-08-13,2018-08-17,0,True,True
2018-08-24,3684,3690,3486,3534,5,0,0,2018-08-20,2018-08-24,0,True,True
2018-08-31,3596,3720,3564,3590,5,0,0,2018-08-27,2018-08-31,0,True,True
2018-09-07,3563,3615,3480,3500,5,0,0,2018-09-03,2018-09-07,0,True,True
2018-09-14,3468,3687,3464,3685,5,0,0,2018-09-10,2018-09-14,0,True,True
2018-09-21,3665,4043,3652,4040,4,0,0,2018-09-17,2018-09-21,1,True,True
2018-09-28,4060,4060,3951,3986,4,0,0,2018-09-24,2018-09-28,1,True,True
2018-10-05,3946,4052,3871,3923,5,0,0,2018-10-01,2018-10-05,0,True,True
2018-10-12,3909,3925,3607,3753,4,0,0,2018-10-08,2018-10-12,1,True,True
2018-10-19,3706,3879,3640,3710,5,0,0,2018-10-15,2018-10-19,0,True,True
2018-10-26,3673,3762,3409,3443,5,0,0,2018-10-22,2018-10-26,0,True,True
2018-11-02,3495,3747,3433,3712,5,0,0,2018-10-29,2018-11-02,0,True,True
2018-11-09,3695,3853,3489,3515,5,0,0,2018-11-05,2018-11-09,0,True,True
2018-11-16,3453,3474,3246,3251,5,0,0,2018-11-12,2018-11-16,0,True,True
2018-11-23,3205,3222,3077,3149,4,0,0,2018-11-19,2018-11-23,1,True,True
2018-11-30,3121,3327,3112,3305,5,0,0,2018-11-26,2018-11-30,0,True,True
2018-12-07,3349,3459,3135,3163,5,0,0,2018-12-03,2018-12-07,0,True,True
2018-12-14,3093,3305,3087,3214,5,0,0,2018-12-10,2018-12-14,0,True,True
2018-12-21,3221,3282,2948.5,2961,5,0,0,2018-12-17,2018-12-21,0,True,True
2018-12-28,2815,2977.5,2743,2947.5,4,0,0,2018-12-24,2018-12-28,1,True,True
2019-01-04,2874,2897,2781,2847,1,0,0,2018-12-31,2019-01-04,1,True,True
2019-01-11,2975.5,3104,2953,3060,5,0,0,2019-01-07,2019-01-11,0,True,True
2019-01-18,3037,3167,3006,3157,4,0,0,2019-01-15,2019-01-18,0,True,True
2019-01-25,3222,3247,3065,3107,5,0,0,2019-01-21,2019-01-25,0,True,True
2019-02-01,3119,3156,3025,3090,5,0,0,2019-01-28,2019-02-01,0,True,True
2019-02-08,3090,3284,3013,3023,5,0,0,2019-02-04,2019-02-08,0,True,True
2019-02-15,2853,3070,2852.5,2894,4,0,0,2019-02-12,2019-02-15,0,True,True
2019-02-22,2987,3305,2976.5,3281,5,0,0,2019-02-18,2019-02-22,0,True,True
2019-03-01,3400,3411,3208,3250,5,0,0,2019-02-25,2019-03-01,0,True,True
2019-03-08,3281,3334,3112,3121,5,0,0,2019-03-04,2019-03-08,0,True,True
2019-03-15,3127,3304,3125,3177,5,0,0,2019-03-11,2019-03-15,0,True,True
2019-03-22,3220,3338,3176,3338,4,0,0,2019-03-18,2019-03-22,0,True,True
2019-03-29,3234,3298,3144,3270,5,0,0,2019-03-25,2019-03-29,0,True,True
2019-04-05,3340,3647,3340,3613,5,0,0,2019-04-01,2019-04-05,0,True,True
2019-04-12,3607,3625,3468,3492,5,0,0,2019-04-08,2019-04-12,0,True,True
2019-04-19,3614,3673,3561,3625,5,0,0,2019-04-15,2019-04-19,0,True,True
2019-04-26,3630,3643,3439,3479,5,0,0,2019-04-22,2019-04-26,0,True,True
2019-05-03,,,,,0,0,0,,,0,False,False
2019-05-10,3446,3474,2917,2978.5,4,0,0,2019-05-07,2019-05-10,0,True,True
2019-05-17,2964.5,2973,2809.5,2866.5,5,0,0,2019-05-13,2019-05-17,0,True,True
2019-05-24,2885,2902.5,2784,2864,5,0,0,2019-05-20,2019-05-24,0,True,True
2019-05-31,2874.5,2953,2835,2862,5,0,0,2019-05-27,2019-05-31,0,True,True
2019-06-07,2785,2933,2776,2882,5,0,0,2019-06-03,2019-06-07,0,True,True
2019-06-14,2923.5,2959,2897,2947,5,0,0,2019-06-10,2019-06-14,0,True,True
2019-06-21,2897,3195,2883,3175,5,0,0,2019-06-17,2019-06-21,0,True,True
2019-06-28,3150,3231,3105,3219,5,0,0,2019-06-24,2019-06-28,0,True,True
2019-07-05,3263,3272,3133,3144,5,0,0,2019-07-01,2019-07-05,0,True,True
2019-07-12,3153,3201,3051,3094,5,0,0,2019-07-08,2019-07-12,0,True,True
2019-07-19,3104,3284,3086,3269,4,0,0,2019-07-16,2019-07-19,0,True,True
2019-07-26,3291,3350,3072,3111,5,0,0,2019-07-22,2019-07-26,0,True,True
2019-08-02,3124,3154,2937,2957.5,5,0,0,2019-07-29,2019-08-02,0,True,True
2019-08-09,2925,3046,2781,3032,5,0,0,2019-08-05,2019-08-09,0,True,True
2019-08-16,2988,3113,2977.5,3064,4,0,0,2019-08-13,2019-08-16,0,True,True
2019-08-23,3080,3111,2971,3013,5,0,0,2019-08-19,2019-08-23,0,True,True
2019-08-30,2911.5,2994,2848.5,2991.5,5,0,0,2019-08-26,2019-08-30,0,True,True
2019-09-06,3042,3304,3026,3220,5,0,0,2019-09-02,2019-09-06,0,True,True
2019-09-13,3199,3511,3199,3478,5,0,0,2019-09-09,2019-09-13,0,True,True
2019-09-20,3445,3557,3372,3444,4,0,0,2019-09-17,2019-09-20,0,True,True
2019-09-27,3445,3489,3302,3339,4,0,0,2019-09-24,2019-09-27,0,True,True
2019-10-04,3352,3405,3233,3307,5,0,0,2019-09-30,2019-10-04,0,True,True
2019-10-11,3318,3408,3266,3403,5,0,0,2019-10-07,2019-10-11,0,True,True
2019-10-18,3456,3487,3239,3282,4,0,0,2019-10-15,2019-10-18,0,True,True
2019-10-25,3329,3572,3324,3569,4,0,0,2019-10-21,2019-10-25,0,True,True
2019-11-01,3590,3715,3529,3592,5,0,0,2019-10-28,2019-11-01,0,True,True
2019-11-08,3662,3694,3571,3612,4,0,0,2019-11-05,2019-11-08,0,True,True
2019-11-15,3564,3590,3358,3377,5,0,0,2019-11-11,2019-11-15,0,True,True
2019-11-22,3387,3407,3282,3311,5,0,0,2019-11-18,2019-11-22,0,True,True
2019-11-29,3372,3449,3316,3316,5,0,0,2019-11-25,2019-11-29,0,True,True
2019-12-06,3317,3348,3226,3329,5,0,0,2019-12-02,2019-12-06,0,True,True
2019-12-13,3391,3666,3361,3660,5,0,0,2019-12-09,2019-12-13,0,True,True
2019-12-20,3660,3692,3527,3546,5,0,0,2019-12-16,2019-12-20,0,True,True
2019-12-27,3513,3558,3447,3531,5,0,0,2019-12-23,2019-12-27,0,True,True
2020-01-03,3515,3556,3476,3544,1,0,0,2019-12-30,2019-12-30,0,True,True
2020-01-10,3451,3519,3349,3502,5,0,0,2020-01-06,2020-01-10,0,True,True
2020-01-17,3540,3570,3418,3475,4,0,0,2020-01-14,2020-01-17,0,True,True
2020-01-24,3501,3543,3270,3307,5,0,0,2020-01-20,2020-01-24,0,True,True
2020-01-31,3141,3224,3111,3164,5,0,0,2020-01-27,2020-01-31,0,True,True
2020-02-07,3064,3303,3048,3215,5,0,0,2020-02-03,2020-02-07,0,True,True
2020-02-14,3130,3253,3122,3172,4,0,0,2020-02-10,2020-02-14,0,True,True
2020-02-21,3143,3162,3045,3050,5,0,0,2020-02-17,2020-02-21,0,True,True
2020-02-28,2930,2952,2650,2685.5,4,0,0,2020-02-25,2020-02-28,0,True,True
2020-03-06,2638,2771,2488.5,2493,5,0,0,2020-03-02,2020-03-06,0,True,True
2020-03-13,2370.5,2492,2028.5,2138.5,5,0,0,2020-03-09,2020-03-13,0,True,True
2020-03-20,2118,2193,1859,1863.5,4,0,0,2020-03-16,2020-03-19,0,True,True
2020-03-27,1903.5,2405.5,1893,2393,5,0,0,2020-03-23,2020-03-27,0,True,True
2020-04-03,2290,2345,2141,2189.5,5,0,0,2020-03-30,2020-04-03,0,True,True
2020-04-10,2172.5,2440.5,2142,2436.5,5,0,0,2020-04-06,2020-04-10,0,True,True
2020-04-17,2407,2527,2367.5,2472,5,0,0,2020-04-13,2020-04-17,0,True,True
2020-04-24,2457.5,2528,2363,2492.5,5,0,0,2020-04-20,2020-04-24,0,True,True
2020-05-01,2540,2773.5,2535.5,2614,4,0,0,2020-04-27,2020-05-01,0,True,True
2020-05-08,2579,2763,2565,2715,2,0,0,2020-05-07,2020-05-08,0,True,True
2020-05-15,2810.5,2896,2712,2778.5,5,0,0,2020-05-11,2020-05-15,0,True,True
2020-05-22,2804,2926.5,2758,2795.5,5,0,0,2020-05-18,2020-05-22,0,True,True
2020-05-29,2860,3041,2833,3001,5,0,0,2020-05-25,2020-05-29,0,True,True
2020-06-05,2992,3128,2932.5,3125,5,0,0,2020-06-01,2020-06-05,0,True,True
2020-06-12,3201,3269,2860,3006,5,0,0,2020-06-08,2020-06-12,0,True,True
2020-06-19,2958,3092,2895.5,2994,5,0,0,2020-06-15,2020-06-19,0,True,True
2020-06-26,2991,3043,2941,3021,5,0,0,2020-06-22,2020-06-26,0,True,True
2020-07-03,2937,3070,2927,3055,5,0,0,2020-06-29,2020-07-03,0,True,True
2020-07-10,3051,3273,3032,3157,5,0,0,2020-07-06,2020-07-10,0,True,True
2020-07-17,3217,3379,3187,3279,5,0,0,2020-07-13,2020-07-17,0,True,True
2020-07-24,3317,3339,3197,3260,3,0,0,2020-07-20,2020-07-22,0,True,True
2020-07-31,3204,3439,3132,3134,5,0,0,2020-07-27,2020-07-31,0,True,True
2020-08-07,3194,3519,3188,3374,5,0,0,2020-08-03,2020-08-07,0,True,True
2020-08-14,3473,3478,3241,3282,4,0,0,2020-08-11,2020-08-14,0,True,True
2020-08-21,3291,3344,3254,3290,5,0,0,2020-08-17,2020-08-21,0,True,True
2020-08-28,3263,3374,3131,3167,5,0,0,2020-08-24,2020-08-28,0,True,True
2020-09-04,3251,3453,3222,3416,5,0,0,2020-08-31,2020-09-04,0,True,True
2020-09-11,3383,3579,3371,3552,5,0,0,2020-09-07,2020-09-11,0,True,True
2020-09-18,3575,3650,3488,3524,5,0,0,2020-09-14,2020-09-18,0,True,True
2020-09-25,3513,3529,3292,3345,3,0,0,2020-09-23,2020-09-25,0,True,True
2020-10-02,3379,3387,3149,3154,4,0,0,2020-09-28,2020-10-02,0,True,True
2020-10-09,3213,3370,3183,3348,5,0,0,2020-10-05,2020-10-09,0,True,True
2020-10-16,3315,3348,3207,3238,5,0,0,2020-10-12,2020-10-16,0,True,True
2020-10-23,3238,3475,3238,3458,5,0,0,2020-10-19,2020-10-23,0,True,True
2020-10-30,3469,3479,3202,3223,5,0,0,2020-10-26,2020-10-30,0,True,True
2020-11-06,3257,3485,3243,3458,4,0,0,2020-11-02,2020-11-06,0,True,True
2020-11-13,3528,3806,3528,3646,5,0,0,2020-11-09,2020-11-13,0,True,True
2020-11-20,3716,3818,3604,3659,5,0,0,2020-11-16,2020-11-20,0,True,True
2020-11-27,3750,4047,3739,4027,4,0,0,2020-11-24,2020-11-27,0,True,True
2020-12-04,4036,4246,3875,4246,5,0,0,2020-11-30,2020-12-04,0,True,True
2020-12-11,4312,4401,4132,4304,5,0,0,2020-12-07,2020-12-11,0,True,True
2020-12-18,4282,4565,4234,4538,5,0,0,2020-12-14,2020-12-18,0,True,True
2020-12-25,4595,4656,4294,4511,5,0,0,2020-12-21,2020-12-25,0,True,True
2021-01-01,4502,4649,4498,4579,3,0,0,2020-12-28,2020-12-30,0,True,True
2021-01-08,4570,5154,4471,5142,5,0,0,2021-01-04,2021-01-08,0,True,True
2021-01-15,4988,5184,4939,4963,4,0,0,2021-01-12,2021-01-15,0,True,True
2021-01-22,4823,5177,4760,5072,5,0,0,2021-01-18,2021-01-22,0,True,True
2021-01-29,5060,5148,4535,4544,5,0,0,2021-01-25,2021-01-29,0,True,True
2021-02-05,4543,4898,4531,4828,5,0,0,2021-02-01,2021-02-05,0,True,True
2021-02-12,4902,5180,4850,4959,4,0,0,2021-02-08,2021-02-12,0,True,True
2021-02-19,4974,5465,4965,5206,5,0,0,2021-02-15,2021-02-19,0,True,True
2021-02-26,5388,5584,5126,5142,4,0,0,2021-02-22,2021-02-26,0,True,True
2021-03-05,5140,5296,4556,4654,5,0,0,2021-03-01,2021-03-05,0,True,True
2021-03-12,4701,4821,4424,4819,5,0,0,2021-03-08,2021-03-12,0,True,True
2021-03-19,4825,5005,4736,4934,5,0,0,2021-03-15,2021-03-19,0,True,True
2021-03-26,4885,4914,4536,4786,5,0,0,2021-03-22,2021-03-26,0,True,True
2021-04-02,4926,4957,4699,4878,5,0,0,2021-03-29,2021-04-02,0,True,True
2021-04-09,4898,5145,4874,4928,5,0,0,2021-04-05,2021-04-09,0,True,True
2021-04-16,4934,4935,4600,4747,5,0,0,2021-04-12,2021-04-16,0,True,True
2021-04-23,4707,4784,4523,4603,5,0,0,2021-04-19,2021-04-23,0,True,True
2021-04-30,4660,4795,4582,4639,4,0,0,2021-04-26,2021-04-30,0,True,True
2021-05-07,4758,5095,4757,5092,2,0,0,2021-05-06,2021-05-07,0,True,True
2021-05-14,5145,5307,4830,4880,5,0,0,2021-05-10,2021-05-14,0,True,True
2021-05-21,4949,5006,4601,4645,5,0,0,2021-05-17,2021-05-21,0,True,True
2021-05-28,4639,4945,4602,4931,5,0,0,2021-05-24,2021-05-28,0,True,True
2021-06-04,4891,5045,4744,4770,5,0,0,2021-05-31,2021-06-04,0,True,True
2021-06-11,4811,4867,4655,4692,5,0,0,2021-06-07,2021-06-11,0,True,True
2021-06-18,4733,4751,4313,4398,5,0,0,2021-06-14,2021-06-18,0,True,True
2021-06-25,4293,4619,4272,4558,5,0,0,2021-06-21,2021-06-25,0,True,True
2021-07-02,4547,4548,4324,4377,5,0,0,2021-06-28,2021-07-02,0,True,True
2021-07-09,4381,4467,4180,4291,5,0,0,2021-07-05,2021-07-09,0,True,True
2021-07-16,4398,4455,4286,4379,5,0,0,2021-07-12,2021-07-16,0,True,True
2021-07-23,4309,4324,4105,4167,3,0,0,2021-07-19,2021-07-21,0,True,True
2021-07-30,4274,4532,4263,4418,5,0,0,2021-07-26,2021-07-30,0,True,True
2021-08-06,4470,4528,4399,4492,5,0,0,2021-08-02,2021-08-06,0,True,True
2021-08-13,4401,4419,4172,4386,4,0,0,2021-08-10,2021-08-13,0,True,True
2021-08-20,4364,4364,3920,3960,5,0,0,2021-08-16,2021-08-20,0,True,True
2021-08-27,4021,4149,3957,4021,5,0,0,2021-08-23,2021-08-27,0,True,True
2021-09-03,4091,4276,4077,4237,5,0,0,2021-08-30,2021-09-03,0,True,True
2021-09-10,4320,4392,4260,4384,5,0,0,2021-09-06,2021-09-10,0,True,True
2021-09-17,4399,4470,4232,4251,5,0,0,2021-09-13,2021-09-17,0,True,True
2021-09-24,4181,4237,4053,4198,3,0,0,2021-09-21,2021-09-24,0,True,True
2021-10-01,4205,4304,3977,3978,5,0,0,2021-09-27,2021-10-01,0,True,True
2021-10-08,4017,4122,3871,4025,5,0,0,2021-10-04,2021-10-08,0,True,True
2021-10-15,4082,4440,4046,4440,5,0,0,2021-10-11,2021-10-15,0,True,True
2021-10-22,4510,4619,4346,4382,5,0,0,2021-10-18,2021-10-22,0,True,True
2021-10-29,4358,4550,4358,4423,5,0,0,2021-10-25,2021-10-29,0,True,True
2021-11-05,4500,4527,4363,4391,4,0,0,2021-11-01,2021-11-05,0,True,True
2021-11-12,4390,4619,4314,4525,5,0,0,2021-11-08,2021-11-12,0,True,True
2021-11-19,4521,4537,4354,4423,5,0,0,2021-11-15,2021-11-19,0,True,True
2021-11-26,4386,4607,4321,4351,4,0,0,2021-11-22,2021-11-26,0,True,True
2021-12-03,4224,4364,4191,4356,5,0,0,2021-11-29,2021-12-03,0,True,True
2021-12-10,4383,4513,4312,4441,5,0,0,2021-12-06,2021-12-10,0,True,True
2021-12-17,4452,4549,4407,4490,5,0,0,2021-12-13,2021-12-17,0,True,True
2021-12-24,4441,4461,4296,4342,5,0,0,2021-12-20,2021-12-24,0,True,True
2021-12-31,4343,4383,4274,4350,4,0,0,2021-12-27,2021-12-30,0,True,True
2022-01-07,4361,4605,4341,4552,4,0,0,2022-01-04,2022-01-07,0,True,True
2022-01-14,4571,5087,4568,5068,4,0,0,2022-01-11,2022-01-14,0,True,True
2022-01-21,5070,5241,4920,5214,5,0,0,2022-01-17,2022-01-21,0,True,True
2022-01-28,5192,5314,4980,5295,5,0,0,2022-01-24,2022-01-28,0,True,True
2022-02-04,5239,5378,5150,5350,5,0,0,2022-01-31,2022-02-04,0,True,True
2022-02-11,5406,5659,5368,5558,4,0,0,2022-02-07,2022-02-10,0,True,True
2022-02-18,5483,5730,5258,5362,5,0,0,2022-02-14,2022-02-18,0,True,True
2022-02-25,5304,5688,5290,5512,4,0,0,2022-02-21,2022-02-25,0,True,True
2022-03-04,5575,6335,5570,6080,5,0,0,2022-02-28,2022-03-04,0,True,True
2022-03-11,6275,6420,5761,6117,5,0,0,2022-03-07,2022-03-11,0,True,True
2022-03-18,6130,6155,5360,5994,5,0,0,2022-03-14,2022-03-18,0,True,True
2022-03-25,6059,6590,5991,6588,4,0,0,2022-03-22,2022-03-25,0,True,True
2022-04-01,6511,6625,5961,6183,5,0,0,2022-03-28,2022-04-01,0,True,True
2022-04-08,6194,6413,5936,6236,5,0,0,2022-04-04,2022-04-08,0,True,True
2022-04-15,6262,6437,6016,6331,5,0,0,2022-04-11,2022-04-15,0,True,True
2022-04-22,6301,6619,6091,6093,5,0,0,2022-04-18,2022-04-22,0,True,True
2022-04-29,5880,6036,5314,5671,4,0,0,2022-04-25,2022-04-28,0,True,True
2022-05-06,5630,5843,5625,5749,2,0,0,2022-05-02,2022-05-06,0,True,True
2022-05-13,5570,5622,4803,4971,5,0,0,2022-05-09,2022-05-13,0,True,True
2022-05-20,5029,5404,4934,5343,5,0,0,2022-05-16,2022-05-20,0,True,True
2022-05-27,5405,5520,5312,5372,5,0,0,2022-05-23,2022-05-27,0,True,True
2022-06-03,5428,5494,5254,5471,5,0,0,2022-05-30,2022-06-03,0,True,True
2022-06-10,5402,5609,5245,5311,5,0,0,2022-06-06,2022-06-10,0,True,True
2022-06-17,5235,5369,4765,4814,5,0,0,2022-06-13,2022-06-17,0,True,True
2022-06-24,4796,4828,4153,4219,5,0,0,2022-06-20,2022-06-24,0,True,True
2022-07-01,4289,4423,4120,4136,5,0,0,2022-06-27,2022-07-01,0,True,True
2022-07-08,4066,4173,3767,4043,5,0,0,2022-07-04,2022-07-08,0,True,True
2022-07-15,4089,4112,3871,3921,5,0,0,2022-07-11,2022-07-15,0,True,True
2022-07-22,4055,4144,4005,4100,4,0,0,2022-07-19,2022-07-22,0,True,True
2022-07-29,4071,4214,4064,4214,5,0,0,2022-07-25,2022-07-29,0,True,True
2022-08-05,4279,4321,4091,4163,5,0,0,2022-08-01,2022-08-05,0,True,True
2022-08-12,4203,4371,4150,4346,4,0,0,2022-08-08,2022-08-12,0,True,True
2022-08-19,4340,4473,4229,4429,5,0,0,2022-08-15,2022-08-19,0,True,True
2022-08-26,4393,4522,4337,4451,5,0,0,2022-08-22,2022-08-26,0,True,True
2022-09-02,4381,4437,4127,4155,5,0,0,2022-08-29,2022-09-02,0,True,True
2022-09-09,4178,4362,4164,4358,5,0,0,2022-09-05,2022-09-09,0,True,True
2022-09-16,4421,4616,4330,4390,5,0,0,2022-09-12,2022-09-16,0,True,True
2022-09-23,4420,4479,4277,4319,3,0,0,2022-09-20,2022-09-22,0,True,True
2022-09-30,4257,4275,4045,4160,5,0,0,2022-09-26,2022-09-30,0,True,True
2022-10-07,4126,4417,4065,4244,5,0,0,2022-10-03,2022-10-07,0,True,True
2022-10-14,4230,4297,4082,4266,4,0,0,2022-10-11,2022-10-14,0,True,True
2022-10-21,4192,4241,4041,4041,5,0,0,2022-10-17,2022-10-21,0,True,True
2022-10-28,4163,4286,4161,4161,5,0,0,2022-10-24,2022-10-28,0,True,True
2022-11-04,4197,4353,4159,4292,4,0,0,2022-10-31,2022-11-04,0,True,True
2022-11-11,4436,4536,4216,4536,5,0,0,2022-11-07,2022-11-11,0,True,True
2022-11-18,4582,4795,4454,4454,5,0,0,2022-11-14,2022-11-18,0,True,True
2022-11-25,4511,4649,4494,4643,4,0,0,2022-11-21,2022-11-25,0,True,True
2022-12-02,4600,4774,4452,4707,5,0,0,2022-11-28,2022-12-02,0,True,True
2022-12-09,4751,4925,4735,4906,5,0,0,2022-12-05,2022-12-09,0,True,True
2022-12-16,4852,4914,4696,4696,5,0,0,2022-12-12,2022-12-16,0,True,True
2022-12-23,4645,4709,4540,4579,5,0,0,2022-12-19,2022-12-23,0,True,True
2022-12-30,4611,4728,4603,4671,5,0,0,2022-12-26,2022-12-30,0,True,True
2023-01-06,4642,4734,4533,4721,3,0,0,2023-01-04,2023-01-06,0,True,True
2023-01-13,4835,5184,4825,5136,4,0,0,2023-01-10,2023-01-13,0,True,True
2023-01-20,5091,5225,4966,5219,5,0,0,2023-01-16,2023-01-20,0,True,True
2023-01-27,5250,5381,5202,5346,5,0,0,2023-01-23,2023-01-27,0,True,True
2023-02-03,5314,5339,5079,5112,5,0,0,2023-01-30,2023-02-03,0,True,True
2023-02-10,5131,5343,4984,5205,5,0,0,2023-02-06,2023-02-10,0,True,True
2023-02-17,5064,5209,5043,5183,5,0,0,2023-02-13,2023-02-17,0,True,True
2023-02-24,5228,5394,5075,5125,4,0,0,2023-02-20,2023-02-24,0,True,True
2023-03-03,5030,5515,5027,5307,5,0,0,2023-02-27,2023-03-03,0,True,True
2023-03-10,5359,5397,5135,5152,5,0,0,2023-03-06,2023-03-10,0,True,True
2023-03-17,5100,5133,4715,4811,5,0,0,2023-03-13,2023-03-17,0,True,True
2023-03-24,4815,4981,4777,4905,4,0,0,2023-03-20,2023-03-24,0,True,True
2023-03-31,4972,5109,4899,5049,5,0,0,2023-03-27,2023-03-31,0,True,True
2023-04-07,5068,5210,4986,5016,5,0,0,2023-04-03,2023-04-07,0,True,True
2023-04-14,5087,5270,5051,5256,5,0,0,2023-04-10,2023-04-14,0,True,True
2023-04-21,5253,5315,5161,5204,5,0,0,2023-04-17,2023-04-21,0,True,True
2023-04-28,5180,5188,4939,5009,5,0,0,2023-04-24,2023-04-28,0,True,True
2023-05-05,5080,5093,4988,5008,2,0,0,2023-05-01,2023-05-02,0,True,True
2023-05-12,5007,5194,4324,4326,5,0,0,2023-05-08,2023-05-12,0,True,True
2023-05-19,4319,4472,4317,4381,5,0,0,2023-05-15,2023-05-19,0,True,True
2023-05-26,4419,4426,4233,4256,5,0,0,2023-05-22,2023-05-26,0,True,True
2023-06-02,4326,4414,4222,4404,5,0,0,2023-05-29,2023-06-02,0,True,True
2023-06-09,4505,4641,4465,4625,5,0,0,2023-06-05,2023-06-09,0,True,True
2023-06-16,4666,5042,4608,4973,5,0,0,2023-06-12,2023-06-16,0,True,True
2023-06-23,4968,4980,4558,4598,5,0,0,2023-06-19,2023-06-23,0,True,True
2023-06-30,4611,4675,4557,4631,5,0,0,2023-06-26,2023-06-30,0,True,True
2023-07-07,4645,4787,4573,4577,5,0,0,2023-07-03,2023-07-07,0,True,True
2023-07-14,4647,4854,4564,4795,5,0,0,2023-07-10,2023-07-14,0,True,True
2023-07-21,4774,4813,4703,4723,4,0,0,2023-07-18,2023-07-21,0,True,True
2023-07-28,4745,4935,4727,4892,5,0,0,2023-07-24,2023-07-28,0,True,True
2023-08-04,4924,5000,4700,4723,5,0,0,2023-07-31,2023-08-04,0,True,True
2023-08-11,4710,4764,4458,4568,4,0,0,2023-08-07,2023-08-10,0,True,True
2023-08-18,4565,4581,4220,4362,5,0,0,2023-08-14,2023-08-18,0,True,True
2023-08-25,4342,4527,4308,4469,5,0,0,2023-08-21,2023-08-25,0,True,True
2023-09-01,4478,4597,4475,4565,5,0,0,2023-08-28,2023-09-01,0,True,True
2023-09-08,4617,4717,4434,4438,5,0,0,2023-09-04,2023-09-08,0,True,True
2023-09-15,4480,4734,4432,4670,5,0,0,2023-09-11,2023-09-15,0,True,True
2023-09-22,4650,4816,4581,4612,4,0,0,2023-09-19,2023-09-22,0,True,True
2023-09-29,4672,4672,4367,4399,5,0,0,2023-09-25,2023-09-29,0,True,True
2023-10-06,4415,4483,4057,4136,5,0,0,2023-10-02,2023-10-06,0,True,True
2023-10-13,4251,4330,4207,4280,4,0,0,2023-10-10,2023-10-13,0,True,True
2023-10-20,4280,4385,4116,4138,5,0,0,2023-10-16,2023-10-20,0,True,True
2023-10-27,4120,4167,4004,4165,5,0,0,2023-10-23,2023-10-27,0,True,True
2023-11-03,4180,4337,4114,4266,4,0,0,2023-10-30,2023-11-02,0,True,True
2023-11-10,4333,4356,4022,4190,5,0,0,2023-11-06,2023-11-10,0,True,True
2023-11-17,4195,4444,4140,4437,5,0,0,2023-11-13,2023-11-17,0,True,True
2023-11-24,4436,4531,4363,4492,4,0,0,2023-11-20,2023-11-24,0,True,True
2023-12-01,4470,4470,4231,4274,5,0,0,2023-11-27,2023-12-01,0,True,True
2023-12-08,4290,4352,4045,4081,5,0,0,2023-12-04,2023-12-08,0,True,True
2023-12-15,4130,4264,4004,4238,5,0,0,2023-12-11,2023-12-15,0,True,True
2023-12-22,4250,4333,4141,4232,5,0,0,2023-12-18,2023-12-22,0,True,True
2023-12-29,4251,4309,4160,4246,5,0,0,2023-12-25,2023-12-29,0,True,True
2024-01-05,4205,4304,4152,4262,2,0,0,2024-01-04,2024-01-05,0,True,True
2024-01-12,4248,4298,4140,4240,4,0,0,2024-01-09,2024-01-12,0,True,True
2024-01-19,4239,4273,4042,4071,5,0,0,2024-01-15,2024-01-19,0,True,True
2024-01-26,4050,4149,4034,4101,5,0,0,2024-01-22,2024-01-26,0,True,True
2024-02-02,4040,4154,4036,4064,5,0,0,2024-01-29,2024-02-02,0,True,True
2024-02-09,4084,4109,3936,4010,5,0,0,2024-02-05,2024-02-09,0,True,True
2024-02-16,4028,4090,3901,4053,4,0,0,2024-02-13,2024-02-16,0,True,True
2024-02-23,4066,4164,4040,4094,4,0,0,2024-02-19,2024-02-22,0,True,True
2024-03-01,4094,4114,3873,3961,5,0,0,2024-02-26,2024-03-01,0,True,True
2024-03-08,3968,4087,3951,4052,5,0,0,2024-03-04,2024-03-08,0,True,True
2024-03-15,4037,4419,3959,4388,5,0,0,2024-03-11,2024-03-15,0,True,True
2024-03-22,4421,4660,4371,4611,4,0,0,2024-03-18,2024-03-22,0,True,True
2024-03-29,4595,4649,4399,4588,5,0,0,2024-03-25,2024-03-29,0,True,True
2024-04-05,4622,5190,4552,5059,5,0,0,2024-04-01,2024-04-05,0,True,True
2024-04-12,5085,5399,5030,5311,5,0,0,2024-04-08,2024-04-12,0,True,True
2024-04-19,5398,5479,5028,5127,5,0,0,2024-04-15,2024-04-19,0,True,True
2024-04-26,5260,5334,5077,5272,5,0,0,2024-04-22,2024-04-26,0,True,True
2024-05-03,5349,5388,5118,5265,3,0,0,2024-04-30,2024-05-02,0,True,True
2024-05-10,5275,5320,4760,4944,4,0,0,2024-05-07,2024-05-10,0,True,True
2024-05-17,4880,5204,4857,5095,5,0,0,2024-05-13,2024-05-17,0,True,True
2024-05-24,5295,5648,5088,5196,5,0,0,2024-05-20,2024-05-24,0,True,True
2024-05-31,5200,5303,5015,5115,5,0,0,2024-05-27,2024-05-31,0,True,True
2024-06-07,5130,5184,4739,4866,5,0,0,2024-06-03,2024-06-07,0,True,True
2024-06-14,4796,4910,4717,4767,5,0,0,2024-06-10,2024-06-14,0,True,True
2024-06-21,4767,5066,4670,5046,5,0,0,2024-06-17,2024-06-21,0,True,True
2024-06-28,4968,5052,4863,4878,5,0,0,2024-06-24,2024-06-28,0,True,True
2024-07-05,4895,5324,4834,5221,5,0,0,2024-07-01,2024-07-05,0,True,True
2024-07-12,5250,5342,5139,5159,5,0,0,2024-07-08,2024-07-12,0,True,True
2024-07-19,5186,5190,4901,4920,4,0,0,2024-07-16,2024-07-19,0,True,True
2024-07-26,4901,4925,4405,4433,5,0,0,2024-07-22,2024-07-26,0,True,True
2024-08-02,4550,4636,4291,4309,5,0,0,2024-07-29,2024-08-02,0,True,True
2024-08-09,4040,4100,3544,3642,5,0,0,2024-08-05,2024-08-09,0,True,True
2024-08-16,3787,4155,3687,4120,4,0,0,2024-08-13,2024-08-16,0,True,True
2024-08-23,4187,4225,4061,4123,5,0,0,2024-08-19,2024-08-23,0,True,True
2024-08-30,4160,4172,4008,4084,5,0,0,2024-08-26,2024-08-30,0,True,True
2024-09-06,4140,4182,3658,3673,5,0,0,2024-09-02,2024-09-06,0,True,True
2024-09-13,3520,3628,3388,3621,5,0,0,2024-09-09,2024-09-13,0,True,True
2024-09-20,3670,3950,3586,3914,4,0,0,2024-09-17,2024-09-20,0,True,True
2024-09-27,3949,4400,3901,4400,4,0,0,2024-09-24,2024-09-27,0,True,True
2024-10-04,4330,4722,4240,4584,5,0,0,2024-09-30,2024-10-04,0,True,True
2024-10-11,4684,4690,4326,4388,5,0,0,2024-10-07,2024-10-11,0,True,True
2024-10-18,4405,4424,4270,4355,4,0,0,2024-10-15,2024-10-18,0,True,True
2024-10-25,4402,4458,4180,4204,5,0,0,2024-10-21,2024-10-25,0,True,True
2024-11-01,4190,4382,4166,4261,5,0,0,2024-10-28,2024-11-01,0,True,True
2024-11-08,4290,4457,4274,4370,4,0,0,2024-11-05,2024-11-08,0,True,True
2024-11-15,4313,4330,3704,3707,5,0,0,2024-11-11,2024-11-15,0,True,True
2024-11-22,3711,3914,3708,3823,5,0,0,2024-11-18,2024-11-22,0,True,True
2024-11-29,3853,3860,3692,3696,5,0,0,2024-11-25,2024-11-29,0,True,True
2024-12-06,3687,3767,3621,3634,5,0,0,2024-12-02,2024-12-06,0,True,True
2024-12-13,3634,3857,3634,3662,5,0,0,2024-12-09,2024-12-13,0,True,True
2024-12-20,3630,3644,3434,3455,5,0,0,2024-12-16,2024-12-20,0,True,True
2024-12-27,3455,3613,3428,3605,5,0,0,2024-12-23,2024-12-27,0,True,True
2025-01-03,3608,3670,3606,3613,1,0,0,2024-12-30,2024-12-30,0,True,True
2025-01-10,3629,3684,3549,3550,5,0,0,2025-01-06,2025-01-10,0,True,True
2025-01-17,3570,3616,3505,3594,4,0,0,2025-01-14,2025-01-17,0,True,True
2025-01-24,3594,3728,3574,3630,5,0,0,2025-01-20,2025-01-24,0,True,True
2025-01-31,3656,3675,3555,3588,5,0,0,2025-01-27,2025-01-31,0,True,True
2025-02-07,3526,3626,3480,3626,5,0,0,2025-02-03,2025-02-07,0,True,True
2025-02-14,3642,3679,3387,3445,4,0,0,2025-02-10,2025-02-14,0,True,True
2025-02-21,3462,3526,3353,3354,5,0,0,2025-02-17,2025-02-21,0,True,True
2025-02-28,3291,3399,3261,3278,4,0,0,2025-02-25,2025-02-28,0,True,True
2025-03-07,3278,3299,3151,3212,5,0,0,2025-03-03,2025-03-07,0,True,True
2025-03-14,3230,3299,3084,3294,5,0,0,2025-03-10,2025-03-14,0,True,True
2025-03-21,3313,3547,3264,3474,4,0,0,2025-03-17,2025-03-21,0,True,True
2025-03-28,3470,3720,3426,3449,5,0,0,2025-03-24,2025-03-28,0,True,True
2025-04-04,3350,3359,2724,2797.5,5,0,0,2025-03-31,2025-04-04,0,True,True
2025-04-11,2480,2801.5,2374.5,2686.5,5,0,0,2025-04-07,2025-04-11,0,True,True
2025-04-18,2769.5,3066,2762.5,3041,5,0,0,2025-04-14,2025-04-18,0,True,True
2025-04-25,3021,3260,2986,3216,5,0,0,2025-04-21,2025-04-25,0,True,True
2025-05-02,3216,3311,3104,3115,4,0,0,2025-04-28,2025-05-02,0,True,True
2025-05-09,3196,3209,3080,3150,3,0,0,2025-05-07,2025-05-09,0,True,True
2025-05-16,3161,3322,3083,3225,5,0,0,2025-05-12,2025-05-16,0,True,True
2025-05-23,3225,3350,3145,3262,5,0,0,2025-05-19,2025-05-23,0,True,True
2025-05-30,3300,3416,3278,3319,5,0,0,2025-05-26,2025-05-30,0,True,True
2025-06-06,3283,3417,3231,3375,5,0,0,2025-06-02,2025-06-06,0,True,True
2025-06-13,3389,3422,3309,3344,5,0,0,2025-06-09,2025-06-13,0,True,True
2025-06-20,3400,3473,3354,3362,5,0,0,2025-06-16,2025-06-20,0,True,True
2025-06-27,3362,3610,3300,3610,5,0,0,2025-06-23,2025-06-27,0,True,True
2025-07-04,3580,3763,3490,3615,5,0,0,2025-06-30,2025-07-04,0,True,True
2025-07-11,3575,3736,3465,3558,5,0,0,2025-07-07,2025-07-11,0,True,True
2025-07-18,3530,3544,3376,3427,5,0,0,2025-07-14,2025-07-18,0,True,True
2025-07-25,3481,3641,3463,3515,4,0,0,2025-07-22,2025-07-25,0,True,True
2025-08-01,3508,3533,3309,3385,5,0,0,2025-07-28,2025-08-01,0,True,True
2025-08-08,3370,3800,3357,3646,5,0,0,2025-08-04,2025-08-08,0,True,True
2025-08-15,3625,3712,3563,3690,4,0,0,2025-08-12,2025-08-15,0,True,True
2025-08-22,3760,3833,3715,3767,5,0,0,2025-08-18,2025-08-22,0,True,True
2025-08-29,3877,4099,3876,4035,5,0,0,2025-08-25,2025-08-29,0,True,True
2025-09-05,4035,4307,3958,4194,5,0,0,2025-09-01,2025-09-05,0,True,True
2025-09-12,4262,4359,4155,4331,5,0,0,2025-09-08,2025-09-12,0,True,True
2025-09-19,4360,4477,4130,4150,4,0,0,2025-09-16,2025-09-19,0,True,True
2025-09-26,4207,4853,4191,4673,4,0,0,2025-09-22,2025-09-26,0,True,True
2025-10-03,4660,4993,4605,4905,5,0,0,2025-09-29,2025-10-03,0,True,True
2025-10-10,5023,5306,4853,5018,5,0,0,2025-10-06,2025-10-10,0,True,True
2025-10-17,5100,5550,5061,5448,4,0,0,2025-10-14,2025-10-17,0,True,True
2025-10-24,5300,5395,4914,5094,5,0,0,2025-10-20,2025-10-24,0,True,True
2025-10-31,5168,5216,4903,5077,5,0,0,2025-10-27,2025-10-31,0,True,True
2025-11-07,5073,5129,4627,4910,4,0,0,2025-11-04,2025-11-07,0,True,True
2025-11-14,5050,5235,4936,5197,5,0,0,2025-11-10,2025-11-14,0,True,True
2025-11-21,5115,5186,4692,4721,5,0,0,2025-11-17,2025-11-21,0,True,True
2025-11-28,4835,5139,4793,5132,4,0,0,2025-11-25,2025-11-28,0,True,True
2025-12-05,5143,5499,5030,5499,5,0,0,2025-12-01,2025-12-05,0,True,True
2025-12-12,5501,5952,5332,5952,5,0,0,2025-12-08,2025-12-12,0,True,True
2025-12-19,5752,5950,5561,5792,5,0,0,2025-12-15,2025-12-19,0,True,True
2025-12-26,5952,6673,5897,6421,5,0,0,2025-12-22,2025-12-26,0,True,True
2026-01-02,6621,6761,6294,6357,2,0,0,2025-12-29,2025-12-30,0,True,True
2026-01-09,6620,7348,6552,7171,5,0,0,2026-01-05,2026-01-09,0,True,True
2026-01-16,7667,8043,7391,7770,4,0,0,2026-01-13,2026-01-16,0,True,True
2026-01-23,7702,8590,7589,8488,5,0,0,2026-01-19,2026-01-23,0,True,True
2026-01-30,8638,10340,8441,9360,5,0,0,2026-01-26,2026-01-30,0,True,True
2026-02-06,8460,9519,8185,8755,5,0,0,2026-02-02,2026-02-06,0,True,True
2026-02-13,9002,11020,8800,9886,4,0,0,2026-02-09,2026-02-13,0,True,True
2026-02-20,10340,10340,9200,10010,5,0,0,2026-02-16,2026-02-20,0,True,True
2026-02-27,10400,12715,10310,12625,4,0,0,2026-02-24,2026-02-27,0,True,True
2026-03-06,13025,13300,9896,10125,5,0,0,2026-03-02,2026-03-06,0,True,True
2026-03-13,9525,10800,9038,9929,5,0,0,2026-03-09,2026-03-13,0,True,True
2026-03-20,9681,10065,9137,9137,4,0,0,2026-03-16,2026-03-19,0,True,True
2026-03-27,8537,9483,8315,9478,5,0,0,2026-03-23,2026-03-27,0,True,True
2026-04-03,9089,9986,8668,9440,5,0,0,2026-03-30,2026-04-03,0,True,True
2026-04-10,9439,10380,9350,9986,5,0,0,2026-04-06,2026-04-10,0,True,True
2026-04-17,9894,11150,9755,10150,5,0,0,2026-04-13,2026-04-17,0,True,True
2026-04-24,10170,10315,9558,9713,5,0,0,2026-04-20,2026-04-24,0,True,True
2026-05-01,9563,9989,9259,9532,4,0,0,2026-04-27,2026-05-01,0,True,True
2026-05-08,10135,10615,9845,10615,2,0,0,2026-05-07,2026-05-08,0,True,True
2026-05-15,10750,11180,9532,10275,5,0,0,2026-05-11,2026-05-15,0,True,True
2026-05-22,9917,10010,8872,9504,5,0,0,2026-05-18,2026-05-22,0,True,True
2026-05-29,9789,10360,8691,9093,5,0,0,2026-05-25,2026-05-29,0,True,True
2026-06-05,8943,9382,8413,8578,5,0,0,2026-06-01,2026-06-05,0,True,True
2026-06-12,8100,8674,7477,8638,5,0,0,2026-06-08,2026-06-12,0,True,True
2026-06-19,8938,9406,8580,8607,5,0,0,2026-06-15,2026-06-19,0,True,True
2026-06-26,8504,8939,7498,7635,5,0,0,2026-06-22,2026-06-26,0,True,True
2026-07-03,7615,7969,7227,7930,5,0,0,2026-06-29,2026-07-03,0,True,True
2026-07-10,8000,8090,7103,7275,5,0,0,2026-07-06,2026-07-10,0,True,True
2026-07-17,7242,7509,6578,6794,5,0,0,2026-07-13,2026-07-17,0,True,True
2026-07-24,6982,7952,6923,7460,4,0,0,2026-07-21,2026-07-24,0,True,True
2026-07-31,7610,8292,6969,8185,5,0,0,2026-07-27,2026-07-31,0,True,True
2026-08-07,7885,9361,7705,8999,5,0,0,2026-08-03,2026-08-07,0,True,True
2026-08-14,9254,10230,9188,9585,4,0,0,2026-08-10,2026-08-14,0,True,True
2026-08-21,9750,10825,9293,10760,5,0,0,2026-08-17,2026-08-21,0,True,True
2026-08-28,11200,11850,10850,11525,5,0,0,2026-08-24,2026-08-28,0,True,True
2026-09-04,11045,11415,9951,10075,5,0,0,2026-08-31,2026-09-04,0,True,True
