asset,rule,direction,era,n,mean,excess
NQ_YAHOO,sweep_1,1,2000,59,-0.01348701330182671,-0.012257849924000502
NQ_YAHOO,sweep_1,1,2010,84,0.024324714045658953,0.011240117418908204
NQ_YAHOO,sweep_1,1,2020,52,0.020544128309120415,0.0048395330013213216
NQ_YAHOO,sweep_1,-1,2000,80,-0.0031365498577659691,-0.0043657132355921779
NQ_YAHOO,sweep_1,-1,2010,83,-0.012330579010717145,0.00075401761603360667
NQ_YAHOO,sweep_1,-1,2020,54,-0.01675516643525984,-0.0010505711274607504
NQ_YAHOO,fvg_disp,-1,2000,20,0.0014880395987640015,0.000258876220937794
NQ_YAHOO,fvg_disp,-1,2010,20,-0.028035915326173479,-0.014951318699422723
NQ_YAHOO,fvg_disp,-1,2020,15,-0.0062874184750493813,0.0094171768327497088
NQ_YAHOO,sweep_fvg,-1,2000,7,-0.028729306294533137,-0.029958469672359347
NQ_YAHOO,sweep_fvg,-1,2010,9,-0.032017579534796101,-0.018932982908045352
NQ_YAHOO,sweep_fvg,-1,2020,5,0.02211522654551825,0.037819821853317337
NQ_YAHOO,fvg_disp,1,2000,18,-0.0054483119541293024,-0.0042191485763030936
NQ_YAHOO,fvg_disp,1,2010,58,0.0089065590311787658,-0.004178037595571984
NQ_YAHOO,fvg_disp,1,2020,42,0.010657330505450605,-0.0050472648023484881
NQ_YAHOO,sweep_fvg,1,2000,8,-0.0040686273955143348,-0.002839464017688126
NQ_YAHOO,sweep_fvg,1,2010,25,0.0095738817333544998,-0.0035107148933962522
NQ_YAHOO,sweep_fvg,1,2020,16,0.0088762701241017761,-0.0068283251836973174
NDX,sweep_1,-1,1980,32,-0.010242028705660839,0.0032441255512690552
NDX,sweep_1,-1,1990,80,-0.021217240957206941,0.0027527959358728945
NDX,sweep_1,-1,2000,97,-0.0014595134656902027,-0.0030691229066532656
NDX,sweep_1,-1,2010,84,-0.010270673265340105,0.0027992058992607036
NDX,sweep_1,-1,2020,44,-0.0091093136738196797,0.0066701420406621711
NDX,sweep_1,1,1980,39,0.0082328138345336751,-0.0052533404223962183
NDX,sweep_1,1,1990,85,0.029973597324853253,0.0060035604317734137
NDX,sweep_1,1,2000,78,-0.029137710863575653,-0.027528101422612583
NDX,sweep_1,1,2010,76,0.024106302027599655,0.011036422862998845
NDX,sweep_1,1,2020,39,0.016009185585814833,0.00022972987133298555
NDX,fvg_disp,1,1980,35,0.019584869244250833,0.0060987149873209393
NDX,fvg_disp,1,1990,73,0.026501451714366416,0.00253141482128658
NDX,fvg_disp,1,2000,41,0.00086539442798919326,0.0024750038689522569
NDX,fvg_disp,1,2010,46,0.0076042428407736128,-0.005465636323827198
NDX,fvg_disp,1,2020,39,0.013530015383516033,-0.0022494403309658165
NDX,sweep_fvg,1,1980,10,0.028931990528466088,0.015445836271536196
NDX,sweep_fvg,1,1990,31,0.023598249934928914,-0.00037178695815091823
NDX,sweep_fvg,1,2000,11,-0.027543279497510374,-0.025933670056547311
NDX,sweep_fvg,1,2010,16,0.018443369395108065,0.0053734902305072564
NDX,sweep_fvg,1,2020,9,0.031816001552846397,0.016036545838364551
NDX,fvg_disp,-1,1980,18,-0.0080730691488240768,0.0054130851081058175
NDX,fvg_disp,-1,1990,24,-0.010686486775695924,0.013283550117383908
NDX,fvg_disp,-1,2000,35,0.015005105720600374,0.013395496279637311
NDX,fvg_disp,-1,2010,25,-0.034002383544034724,-0.020932504379433916
NDX,fvg_disp,-1,2020,14,-0.0026284416018113837,0.013151014112670464
NDX,sweep_fvg,-1,1980,6,-0.0059073732480674863,0.0075787810088624079
NDX,sweep_fvg,-1,1990,8,-0.03481472619669905,-0.010844689303619218
NDX,sweep_fvg,-1,2000,14,-0.0089311474970637603,-0.010540756938026823
NDX,sweep_fvg,-1,2010,12,-0.027441415531275538,-0.014371536366674728
NDX,sweep_fvg,-1,2020,6,0.0066955895176629516,0.022475045232144802
SP500,sweep_1,1,1960,92,-0.00066130987368514843,-0.0039461747437943536
SP500,sweep_1,1,1970,97,0.013251532949756695,0.010844592695969903
SP500,sweep_1,1,1980,87,0.0074451883311492436,-0.0022397531295036536
SP500,sweep_1,1,1990,68,0.016071760264256281,0.0043831123935485182
SP500,sweep_1,1,2000,92,-0.011322376176429916,-0.010881701114484103
SP500,sweep_1,1,2010,66,0.013084650856310848,0.0042049025316579338
SP500,sweep_1,1,2020,44,0.020053590506083671,0.0087801333452487262
SP500,sweep_1,-1,1960,89,-0.0036251755074207257,-0.00034031063731152037
SP500,sweep_1,-1,1970,109,-0.0026200647146150395,-0.0002131244608282459
SP500,sweep_1,-1,1980,80,-0.0015393786641531432,0.0081455627964997536
SP500,sweep_1,-1,1990,98,-0.01015917180839958,0.0015294760623081871
SP500,sweep_1,-1,2000,85,0.00094321018282364857,0.00050253512087784216
SP500,sweep_1,-1,2010,89,-0.009400095767412955,-0.00052034744276004119
SP500,sweep_1,-1,2020,44,-0.0032999181208005187,0.0079735390400344237
SP500,fvg_disp,-1,1980,26,-0.013077940563209276,-0.0033929991025563769
SP500,fvg_disp,-1,1990,33,-0.015230318862478802,-0.0035416709917710327
SP500,fvg_disp,-1,2000,39,-0.013022075683702042,-0.013462750745647845
SP500,fvg_disp,-1,2010,28,-0.023140395370604066,-0.014260647045951152
SP500,fvg_disp,-1,2020,11,-0.017839215608715778,-0.0065657584478808354
SP500,sweep_fvg,-1,1980,13,-0.032192773187286,-0.022507831726633096
SP500,sweep_fvg,-1,1990,12,-0.019696088844521748,-0.0080074409738139837
SP500,sweep_fvg,-1,2000,17,-0.02041796132353188,-0.020858636385477691
SP500,sweep_fvg,-1,2010,9,-0.013474713923456968,-0.0045949655988040536
SP500,sweep_fvg,-1,2020,2,-0.0032104932877515813,0.0080629638730833619
SP500,fvg_disp,1,1980,58,0.018745869830450651,0.0090609283697977543
SP500,fvg_disp,1,1990,75,0.0028612704115905749,-0.0088273774591171913
SP500,fvg_disp,1,2000,47,0.0044825825712841213,0.004923257633229928
SP500,fvg_disp,1,2010,50,0.0051767775047522968,-0.0037029708199006173
SP500,fvg_disp,1,2020,39,-0.00039802241386251619,-0.01167147957469746
SP500,sweep_fvg,1,1980,21,0.024211248174857605,0.014526306714204709
SP500,sweep_fvg,1,1990,18,0.0011715867461491755,-0.010517061124558592
SP500,sweep_fvg,1,2000,21,-0.0008816572313515371,-0.00044098216940573231
SP500,sweep_fvg,1,2010,19,0.00055813568186022667,-0.0083216126427926879
SP500,sweep_fvg,1,2020,12,0.013571883457771597,0.0022984262969366529
SP500_MODERN,sweep_1,-1,1980,52,-0.00055413971169323694,0.011142264463138256
SP500_MODERN,sweep_1,-1,1990,98,-0.01015917180839958,0.0015294760623081871
SP500_MODERN,sweep_1,-1,2000,85,0.00094321018282364857,0.00050253512087784216
SP500_MODERN,sweep_1,-1,2010,89,-0.009400095767412955,-0.00052034744276004119
SP500_MODERN,sweep_1,-1,2020,44,-0.0032999181208005187,0.0079735390400344237
SP500_MODERN,sweep_1,1,1980,60,0.01355870223238125,0.0018622980575497658
SP500_MODERN,sweep_1,1,1990,68,0.016071760264256281,0.0043831123935485182
SP500_MODERN,sweep_1,1,2000,92,-0.011322376176429916,-0.010881701114484103
SP500_MODERN,sweep_1,1,2010,66,0.013084650856310848,0.0042049025316579338
SP500_MODERN,sweep_1,1,2020,44,0.020053590506083671,0.0087801333452487262
SP500_MODERN,fvg_disp,1,1980,58,0.018745869830450651,0.0070494656556191627
SP500_MODERN,fvg_disp,1,1990,75,0.0028612704115905749,-0.0088273774591171913
SP500_MODERN,fvg_disp,1,2000,47,0.0044825825712841213,0.004923257633229928
SP500_MODERN,fvg_disp,1,2010,50,0.0051767775047522968,-0.0037029708199006173
SP500_MODERN,fvg_disp,1,2020,39,-0.00039802241386251619,-0.01167147957469746
SP500_MODERN,sweep_fvg,1,1980,21,0.024211248174857605,0.012514844000026119
SP500_MODERN,sweep_fvg,1,1990,18,0.0011715867461491755,-0.010517061124558592
SP500_MODERN,sweep_fvg,1,2000,21,-0.0008816572313515371,-0.00044098216940573231
SP500_MODERN,sweep_fvg,1,2010,19,0.00055813568186022667,-0.0083216126427926879
SP500_MODERN,sweep_fvg,1,2020,12,0.013571883457771597,0.0022984262969366529
SP500_MODERN,fvg_disp,-1,1980,22,-0.0017687958740516994,0.009927608300779784
SP500_MODERN,fvg_disp,-1,1990,33,-0.015230318862478802,-0.0035416709917710327
SP500_MODERN,fvg_disp,-1,2000,39,-0.013022075683702042,-0.013462750745647845
SP500_MODERN,fvg_disp,-1,2010,28,-0.023140395370604066,-0.014260647045951152
SP500_MODERN,fvg_disp,-1,2020,11,-0.017839215608715778,-0.0065657584478808354
SP500_MODERN,sweep_fvg,-1,1980,9,-0.013043678446712689,-0.0013472742718812014
SP500_MODERN,sweep_fvg,-1,1990,12,-0.019696088844521748,-0.0080074409738139837
SP500_MODERN,sweep_fvg,-1,2000,17,-0.02041796132353188,-0.020858636385477691
SP500_MODERN,sweep_fvg,-1,2010,9,-0.013474713923456968,-0.0045949655988040536
SP500_MODERN,sweep_fvg,-1,2020,2,-0.0032104932877515813,0.0080629638730833619
STORA,sweep_1,1,2000,74,-0.016081443901008435,-0.013090418938575172
STORA,sweep_1,1,2010,75,0.0096695210272465457,-0.0012403846084962898
STORA,sweep_1,1,2020,45,-0.0082430172169843489,-0.0095489141291895396
STORA,sweep_1,-1,2000,72,0.010039159378970255,0.0070481344165369952
STORA,sweep_1,-1,2010,65,-0.0081654558155779006,0.002744449820164932
STORA,sweep_1,-1,2020,53,-0.0057856676284265031,-0.004479770716221315
STORA,fvg_disp,1,2000,41,-0.022899621451868375,-0.019908596489435111
STORA,fvg_disp,1,2010,58,0.012986141428118315,0.0020762357923754817
STORA,fvg_disp,1,2020,29,0.006477634796151821,0.0051717378839466303
STORA,fvg_disp,-1,2000,39,-0.0057544719238725216,-0.0087454968863057807
STORA,fvg_disp,-1,2010,47,-0.01455053644258919,-0.0036406308068463525
STORA,fvg_disp,-1,2020,31,-0.03115898919141729,-0.029853092279212106
STORA,sweep_fvg,-1,2000,17,0.0075020510359942632,0.0045110260735610032
STORA,sweep_fvg,-1,2010,16,-0.028522506423358858,-0.017612600787616013
STORA,sweep_fvg,-1,2020,6,-0.015334181358389673,-0.014028284446184485
STORA,sweep_fvg,1,2000,13,-0.018417503839628216,-0.015426478877194953
STORA,sweep_fvg,1,2010,10,0.0055925107039652474,-0.0053173949317775844
STORA,sweep_fvg,1,2020,8,-0.040788019925744184,-0.042093916837949379
STORA_ADJ,sweep_1,1,2000,77,-0.011969854101555393,-0.012031661059472083
STORA_ADJ,sweep_1,1,2010,75,0.012222736376442474,-0.0020475758187079016
STORA_ADJ,sweep_1,1,2020,45,-0.0054425071723008195,-0.0088481075352206482
STORA_ADJ,sweep_1,-1,2000,76,0.00071237162689561403,0.00077417858481230203
STORA_ADJ,sweep_1,-1,2010,68,-0.013070972458575188,0.0011993397365751852
STORA_ADJ,sweep_1,-1,2020,54,-0.0088758896381243724,-0.0054702892752045446
STORA_ADJ,fvg_disp,1,2000,44,-0.013458152646295263,-0.013519959604211951
STORA_ADJ,fvg_disp,1,2010,59,0.012612441817099298,-0.0016578703780510777
STORA_ADJ,fvg_disp,1,2020,30,0.0076710395482459913,0.0042654391853261609
STORA_ADJ,fvg_disp,-1,2000,37,-0.0084484698443198902,-0.0083866628864032022
STORA_ADJ,fvg_disp,-1,2010,45,-0.018783750199546798,-0.0045134380043964223
STORA_ADJ,fvg_disp,-1,2020,29,-0.03818238346736999,-0.034776783104450162
STORA_ADJ,sweep_fvg,-1,2000,16,0.0065929690047759684,0.0066547759626926564
STORA_ADJ,sweep_fvg,-1,2010,15,-0.036402696227039025,-0.022132384031888656
STORA_ADJ,sweep_fvg,-1,2020,7,-0.043866096229383311,-0.04046049586646349
STORA_ADJ,sweep_fvg,1,2000,15,-0.010581175475784773,-0.010642982433701461
STORA_ADJ,sweep_fvg,1,2010,10,0.0055924848106665096,-0.008677827384483864
STORA_ADJ,sweep_fvg,1,2020,9,-0.034138742468425326,-0.037544342831345147
MPS,sweep_1,1,1990,10,-0.030428378885938957,-0.009453507572992877
MPS,sweep_1,1,2000,87,-0.004887989081403343,-0.0009336536024917866
MPS,sweep_1,1,2010,76,-0.0066919654059109952,0.028208578285423121
MPS,sweep_1,1,2020,43,-0.0044377475920252298,-0.0059750348428377663
MPS,sweep_1,-1,1990,3,0.051612491191517527,0.030637619878571446
MPS,sweep_1,-1,2000,64,0.019449428688477516,0.015495093209565956
MPS,sweep_1,-1,2010,74,0.073074734962182503,0.038174191270848368
MPS,sweep_1,-1,2020,57,-0.013940403340486072,-0.012403116089673531
MPS,fvg_disp,-1,1990,1,0.01319264420408639,-0.0077822271088596913
MPS,fvg_disp,-1,2000,37,-0.00081667737297858186,-0.0047710128518901372
MPS,fvg_disp,-1,2010,56,0.0098158325387904255,-0.025084711152543685
MPS,fvg_disp,-1,2020,25,0.017865059676017175,0.019402346926829711
MPS,fvg_disp,1,2000,45,0.0053735587037775662,0.0093278941826891257
MPS,fvg_disp,1,2010,26,-0.043257600844459669,-0.0083570571531255619
MPS,fvg_disp,1,2020,23,0.017573974424860691,0.016036687174048155
MPS,sweep_fvg,1,2000,17,0.030470241806221651,0.034424577285133214
MPS,sweep_fvg,1,2010,11,-0.01455186354161132,0.020348680149722794
MPS,sweep_fvg,1,2020,6,0.030919886608407294,0.029382599357594758
MPS,sweep_fvg,-1,2000,8,-0.027297873928339503,-0.031252209407251062
MPS,sweep_fvg,-1,2010,22,0.058990654582901841,0.024090110891567731
MPS,sweep_fvg,-1,2020,8,0.0032363504618479755,0.0047736377126605112
MPS_ADJ,sweep_1,1,1990,10,-0.03042836539434627,-0.0094534934298530267
MPS_ADJ,sweep_1,1,2000,91,-0.0065727312052913465,-0.002985341788546141
MPS_ADJ,sweep_1,1,2010,76,-0.005323998156944067,0.029370530642079611
MPS_ADJ,sweep_1,1,2020,45,-0.004815922715391263,-0.0094346837240089441
MPS_ADJ,sweep_1,-1,1990,3,0.051612451739197852,0.030637579774704615
MPS_ADJ,sweep_1,-1,2000,59,0.016560973373792073,0.012973583957046866
MPS_ADJ,sweep_1,-1,2010,74,0.07282392173843695,0.038129392939413261
MPS_ADJ,sweep_1,-1,2020,61,-0.017545450649355789,-0.012926689640738107
MPS_ADJ,fvg_disp,-1,1990,2,-0.020651740764362103,-0.041626612728855344
MPS_ADJ,fvg_disp,-1,2000,35,0.0063854317162771804,0.0027980422995319706
MPS_ADJ,fvg_disp,-1,2010,56,0.0098158354970728345,-0.024878693301950843
MPS_ADJ,fvg_disp,-1,2020,25,0.017865063117452552,0.022483824126070241
MPS_ADJ,sweep_fvg,-1,1990,1,-0.054496093887592911,-0.075470965852086153
MPS_ADJ,sweep_fvg,-1,2000,8,-0.030110254357818458,-0.033697643774563669
MPS_ADJ,sweep_fvg,-1,2010,22,0.058990648328896438,0.024296119529872751
MPS_ADJ,sweep_fvg,-1,2020,9,-0.0045365894225406489,8.2171586077030748e-05
MPS_ADJ,fvg_disp,1,2000,37,0.011374765670406111,0.014962155087151317
MPS_ADJ,fvg_disp,1,2010,26,-0.04325763014569925,-0.0085631013466755737
MPS_ADJ,fvg_disp,1,2020,23,0.024172173951862205,0.01955341294324452
MPS_ADJ,sweep_fvg,1,2000,16,0.018541220582656108,0.022128609999401312
MPS_ADJ,sweep_fvg,1,2010,11,-0.014551889135967177,0.020142639663056506
MPS_ADJ,sweep_fvg,1,2020,6,0.03989840939795334,0.035279648389335651
ORELL,sweep_1,-1,1990,8,-0.040552957213031773,0.0021058429800665697
ORELL,sweep_1,-1,2000,35,-0.022212106021024317,-0.028218548311719868
ORELL,sweep_1,-1,2010,45,-0.0054101267549285887,-0.0059114369812362563
ORELL,sweep_1,-1,2020,54,-0.015769835927865586,-0.011633062299217369
ORELL,sweep_1,1,1990,5,0.059644278748477261,0.016985478555378918
ORELL,sweep_1,1,2000,79,-0.0085954591361177921,-0.0025890168454222391
ORELL,sweep_1,1,2010,93,-0.0052181563814138326,-0.0047168461551061677
ORELL,sweep_1,1,2020,77,-0.0015125234530071687,-0.0056492970816553884
ORELL,fvg_disp,1,1990,25,0.04353020753115356,0.00087140733805521093
ORELL,fvg_disp,1,2000,32,0.014132833570201994,0.020139275860897546
ORELL,fvg_disp,1,2010,10,-0.0071293521391386557,-0.0066280419128309873
ORELL,fvg_disp,1,2020,20,0.0040197480623012042,-0.0001170255663470135
ORELL,fvg_disp,-1,1990,7,-0.035584688226692092,0.0070741119664062485
ORELL,fvg_disp,-1,2000,27,0.051107441819649498,0.04510099952895396
ORELL,fvg_disp,-1,2010,7,0.010664982514754784,0.010163672288447121
ORELL,fvg_disp,-1,2020,7,0.017946775243654591,0.022083548872302811
ORELL,sweep_fvg,1,1990,1,0.1186441561586502,0.075985355965551865
ORELL,sweep_fvg,1,2000,11,0.0085019605286667573,0.014508402819362309
ORELL,sweep_fvg,1,2010,2,-0.01475621616388334,-0.014254905937575672
ORELL,sweep_fvg,1,2020,11,0.01673890874448751,0.01260213511583929
ORELL,sweep_fvg,-1,2000,5,0.0040747418904391267,-0.0019317004002564254
ORELL,sweep_fvg,-1,2010,2,0.018869565217391304,0.018368254991083639
ORELL_ADJ,sweep_1,-1,1990,12,-0.049521135250001846,-0.006151019970479875
ORELL_ADJ,sweep_1,-1,2000,45,-0.024360049282515471,-0.02879859460305367
ORELL_ADJ,sweep_1,-1,2010,51,-0.00121487510009605,9.6352879106176189e-05
ORELL_ADJ,sweep_1,-1,2020,65,-0.01593594088395547,-0.0082536461279027473
ORELL_ADJ,fvg_disp,1,1990,24,0.063964566076718521,0.020594450797196549
ORELL_ADJ,fvg_disp,1,2000,31,0.01762712462267373,0.022065669943211932
ORELL_ADJ,fvg_disp,1,2010,11,-0.014420104125067102,-0.01573133210426933
ORELL_ADJ,fvg_disp,1,2020,20,0.010401472737028572,0.0027191779809758523
ORELL_ADJ,fvg_disp,-1,1990,7,-0.035584603698993154,0.0077855115805288162
ORELL_ADJ,fvg_disp,-1,2000,23,0.033770200123045588,0.029331654802507386
ORELL_ADJ,fvg_disp,-1,2010,7,0.0023834168275022999,0.0036946448067045243
ORELL_ADJ,fvg_disp,-1,2020,5,0.019371440143115582,0.027053734899168309
ORELL_ADJ,sweep_1,1,1990,5,0.086528850524280471,0.043158735244758509
ORELL_ADJ,sweep_1,1,2000,85,0.0024190266891003583,0.006857572009638554
ORELL_ADJ,sweep_1,1,2010,96,-0.0039407344566585907,-0.0052519624358608151
ORELL_ADJ,sweep_1,1,2020,84,0.0039018417827844524,-0.0037804529732682712
ORELL_ADJ,sweep_fvg,1,1990,2,0.12488842526225252,0.081518309982730547
ORELL_ADJ,sweep_fvg,1,2000,11,0.018761834432654393,0.023200379753192581
ORELL_ADJ,sweep_fvg,1,2010,2,-0.014756130128749545,-0.016067358107951773
ORELL_ADJ,sweep_fvg,1,2020,11,0.016738943441712704,0.0090566486856599807
ORELL_ADJ,sweep_fvg,-1,2000,5,0.0079680921359215791,0.0035295468153833864
ORELL_ADJ,sweep_fvg,-1,2010,2,-0.010115882620394756,-0.0088046546411925317
MATSUI,sweep_1,-1,2000,75,-0.010713626221262984,-0.0052691198852683249
MATSUI,sweep_1,-1,2010,61,-0.012646151518240441,-0.0024692709211196727
MATSUI,sweep_1,-1,2020,66,-0.015447647173731375,-0.0055795927796805705
MATSUI,sweep_1,1,2000,54,0.00088449292826173101,-0.0045600134077329289
MATSUI,sweep_1,1,2010,83,0.015693873586732868,0.0055169929896121024
MATSUI,sweep_1,1,2020,57,0.0046397832903264944,-0.00522827110372431
MATSUI,fvg_disp,-1,2000,30,-0.019265572193788803,-0.013821065857794143
MATSUI,fvg_disp,-1,2010,35,-0.040480998609908052,-0.030304118012787276
MATSUI,fvg_disp,-1,2020,19,-0.015606616038477952,-0.0057385616444271476
MATSUI,sweep_fvg,-1,2000,8,-0.03335679780630918,-0.027912291470314522
MATSUI,sweep_fvg,-1,2010,8,-0.0055626430135308075,0.004614237583589963
MATSUI,sweep_fvg,-1,2020,10,0.022800788048200994,0.032668842442251801
MATSUI,fvg_disp,1,2000,28,-0.0015385765148639152,-0.0069830828508585779
MATSUI,fvg_disp,1,2010,29,-0.013879226817590963,-0.02405610741471173
MATSUI,fvg_disp,1,2020,20,-0.0076218543191861722,-0.017489908713236978
MATSUI,sweep_fvg,1,2000,6,0.07289795171616642,0.067453445380171742
MATSUI,sweep_fvg,1,2010,9,0.0068857727478463466,-0.0032911078492744222
MATSUI,sweep_fvg,1,2020,10,-0.035095328735585705,-0.044963383129636512
MATSUI_ADJ,sweep_1,-1,2000,82,-0.0076913083381549684,-0.0009447038081703673
MATSUI_ADJ,sweep_1,-1,2010,69,-0.014855604647969292,-0.002855084460589968
MATSUI_ADJ,sweep_1,-1,2020,71,-0.014901348251883653,-0.0020803090787669455
MATSUI_ADJ,sweep_1,1,2000,60,-0.0026306918954666727,-0.0093772964254512751
MATSUI_ADJ,sweep_1,1,2010,86,0.014392974723258201,0.0023924545358788773
MATSUI_ADJ,sweep_1,1,2020,57,0.011490377996994341,-0.0013306611761223699
MATSUI_ADJ,fvg_disp,-1,2000,29,-0.025772331819876808,-0.0190257272898922
MATSUI_ADJ,fvg_disp,-1,2010,35,-0.040663591372417526,-0.028663071185038209
MATSUI_ADJ,fvg_disp,-1,2020,17,-0.030415617645870544,-0.017594578472753836
MATSUI_ADJ,sweep_fvg,-1,2000,11,-0.036912080476530634,-0.030165475946546037
MATSUI_ADJ,sweep_fvg,-1,2010,7,-0.01498398357516376,-0.002983463387784433
MATSUI_ADJ,sweep_fvg,-1,2020,8,0.011780476658585934,0.024601515831702642
MATSUI_ADJ,fvg_disp,1,2000,30,0.0050458041913197952,-0.001700800338664806
MATSUI_ADJ,fvg_disp,1,2010,29,-0.0088029110153983979,-0.020803431202777722
MATSUI_ADJ,fvg_disp,1,2020,23,0.0031867480712241959,-0.0096342911018925115
MATSUI_ADJ,sweep_fvg,1,2000,6,0.045762643061907783,0.039016038531923182
MATSUI_ADJ,sweep_fvg,1,2010,7,0.04244341320275434,0.030442893015375012
MATSUI_ADJ,sweep_fvg,1,2020,12,-0.015119536293842134,-0.027940575466958845
SUMITOMO,sweep_1,1,2000,76,0.017476023426660936,-0.0028544108339622152
SUMITOMO,sweep_1,1,2010,61,0.021161028069795359,0.013882904079143856
SUMITOMO,sweep_1,1,2020,42,-0.0050764195008584593,-0.02484515836194073
SUMITOMO,sweep_1,-1,2000,80,-0.015263787253064029,0.0050666470075591248
SUMITOMO,sweep_1,-1,2010,97,0.004839718818320681,0.012117842808972186
SUMITOMO,sweep_1,-1,2020,52,-0.0077485441395270206,0.012020194721555253
SUMITOMO,fvg_disp,1,2000,46,0.028828268971984664,0.0084978347113615071
SUMITOMO,fvg_disp,1,2010,51,-0.0098359930620759567,-0.017114117052727459
SUMITOMO,fvg_disp,1,2020,30,0.051476443680775683,0.031707704819693414
SUMITOMO,sweep_fvg,1,2000,10,0.062971315205526679,0.042640880944903529
SUMITOMO,sweep_fvg,1,2010,8,0.010589381207158244,0.0033112572165067411
SUMITOMO,sweep_fvg,1,2020,5,0.0056692509321483175,-0.014099487928933957
SUMITOMO,fvg_disp,-1,2000,47,-0.011970232974653792,0.0083602012859693587
SUMITOMO,fvg_disp,-1,2010,31,-0.036427171376792279,-0.02914904738614077
SUMITOMO,fvg_disp,-1,2020,23,-0.033225442951018237,-0.013456704089935965
SUMITOMO,sweep_fvg,-1,2000,23,0.016818314556396197,0.037148748817019357
SUMITOMO,sweep_fvg,-1,2010,11,-0.028592985629348967,-0.021314861638697464
SUMITOMO,sweep_fvg,-1,2020,12,0.020714486529231319,0.040483225390313592
SUMITOMO_ADJ,sweep_1,1,2000,75,0.023786535633869121,0.0025249633965214193
SUMITOMO_ADJ,sweep_1,1,2010,62,0.022270217808795189,0.013215899267827244
SUMITOMO_ADJ,sweep_1,1,2020,42,-0.0021006266534026384,-0.024534549668757805
SUMITOMO_ADJ,sweep_1,-1,2000,82,-0.014087923560754121,0.0071736486765935819
SUMITOMO_ADJ,sweep_1,-1,2010,98,0.0011983682429178453,0.010252686783885787
SUMITOMO_ADJ,sweep_1,-1,2020,53,-0.012182388556683497,0.01025153445867167
SUMITOMO_ADJ,fvg_disp,1,2000,44,0.029063152653292137,0.0078015804159444332
SUMITOMO_ADJ,fvg_disp,1,2010,52,-0.0086104552470336135,-0.017664773788001555
SUMITOMO_ADJ,fvg_disp,1,2020,33,0.04898086553829601,0.026546942522940837
SUMITOMO_ADJ,sweep_fvg,1,2000,10,0.054062127276015025,0.032800555038667321
SUMITOMO_ADJ,sweep_fvg,1,2010,9,0.0079594371355518178,-0.0010948814054161241
SUMITOMO_ADJ,sweep_fvg,1,2020,5,0.0056692096572322544,-0.016764713358122914
SUMITOMO_ADJ,fvg_disp,-1,2000,46,-0.013676512091986906,0.0075850601453607966
SUMITOMO_ADJ,fvg_disp,-1,2010,28,-0.040210142487987044,-0.031155823947019101
SUMITOMO_ADJ,fvg_disp,-1,2020,23,-0.036950423245648505,-0.014516500230293329
SUMITOMO_ADJ,sweep_fvg,-1,2000,23,0.0076205934883212499,0.028882165725668953
SUMITOMO_ADJ,sweep_fvg,-1,2010,10,-0.024273764251599737,-0.015219445710631798
SUMITOMO_ADJ,sweep_fvg,-1,2020,12,0.019339465365819809,0.041773388381174982
BNY,sweep_1,1,1970,24,0.012008450840865248,0.0095081699465840181
BNY,sweep_1,1,1980,51,-0.0012206901087118654,-0.01291092589286981
BNY,sweep_1,1,1990,67,0.021438196521362158,0.0016591370443333605
BNY,sweep_1,1,2000,84,-0.0033183315069027471,-0.0046475686344855513
BNY,sweep_1,1,2010,74,0.011956546594185312,0.005984322931208483
BNY,sweep_1,1,2020,48,0.018473854826170234,0.0013580581965238721
BNY,sweep_1,-1,1970,23,0.008218739248583358,0.010719020142864584
BNY,sweep_1,-1,1980,41,-0.024340118823976305,-0.012649883039818361
BNY,sweep_1,-1,1990,68,-0.018633440524738913,0.0011456189522898879
BNY,sweep_1,-1,2000,101,-0.0037083100907370028,-0.002379072963154196
BNY,sweep_1,-1,2010,87,0.00079137287358149928,0.0067635965365583283
BNY,sweep_1,-1,2020,71,-0.0093643968336905112,0.0077513997959558489
BNY,fvg_disp,1,1970,29,-0.0040661843762141688,-0.0065664652704953983
BNY,fvg_disp,1,1980,65,0.012678975521197473,0.00098873973703952878
BNY,fvg_disp,1,1990,52,0.017215771245940713,-0.0025632882310880861
BNY,fvg_disp,1,2000,35,0.0031218869172190918,0.0017926497896362914
BNY,fvg_disp,1,2010,51,0.0073895507827253524,0.0014173271197485209
BNY,fvg_disp,1,2020,37,0.0085034587638550211,-0.0086123378657913391
BNY,fvg_disp,-1,1970,30,-0.006900421623125234,-0.0044001407288440063
BNY,fvg_disp,-1,1980,37,-0.0077834114472708632,0.0039068243368870804
BNY,fvg_disp,-1,1990,34,-0.026102492794815798,-0.0063234333177869936
BNY,fvg_disp,-1,2000,35,-0.025716520418864616,-0.024387283291281814
BNY,fvg_disp,-1,2010,34,-0.025305674581087557,-0.019333450918110728
BNY,fvg_disp,-1,2020,14,-0.030357640656373568,-0.013241844026727205
BNY,sweep_fvg,1,1970,8,0.021894128319060333,0.019393847424779107
BNY,sweep_fvg,1,1980,8,-0.010864956115149482,-0.022555191899307426
BNY,sweep_fvg,1,1990,13,0.034837433359566933,0.015058373882538124
BNY,sweep_fvg,1,2000,14,-0.014635299448267811,-0.015964536575850612
BNY,sweep_fvg,1,2010,14,0.0086552711003362193,0.0026830474373593879
BNY,sweep_fvg,1,2020,9,-0.01008345015619647,-0.027199246785842832
BNY,sweep_fvg,-1,1970,11,-0.030763010243909858,-0.028262729349628632
BNY,sweep_fvg,-1,1980,4,0.022699373026846464,0.034389608811004405
BNY,sweep_fvg,-1,1990,11,-0.02378646218450239,-0.0040074027074735842
BNY,sweep_fvg,-1,2000,12,-0.041585892270487583,-0.040256655142904781
BNY,sweep_fvg,-1,2010,14,-0.031212810824594411,-0.025240587161617582
BNY,sweep_fvg,-1,2020,9,-0.029964699101368689,-0.012848902471722322
BNY_ADJ,sweep_1,-1,1970,32,0.0072007420579973599,0.0097010205355791794
BNY_ADJ,sweep_1,-1,1980,56,-0.024548338827882703,-0.011934929441902704
BNY_ADJ,sweep_1,-1,1990,84,-0.016481463941186523,0.0061540787714147076
BNY_ADJ,sweep_1,-1,2000,103,-0.0058194714354107158,-0.0027131015335717422
BNY_ADJ,sweep_1,-1,2010,87,0.00065757676676168355,0.0081198457238298959
BNY_ADJ,sweep_1,-1,2020,73,-0.014034797950306571,0.0053090731569914451
BNY_ADJ,sweep_1,1,1970,52,0.0041553596842312671,0.0016550812066494453
BNY_ADJ,sweep_1,1,1980,67,0.0062641193975305712,-0.0063492899884494249
BNY_ADJ,sweep_1,1,1990,70,0.023255275849206777,0.0006197331366055393
BNY_ADJ,sweep_1,1,2000,85,-0.0029918749267469789,-0.006098244828585949
BNY_ADJ,sweep_1,1,2010,81,0.01678611535791916,0.0093238464008509533
BNY_ADJ,sweep_1,1,2020,43,0.018582453849562822,-0.00076141725773519573
BNY_ADJ,fvg_disp,1,1970,34,-0.0017753647799033199,-0.0042756432574851382
BNY_ADJ,fvg_disp,1,1980,68,0.013165705965815273,0.00055229657983527688
BNY_ADJ,fvg_disp,1,1990,57,0.020938559471749985,-0.0016969832408512452
BNY_ADJ,fvg_disp,1,2000,36,0.0040250872594682725,0.00091871735762930984
BNY_ADJ,fvg_disp,1,2010,52,0.0067432649184247647,-0.00071900403864344356
BNY_ADJ,fvg_disp,1,2020,40,0.012115506233565674,-0.0072283648737323462
BNY_ADJ,fvg_disp,-1,1970,26,0.0008230516954494735,0.0033233301730312922
BNY_ADJ,fvg_disp,-1,1980,32,-0.014850138860650737,-0.0022367294746707404
BNY_ADJ,fvg_disp,-1,1990,35,-0.026362381865008843,-0.0037268391524076074
BNY_ADJ,fvg_disp,-1,2000,35,-0.026838632798949907,-0.023732262897110942
BNY_ADJ,fvg_disp,-1,2010,32,-0.027367452351481313,-0.019905183394413106
BNY_ADJ,fvg_disp,-1,2020,12,-0.026123018665784231,-0.0067791475584862123
BNY_ADJ,sweep_fvg,1,1970,11,0.013259200140906929,0.01075892166332511
BNY_ADJ,sweep_fvg,1,1980,16,0.034033638914483189,0.021420229528503195
BNY_ADJ,sweep_fvg,1,1990,16,0.044283583823041657,0.021648041110440424
BNY_ADJ,sweep_fvg,1,2000,13,-0.022585069587025594,-0.02569143948886456
BNY_ADJ,sweep_fvg,1,2010,19,0.0075961248972804072,0.000133855940212197
BNY_ADJ,sweep_fvg,1,2020,9,0.0010411405465868705,-0.018302730560711147
BNY_ADJ,sweep_fvg,-1,1970,9,-0.014914424544168532,-0.012414146066586716
BNY_ADJ,sweep_fvg,-1,1980,6,0.012796857355260391,0.025410266741240386
BNY_ADJ,sweep_fvg,-1,1990,13,-0.030337155544323847,-0.0077016128317226162
BNY_ADJ,sweep_fvg,-1,2000,12,-0.041585859813359084,-0.038479489911520115
BNY_ADJ,sweep_fvg,-1,2010,13,-0.031539423425932314,-0.024077154468864111
BNY_ADJ,sweep_fvg,-1,2020,8,-0.038761334971450415,-0.019417463864152395
ED,sweep_1,-1,1960,42,-0.0028181375375841977,-0.0056997949548548057
ED,sweep_1,-1,1970,34,-0.012048375907630448,-0.0086089850824295003
ED,sweep_1,-1,1980,55,-0.0039671733559224044,0.0088638994970081202
ED,sweep_1,-1,1990,68,-0.0056835275543349441,-0.0027327916431017542
ED,sweep_1,-1,2000,82,-0.0051238841656045912,-0.0016334059990619505
ED,sweep_1,-1,2010,95,-0.011945892821635471,-0.0058252819182071916
ED,sweep_1,-1,2020,63,-0.0051960996015691365,-0.0015109764591076519
ED,fvg_disp,-1,1960,36,-0.00027007426070623414,-0.0031517316779768423
ED,fvg_disp,-1,1970,43,0.0043797681356084282,0.0078191589608093779
ED,fvg_disp,-1,1980,24,-0.027339077470863605,-0.014508004617933079
ED,fvg_disp,-1,1990,40,-0.010042492944833083,-0.0070917570335998934
ED,fvg_disp,-1,2000,36,-0.016559464354909497,-0.013068986188366858
ED,fvg_disp,-1,2010,36,-0.0017609304996288415,0.0043596804037994395
ED,fvg_disp,-1,2020,28,-0.0055746205136286741,-0.0018894973711671892
ED,sweep_1,1,1960,43,0.00018609309013689236,0.003067750507407502
ED,sweep_1,1,1970,45,0.020004168182752698,0.016564777357551748
ED,sweep_1,1,1980,54,0.024137805301289977,0.011306732448359454
ED,sweep_1,1,1990,75,-0.00085193041157299648,-0.0038026663228061873
ED,sweep_1,1,2000,91,0.0013502690484555001,-0.002140209118087137
ED,sweep_1,1,2010,73,0.0066496725898025138,0.00052906168637423473
ED,sweep_1,1,2020,58,0.0043947005435306481,0.0007095774010691631
ED,fvg_disp,1,1960,35,0.00029116360906043288,0.003172821026331043
ED,fvg_disp,1,1970,51,-0.0028720858958867289,-0.006311476721087679
ED,fvg_disp,1,1980,54,-0.0012117254010779413,-0.014042798254008464
ED,fvg_disp,1,1990,57,0.003058469229984713,0.00010773331875152258
ED,fvg_disp,1,2000,40,-0.003354685556695164,-0.0068451637232378043
ED,fvg_disp,1,2010,51,-0.0042803636845040139,-0.010400974587932295
ED,fvg_disp,1,2020,34,-0.0030723571143022404,-0.0067574802567637263
ED,sweep_fvg,1,1960,8,0.013184556160737396,0.016066213578008005
ED,sweep_fvg,1,1970,16,0.017945628464232977,0.01450623763903203
ED,sweep_fvg,1,1980,18,-0.0077303513864502788,-0.020561424239380802
ED,sweep_fvg,1,1990,19,0.0050230838391051138,0.0020723479278719229
ED,sweep_fvg,1,2000,9,0.0048013829086133164,0.0013109047420706765
ED,sweep_fvg,1,2010,15,-0.014719145349493309,-0.020839756252921598
ED,sweep_fvg,1,2020,14,0.001511724959488108,-0.0021733981829733734
ED,sweep_fvg,-1,1960,5,-0.0009743676750926689,-0.0038560250923632771
ED,sweep_fvg,-1,1970,2,0.02830687830687828,0.03174626913207923
ED,sweep_fvg,-1,1980,4,-0.035872487759927629,-0.023041414906997099
ED,sweep_fvg,-1,1990,10,-0.021397104160577496,-0.018446368249344307
ED,sweep_fvg,-1,2000,11,-0.014271420744448114,-0.010780942577905472
ED,sweep_fvg,-1,2010,14,-0.0015713508533416385,0.0045492600500866426
ED,sweep_fvg,-1,2020,12,0.0048737875988483503,0.0085589107413098341
ED_ADJ,sweep_1,-1,1960,68,-0.0049063712025088522,-0.0045182819332346344
ED_ADJ,sweep_1,-1,1970,67,-0.023743985875672901,-0.014290012581442784
ED_ADJ,sweep_1,-1,1980,69,-0.01805909859168036,0.00073216456059362685
ED_ADJ,sweep_1,-1,1990,86,-0.011679747960610005,-0.0038002395998559982
ED_ADJ,sweep_1,-1,2000,90,-0.012971566330893707,-0.0052837598326340458
ED_ADJ,sweep_1,-1,2010,96,-0.013464071830439447,-0.0042427182485275531
ED_ADJ,sweep_1,-1,2020,62,-0.010718268048651409,-0.0042605227212764258
ED_ADJ,sweep_1,1,1960,65,-0.0037531965995006478,-0.004141285868774866
ED_ADJ,sweep_1,1,1970,79,0.028171185224548943,0.018717211930318833
ED_ADJ,sweep_1,1,1980,73,0.023564535700750511,0.0047732725484765214
ED_ADJ,sweep_1,1,1990,86,0.0049751537687347238,-0.0029043545920192822
ED_ADJ,sweep_1,1,2000,92,0.0014422196051279037,-0.0062455868931317578
ED_ADJ,sweep_1,1,2010,75,0.011056508856602712,0.0018351552746908154
ED_ADJ,sweep_1,1,2020,58,0.0095469770608282434,0.0030892317334532586
ED_ADJ,fvg_disp,1,1960,35,-0.00070899830464317458,-0.0010970875739173913
ED_ADJ,fvg_disp,1,1970,54,0.01211507506096161,0.0026611017667314933
ED_ADJ,fvg_disp,1,1980,62,0.008288161575771627,-0.010503101576502361
ED_ADJ,fvg_disp,1,1990,65,0.0092011533263703892,0.0013216449656163858
ED_ADJ,fvg_disp,1,2000,44,0.003483146856217824,-0.004204659642041841
ED_ADJ,fvg_disp,1,2010,57,0.00044306945909831165,-0.008778284122813583
ED_ADJ,fvg_disp,1,2020,38,-0.0055673101258241851,-0.012025055453199169
ED_ADJ,sweep_fvg,1,1960,10,-0.0039645654407949645,-0.0043526547100691815
ED_ADJ,sweep_fvg,1,1970,19,0.029219005733746514,0.019765032439516397
ED_ADJ,sweep_fvg,1,1980,23,0.0073420987070029753,-0.011449164445271016
ED_ADJ,sweep_fvg,1,1990,22,0.011284462276279338,0.003404953915525334
ED_ADJ,sweep_fvg,1,2000,10,0.0052326582451672878,-0.0024551482530923733
ED_ADJ,sweep_fvg,1,2010,20,-0.0064975112606169613,-0.015718864842528858
ED_ADJ,sweep_fvg,1,2020,16,-0.0023866871254997826,-0.0088444324528747648
ED_ADJ,fvg_disp,-1,1960,32,-0.0024139843181925601,-0.0020258950489183418
ED_ADJ,fvg_disp,-1,1970,37,0.0066358649502834873,0.016089838244513609
ED_ADJ,fvg_disp,-1,1980,20,-0.01985340211246624,-0.0010621389601922515
ED_ADJ,fvg_disp,-1,1990,38,-0.021877998715066436,-0.013998490354312431
ED_ADJ,fvg_disp,-1,2000,37,-0.022139674415445714,-0.01445186791718605
ED_ADJ,fvg_disp,-1,2010,33,-0.00067408797769413949,0.0085472656042177575
ED_ADJ,fvg_disp,-1,2020,26,-0.009268512901034049,-0.0028107675736590643
ED_ADJ,sweep_fvg,-1,1960,10,0.00092225138187856937,0.0013103406511527885
ED_ADJ,sweep_fvg,-1,1970,5,-0.028117723449413524,-0.018663750155183408
ED_ADJ,sweep_fvg,-1,1980,3,-0.011730418098849893,0.0070608450534240981
ED_ADJ,sweep_fvg,-1,1990,16,-0.04124093876205262,-0.033361430401298617
ED_ADJ,sweep_fvg,-1,2000,13,-0.012026093677465056,-0.0043382871792053959
ED_ADJ,sweep_fvg,-1,2010,14,-0.006044788297963003,0.0031765652839488923
ED_ADJ,sweep_fvg,-1,2020,9,-0.0060827899935875663,0.00037495533378741644
NQ_LOCAL_SNAPSHOT,sweep_1,1,2010,21,0.029443024777271846,0.016186547415232629
NQ_LOCAL_SNAPSHOT,sweep_1,1,2020,36,0.015890263191041434,-0.0012689245381135501
NQ_LOCAL_SNAPSHOT,sweep_1,-1,2010,21,-0.0082104051670932911,0.0050460721949459235
NQ_LOCAL_SNAPSHOT,sweep_1,-1,2020,49,-0.022319832777004403,-0.0051606450478494208
NQ_LOCAL_SNAPSHOT,fvg_disp,1,2010,7,0.016558139751358576,0.0033016623893193592
NQ_LOCAL_SNAPSHOT,fvg_disp,1,2020,20,0.015895248925602012,-0.0012639388035529694
NQ_LOCAL_SNAPSHOT,sweep_fvg,1,2010,3,0.019410145474720236,0.0061536681126810209
NQ_LOCAL_SNAPSHOT,sweep_fvg,1,2020,5,-0.0042031527745285844,-0.021362340503683564
NQ_LOCAL_SNAPSHOT,fvg_disp,-1,2010,1,0.021677859354883644,0.034934336716922858
NQ_LOCAL_SNAPSHOT,fvg_disp,-1,2020,6,-0.032358618909412475,-0.015199431180257494
NQ_LOCAL_SNAPSHOT,sweep_fvg,-1,2010,1,0.021677859354883644,0.034934336716922858
NQ_LOCAL_SNAPSHOT,sweep_fvg,-1,2020,3,-0.037203551687092738,-0.020044363957937752
NQ_LOCAL_FIXED,sweep_1,1,2010,21,0.029443024777271846,0.016186547415232629
NQ_LOCAL_FIXED,sweep_1,1,2020,35,0.015127406830860826,-0.001849391711720034
NQ_LOCAL_FIXED,sweep_1,-1,2010,21,-0.0082104051670932911,0.0050460721949459235
NQ_LOCAL_FIXED,sweep_1,-1,2020,49,-0.022319832777004403,-0.0053430342344235422
NQ_LOCAL_FIXED,fvg_disp,1,2010,7,0.016558139751358576,0.0033016623893193592
NQ_LOCAL_FIXED,fvg_disp,1,2020,20,0.015895248925602012,-0.0010815496169788471
NQ_LOCAL_FIXED,sweep_fvg,1,2010,3,0.019410145474720236,0.0061536681126810209
NQ_LOCAL_FIXED,sweep_fvg,1,2020,5,-0.0042031527745285844,-0.021179951317109442
NQ_LOCAL_FIXED,fvg_disp,-1,2010,1,0.021677859354883644,0.034934336716922858
NQ_LOCAL_FIXED,fvg_disp,-1,2020,6,-0.032358618909412475,-0.015381820366831616
NQ_LOCAL_FIXED,sweep_fvg,-1,2010,1,0.021677859354883644,0.034934336716922858
NQ_LOCAL_FIXED,sweep_fvg,-1,2020,3,-0.037203551687092738,-0.020226753144511875
