asset,rule,direction,horizon,formed,n,censored,edge_hits,edge_rate,edge_range_touches,edge_open_passes,edge_open_known,edge_median_wait,ce_hits,ce_rate,ce_range_touches,ce_open_passes,ce_open_known,ce_median_wait,far_hits,far_rate,far_range_touches,far_open_passes,far_open_known,far_median_wait
NQ_YAHOO,fvg_raw,1,1,214,211,3,64,0.30331753554502372,64,2,64,1,45,0.2132701421800948,45,2,45,1,35,0.16587677725118483,35,0,35,1
NQ_YAHOO,fvg_raw,1,4,214,200,14,111,0.55500000000000005,111,2,111,1,94,0.46999999999999997,94,2,94,2,75,0.375,75,0,75,2
NQ_YAHOO,fvg_raw,1,13,214,195,19,146,0.74871794871794872,146,2,146,2,136,0.6974358974358974,136,3,136,3,125,0.64102564102564108,125,0,124,3
NQ_YAHOO,fvg_raw,1,52,214,154,60,128,0.83116883116883122,128,2,128,2,121,0.7857142857142857,121,3,121,3,113,0.73376623376623373,113,0,112,4
NQ_YAHOO,fvg_raw,-1,1,90,89,1,42,0.47191011235955055,42,0,42,1,33,0.3707865168539326,33,0,33,1,22,0.24719101123595505,22,0,22,1
NQ_YAHOO,fvg_raw,-1,4,90,81,9,57,0.70370370370370372,57,0,57,1,51,0.62962962962962965,51,1,51,1,45,0.55555555555555558,45,1,45,2
NQ_YAHOO,fvg_raw,-1,13,90,69,21,59,0.85507246376811596,59,0,59,1,57,0.82608695652173914,57,1,57,2,53,0.76811594202898548,53,1,53,3
NQ_YAHOO,fvg_raw,-1,52,90,53,37,50,0.94339622641509435,50,1,50,1,50,0.94339622641509435,50,1,50,2,49,0.92452830188679247,49,1,49,3
NQ_YAHOO,fvg_disp,1,1,123,121,2,43,0.35537190082644626,43,2,43,1,28,0.23140495867768596,28,2,28,1,22,0.18181818181818182,22,0,22,1
NQ_YAHOO,fvg_disp,1,4,123,118,5,71,0.60169491525423724,71,2,71,1,61,0.51694915254237284,61,2,61,2,47,0.39830508474576271,47,0,47,2
NQ_YAHOO,fvg_disp,1,13,123,114,9,85,0.74561403508771928,85,2,85,2,79,0.69298245614035092,79,2,79,2,71,0.6228070175438597,71,0,71,3
NQ_YAHOO,fvg_disp,1,52,123,97,26,81,0.83505154639175261,81,2,81,2,76,0.78350515463917525,76,2,76,3,70,0.72164948453608246,70,0,70,4
NQ_YAHOO,fvg_disp,-1,1,59,58,1,27,0.46551724137931033,27,0,27,1,19,0.32758620689655171,19,0,19,1,12,0.20689655172413793,12,0,12,1
NQ_YAHOO,fvg_disp,-1,4,59,55,4,38,0.69090909090909092,38,0,38,1,33,0.59999999999999998,33,1,33,1,30,0.54545454545454541,30,1,30,2
NQ_YAHOO,fvg_disp,-1,13,59,49,10,41,0.83673469387755106,41,0,41,1,40,0.81632653061224492,40,1,40,2,37,0.75510204081632648,37,1,37,2
NQ_YAHOO,fvg_disp,-1,52,59,38,21,36,0.94736842105263153,36,1,36,1,36,0.94736842105263153,36,1,36,2,35,0.92105263157894735,35,1,35,3
NQ_YAHOO,sweep_fvg,1,1,51,51,0,23,0.45098039215686275,23,1,23,1,13,0.25490196078431371,13,1,13,1,12,0.23529411764705882,12,0,12,1
NQ_YAHOO,sweep_fvg,1,4,51,49,2,31,0.63265306122448983,31,1,31,1,25,0.51020408163265307,25,1,25,1,21,0.42857142857142855,21,0,21,1
NQ_YAHOO,sweep_fvg,1,13,51,47,4,37,0.78723404255319152,37,1,37,1,34,0.72340425531914898,34,1,34,2,31,0.65957446808510634,31,0,31,3
NQ_YAHOO,sweep_fvg,1,52,51,39,12,32,0.82051282051282048,32,1,32,1,30,0.76923076923076927,30,1,30,3,27,0.69230769230769229,27,0,27,3
NQ_YAHOO,sweep_fvg,-1,1,24,24,0,11,0.45833333333333331,11,0,11,1,6,0.25,6,0,6,1,4,0.16666666666666666,4,0,4,1
NQ_YAHOO,sweep_fvg,-1,4,24,21,3,15,0.7142857142857143,15,0,15,1,14,0.66666666666666663,14,1,14,2,14,0.66666666666666663,14,1,14,2
NQ_YAHOO,sweep_fvg,-1,13,24,19,5,17,0.89473684210526316,17,0,17,1,17,0.89473684210526316,17,1,17,3,16,0.84210526315789469,16,1,16,3
NQ_YAHOO,sweep_fvg,-1,52,24,15,9,14,0.93333333333333335,14,0,14,1,14,0.93333333333333335,14,1,14,2,14,0.93333333333333335,14,1,14,2.5
NDX,fvg_raw,1,1,393,393,0,139,0.35368956743002544,136,10,139,1,95,0.24173027989821882,93,7,95,1,71,0.1806615776081425,70,4,71,1
NDX,fvg_raw,1,4,393,392,1,219,0.55867346938775508,217,16,219,1,176,0.44897959183673469,174,10,176,1,147,0.375,146,7,147,2
NDX,fvg_raw,1,13,393,392,1,279,0.71173469387755106,278,18,279,2,249,0.63520408163265307,249,15,249,2,231,0.5892857142857143,231,14,231,3
NDX,fvg_raw,1,52,393,383,10,307,0.80156657963446476,307,21,307,2,280,0.7310704960835509,280,20,280,3,269,0.70234986945169708,269,21,269,4
NDX,fvg_raw,-1,1,170,170,0,89,0.52352941176470591,86,8,89,1,60,0.35294117647058826,60,4,60,1,47,0.27647058823529413,47,2,47,1
NDX,fvg_raw,-1,4,170,170,0,128,0.75294117647058822,125,9,128,1,110,0.6470588235294118,110,7,110,1,99,0.58235294117647063,98,5,99,2
NDX,fvg_raw,-1,13,170,170,0,142,0.83529411764705885,140,9,142,1,135,0.79411764705882348,135,9,135,2,129,0.75882352941176467,127,6,129,2
NDX,fvg_raw,-1,52,170,169,1,158,0.9349112426035503,157,9,158,1,157,0.92899408284023666,157,9,157,2,152,0.89940828402366868,151,7,152,3
NDX,fvg_disp,1,1,235,235,0,83,0.35319148936170214,82,5,83,1,53,0.22553191489361701,52,4,53,1,38,0.16170212765957448,37,3,38,1
NDX,fvg_disp,1,4,235,234,1,135,0.57692307692307687,133,11,135,1,104,0.44444444444444442,102,7,104,1,85,0.36324786324786323,84,5,85,2
NDX,fvg_disp,1,13,235,234,1,168,0.71794871794871795,167,11,168,2,145,0.61965811965811968,145,8,145,2,132,0.5641025641025641,132,8,132,3
NDX,fvg_disp,1,52,235,228,7,189,0.82894736842105265,189,13,189,2,168,0.73684210526315785,168,11,168,3,159,0.69736842105263153,159,13,159,4
NDX,fvg_disp,-1,1,116,116,0,61,0.52586206896551724,59,4,61,1,39,0.33620689655172414,39,1,39,1,29,0.25,29,1,29,1
NDX,fvg_disp,-1,4,116,116,0,89,0.76724137931034486,87,5,89,1,76,0.65517241379310343,76,3,76,1,66,0.56896551724137934,65,4,66,2
NDX,fvg_disp,-1,13,116,116,0,93,0.80172413793103448,91,5,93,1,89,0.76724137931034486,89,3,89,2,84,0.72413793103448276,82,5,84,2
NDX,fvg_disp,-1,52,116,116,0,110,0.94827586206896552,109,5,110,1,110,0.94827586206896552,110,3,110,2,105,0.90517241379310343,104,6,105,3
NDX,sweep_fvg,1,1,78,78,0,28,0.35897435897435898,28,2,28,1,18,0.23076923076923078,18,1,18,1,13,0.16666666666666666,13,0,13,1
NDX,sweep_fvg,1,4,78,77,1,45,0.58441558441558439,45,2,45,1,33,0.42857142857142855,33,2,33,1,27,0.35064935064935066,27,0,27,2
NDX,sweep_fvg,1,13,78,77,1,55,0.7142857142857143,55,2,55,2,46,0.59740259740259738,46,2,46,2,40,0.51948051948051943,40,0,40,3
NDX,sweep_fvg,1,52,78,75,3,63,0.83999999999999997,63,2,63,2,54,0.71999999999999997,54,2,54,3,50,0.66666666666666663,50,0,50,4
NDX,sweep_fvg,-1,1,46,46,0,25,0.54347826086956519,24,1,25,1,14,0.30434782608695654,14,1,14,1,11,0.2391304347826087,11,1,11,1
NDX,sweep_fvg,-1,4,46,46,0,36,0.78260869565217395,35,1,36,1,33,0.71739130434782605,33,2,33,2,30,0.65217391304347827,30,1,30,2
NDX,sweep_fvg,-1,13,46,46,0,38,0.82608695652173914,37,1,38,1,37,0.80434782608695654,37,2,37,2,36,0.78260869565217395,35,2,36,2
NDX,sweep_fvg,-1,52,46,46,0,43,0.93478260869565222,43,1,43,1,43,0.93478260869565222,43,2,43,2,42,0.91304347826086951,41,2,42,2.5
SP500,fvg_raw,1,1,516,516,0,173,0.33527131782945735,172,2,146,1,130,0.25193798449612403,130,1,112,1,94,0.18217054263565891,94,0,77,1
SP500,fvg_raw,1,4,516,515,1,289,0.56116504854368932,287,4,241,1,246,0.47766990291262135,245,6,207,1,213,0.41359223300970877,212,3,177,2
SP500,fvg_raw,1,13,516,515,1,362,0.70291262135922328,360,5,300,2,335,0.65048543689320393,334,8,276,2,305,0.59223300970873782,304,4,247,3
SP500,fvg_raw,1,52,516,508,8,400,0.78740157480314965,400,5,330,2,379,0.74606299212598426,379,8,311,3,362,0.71259842519685035,362,6,295,3
SP500,fvg_raw,-1,1,264,264,0,122,0.4621212121212121,120,4,88,1,88,0.33333333333333331,88,1,61,1,74,0.28030303030303028,74,1,49,1
SP500,fvg_raw,-1,4,264,264,0,187,0.70833333333333337,184,6,129,1,164,0.62121212121212122,164,2,115,1,147,0.55681818181818177,147,2,102,1
SP500,fvg_raw,-1,13,264,263,1,224,0.85171102661596954,223,5,151,1,214,0.81368821292775662,214,2,145,2,202,0.76806083650190116,202,2,138,2
SP500,fvg_raw,-1,52,264,263,1,250,0.95057034220532322,249,5,165,2,242,0.92015209125475284,242,2,160,2,239,0.90874524714828897,239,3,158,3
SP500,fvg_disp,1,1,270,270,0,96,0.35555555555555557,95,1,96,1,72,0.26666666666666666,72,0,72,1,47,0.17407407407407408,47,0,47,1
SP500,fvg_disp,1,4,270,269,1,156,0.5799256505576208,154,3,156,1,133,0.49442379182156132,132,5,133,1,112,0.41635687732342008,111,3,112,2
SP500,fvg_disp,1,13,270,269,1,195,0.72490706319702602,193,4,195,2,175,0.65055762081784385,174,6,175,2,158,0.58736059479553904,157,4,158,3
SP500,fvg_disp,1,52,270,264,6,209,0.79166666666666663,209,4,209,2,196,0.74242424242424243,196,6,196,2,184,0.69696969696969702,184,5,184,3
SP500,fvg_disp,-1,1,137,137,0,71,0.51824817518248179,69,4,71,1,49,0.35766423357664234,49,1,49,1,40,0.29197080291970801,40,1,40,1
SP500,fvg_disp,-1,4,137,137,0,106,0.77372262773722633,104,5,106,1,95,0.69343065693430661,95,2,95,1,86,0.62773722627737227,86,2,86,2
SP500,fvg_disp,-1,13,137,136,1,118,0.86764705882352944,117,4,118,1,115,0.84558823529411764,115,1,115,2,109,0.80147058823529416,109,1,109,2
SP500,fvg_disp,-1,52,137,136,1,130,0.95588235294117652,129,4,130,1,126,0.92647058823529416,126,1,126,2,125,0.91911764705882348,125,1,125,3
SP500,sweep_fvg,1,1,92,92,0,31,0.33695652173913043,31,0,31,1,21,0.22826086956521738,21,0,21,1,14,0.15217391304347827,14,0,14,1
SP500,sweep_fvg,1,4,92,91,1,54,0.59340659340659341,54,0,54,1,46,0.50549450549450547,46,2,46,2,37,0.40659340659340659,37,0,37,2
SP500,sweep_fvg,1,13,92,91,1,70,0.76923076923076927,70,0,70,2,62,0.68131868131868134,62,2,62,3,57,0.62637362637362637,57,0,57,3
SP500,sweep_fvg,1,52,92,89,3,76,0.8539325842696629,76,0,76,3,69,0.7752808988764045,69,2,69,3,65,0.7303370786516854,65,0,65,4
SP500,sweep_fvg,-1,1,53,53,0,31,0.58490566037735847,29,3,31,1,21,0.39622641509433965,21,0,21,1,17,0.32075471698113206,17,0,17,1
SP500,sweep_fvg,-1,4,53,53,0,42,0.79245283018867929,40,3,42,1,39,0.73584905660377353,39,0,39,1,37,0.69811320754716977,37,0,37,2
SP500,sweep_fvg,-1,13,53,53,0,46,0.86792452830188682,45,3,46,1,46,0.86792452830188682,46,0,46,2,45,0.84905660377358494,45,0,45,3
SP500,sweep_fvg,-1,52,53,53,0,50,0.94339622641509435,49,3,50,1,49,0.92452830188679247,49,0,49,2,49,0.92452830188679247,49,0,49,3
SP500_MODERN,fvg_raw,1,1,422,422,0,146,0.34597156398104267,145,2,146,1,112,0.26540284360189575,112,1,112,1,77,0.18246445497630331,77,0,77,1
SP500_MODERN,fvg_raw,1,4,422,421,1,241,0.57244655581947745,239,4,241,1,207,0.49168646080760092,206,6,207,1,177,0.42042755344418054,176,3,177,2
SP500_MODERN,fvg_raw,1,13,422,421,1,300,0.71258907363420432,298,5,300,2,276,0.6555819477434679,275,8,276,2,247,0.58669833729216148,246,4,247,3
SP500_MODERN,fvg_raw,1,52,422,414,8,330,0.79710144927536231,330,5,330,2,311,0.75120772946859904,311,8,311,3,295,0.7125603864734299,295,6,295,3
SP500_MODERN,fvg_raw,-1,1,174,174,0,88,0.50574712643678166,86,4,88,1,61,0.35057471264367818,61,1,61,1,49,0.28160919540229884,49,1,49,1
SP500_MODERN,fvg_raw,-1,4,174,174,0,129,0.74137931034482762,127,6,129,1,115,0.66091954022988508,115,2,115,1,102,0.58620689655172409,102,2,102,2
SP500_MODERN,fvg_raw,-1,13,174,173,1,151,0.87283236994219648,150,5,151,1,145,0.83815028901734101,145,2,145,2,138,0.79768786127167635,138,2,138,3
SP500_MODERN,fvg_raw,-1,52,174,173,1,165,0.95375722543352603,164,5,165,1,160,0.92485549132947975,160,2,160,2,158,0.91329479768786126,158,3,158,3
SP500_MODERN,fvg_disp,1,1,270,270,0,96,0.35555555555555557,95,1,96,1,72,0.26666666666666666,72,0,72,1,47,0.17407407407407408,47,0,47,1
SP500_MODERN,fvg_disp,1,4,270,269,1,156,0.5799256505576208,154,3,156,1,133,0.49442379182156132,132,5,133,1,112,0.41635687732342008,111,3,112,2
SP500_MODERN,fvg_disp,1,13,270,269,1,195,0.72490706319702602,193,4,195,2,175,0.65055762081784385,174,6,175,2,158,0.58736059479553904,157,4,158,3
SP500_MODERN,fvg_disp,1,52,270,264,6,209,0.79166666666666663,209,4,209,2,196,0.74242424242424243,196,6,196,2,184,0.69696969696969702,184,5,184,3
SP500_MODERN,fvg_disp,-1,1,133,133,0,70,0.52631578947368418,69,3,70,1,48,0.36090225563909772,48,1,48,1,39,0.2932330827067669,39,1,39,1
SP500_MODERN,fvg_disp,-1,4,133,133,0,104,0.78195488721804507,103,4,104,1,93,0.6992481203007519,93,2,93,1,84,0.63157894736842102,84,2,84,2
SP500_MODERN,fvg_disp,-1,13,133,132,1,114,0.86363636363636365,114,3,114,1,111,0.84090909090909094,111,1,111,2,105,0.79545454545454541,105,1,105,2
SP500_MODERN,fvg_disp,-1,52,133,132,1,126,0.95454545454545459,126,3,126,1,122,0.9242424242424242,122,1,122,2,121,0.91666666666666663,121,1,121,3
SP500_MODERN,sweep_fvg,1,1,92,92,0,31,0.33695652173913043,31,0,31,1,21,0.22826086956521738,21,0,21,1,14,0.15217391304347827,14,0,14,1
SP500_MODERN,sweep_fvg,1,4,92,91,1,54,0.59340659340659341,54,0,54,1,46,0.50549450549450547,46,2,46,2,37,0.40659340659340659,37,0,37,2
SP500_MODERN,sweep_fvg,1,13,92,91,1,70,0.76923076923076927,70,0,70,2,62,0.68131868131868134,62,2,62,3,57,0.62637362637362637,57,0,57,3
SP500_MODERN,sweep_fvg,1,52,92,89,3,76,0.8539325842696629,76,0,76,3,69,0.7752808988764045,69,2,69,3,65,0.7303370786516854,65,0,65,4
SP500_MODERN,sweep_fvg,-1,1,49,49,0,30,0.61224489795918369,29,2,30,1,20,0.40816326530612246,20,0,20,1,16,0.32653061224489793,16,0,16,1
SP500_MODERN,sweep_fvg,-1,4,49,49,0,40,0.81632653061224492,39,2,40,1,37,0.75510204081632648,37,0,37,1,35,0.7142857142857143,35,0,35,2
SP500_MODERN,sweep_fvg,-1,13,49,49,0,42,0.8571428571428571,42,2,42,1,42,0.8571428571428571,42,0,42,2,41,0.83673469387755106,41,0,41,3
SP500_MODERN,sweep_fvg,-1,52,49,49,0,46,0.93877551020408168,46,2,46,1,45,0.91836734693877553,45,0,45,2,45,0.91836734693877553,45,0,45,3
STORA,fvg_raw,1,1,190,189,1,82,0.43386243386243384,81,2,82,1,59,0.31216931216931215,59,1,59,1,41,0.21693121693121692,41,0,41,1
STORA,fvg_raw,1,4,190,188,2,130,0.69148936170212771,130,3,130,1,115,0.61170212765957444,115,2,115,1,95,0.50531914893617025,95,0,95,2
STORA,fvg_raw,1,13,190,187,3,160,0.85561497326203206,160,4,160,1,151,0.80748663101604279,151,3,151,2,139,0.74331550802139035,139,2,139,3
STORA,fvg_raw,1,52,190,179,11,159,0.88826815642458101,159,6,159,2,154,0.86033519553072624,154,4,154,2,149,0.83240223463687146,149,4,149,3
STORA,fvg_raw,-1,1,149,149,0,66,0.44295302013422821,65,6,66,1,50,0.33557046979865773,50,0,50,1,40,0.26845637583892618,40,0,40,1
STORA,fvg_raw,-1,4,149,148,1,111,0.75,110,7,111,1,98,0.66216216216216217,98,3,98,1.5,83,0.56081081081081086,83,2,83,2
STORA,fvg_raw,-1,13,149,147,2,129,0.87755102040816324,129,8,129,2,121,0.8231292517006803,121,3,121,2,113,0.76870748299319724,113,3,113,2
STORA,fvg_raw,-1,52,149,140,9,132,0.94285714285714284,132,8,132,2,125,0.8928571428571429,125,3,125,2,120,0.8571428571428571,120,3,120,3
STORA,fvg_disp,1,1,129,129,0,51,0.39534883720930231,50,1,51,1,38,0.29457364341085274,38,1,38,1,22,0.17054263565891473,22,0,22,1
STORA,fvg_disp,1,4,129,128,1,90,0.703125,90,2,90,1,79,0.6171875,79,2,79,2,61,0.4765625,61,0,61,2
STORA,fvg_disp,1,13,129,127,2,113,0.88976377952755903,113,3,113,2,105,0.82677165354330706,105,3,105,2,94,0.74015748031496065,94,1,94,3
STORA,fvg_disp,1,52,129,122,7,112,0.91803278688524592,112,4,112,2,108,0.88524590163934425,108,4,108,2,103,0.84426229508196726,103,3,103,4
STORA,fvg_disp,-1,1,117,117,0,55,0.47008547008547008,54,6,55,1,41,0.3504273504273504,41,0,41,1,32,0.27350427350427353,32,0,32,1
STORA,fvg_disp,-1,4,117,117,0,91,0.77777777777777779,90,7,91,1,79,0.67521367521367526,79,2,79,1,66,0.5641025641025641,66,1,66,2
STORA,fvg_disp,-1,13,117,116,1,104,0.89655172413793105,104,7,104,1,97,0.83620689655172409,97,2,97,2,93,0.80172413793103448,93,2,93,3
STORA,fvg_disp,-1,52,117,110,7,103,0.9363636363636364,103,7,103,2,98,0.89090909090909087,98,2,98,2,95,0.86363636363636365,95,2,95,3
STORA,sweep_fvg,1,1,31,31,0,13,0.41935483870967744,13,0,13,1,10,0.32258064516129031,10,0,10,1,4,0.12903225806451613,4,0,4,1
STORA,sweep_fvg,1,4,31,31,0,24,0.77419354838709675,24,1,24,1,22,0.70967741935483875,22,0,22,2,15,0.4838709677419355,15,0,15,2
STORA,sweep_fvg,1,13,31,31,0,29,0.93548387096774188,29,1,29,2,26,0.83870967741935487,26,0,26,2,24,0.77419354838709675,24,0,24,3.5
STORA,sweep_fvg,1,52,31,28,3,27,0.9642857142857143,27,2,27,2,27,0.9642857142857143,27,1,27,2,27,0.9642857142857143,27,2,27,5
STORA,sweep_fvg,-1,1,39,39,0,17,0.4358974358974359,17,1,17,1,11,0.28205128205128205,11,0,11,1,8,0.20512820512820512,8,0,8,1
STORA,sweep_fvg,-1,4,39,39,0,27,0.69230769230769229,27,1,27,1,23,0.58974358974358976,23,0,23,2,22,0.5641025641025641,22,0,22,2
STORA,sweep_fvg,-1,13,39,39,0,34,0.87179487179487181,34,1,34,1.5,31,0.79487179487179482,31,0,31,2,31,0.79487179487179482,31,0,31,3
STORA,sweep_fvg,-1,52,39,38,1,34,0.89473684210526316,34,1,34,2,33,0.86842105263157898,33,0,33,3,32,0.84210526315789469,32,0,32,3
STORA_ADJ,fvg_raw,1,1,200,199,1,82,0.4120603015075377,81,3,82,1,60,0.30150753768844218,60,2,60,1,44,0.22110552763819097,44,1,44,1
STORA_ADJ,fvg_raw,1,4,200,198,2,138,0.69696969696969702,138,4,138,1,124,0.6262626262626263,124,3,124,2,103,0.52020202020202022,103,1,103,2
STORA_ADJ,fvg_raw,1,13,200,197,3,168,0.85279187817258884,168,5,168,2,156,0.79187817258883253,156,4,156,2,145,0.73604060913705582,145,3,145,3
STORA_ADJ,fvg_raw,1,52,200,189,11,167,0.8835978835978836,167,5,167,2,162,0.8571428571428571,162,4,162,2,157,0.8306878306878307,157,3,157,3
STORA_ADJ,fvg_raw,-1,1,144,144,0,62,0.43055555555555558,61,5,62,1,47,0.3263888888888889,47,0,47,1,37,0.25694444444444442,37,0,37,1
STORA_ADJ,fvg_raw,-1,4,144,143,1,107,0.74825174825174823,106,6,107,1,95,0.66433566433566438,95,3,95,2,80,0.55944055944055948,80,2,80,2
STORA_ADJ,fvg_raw,-1,13,144,142,2,124,0.87323943661971826,124,7,124,2,117,0.823943661971831,117,3,117,2,109,0.76760563380281688,109,3,109,2
STORA_ADJ,fvg_raw,-1,52,144,136,8,127,0.93382352941176472,127,7,127,2,122,0.8970588235294118,122,3,122,2,117,0.86029411764705888,117,3,117,3
STORA_ADJ,fvg_disp,1,1,134,134,0,51,0.38059701492537312,50,1,51,1,38,0.28358208955223879,38,1,38,1,24,0.17910447761194029,24,0,24,1
STORA_ADJ,fvg_disp,1,4,134,133,1,94,0.70676691729323304,94,2,94,1,83,0.62406015037593987,83,2,83,2,64,0.48120300751879697,64,0,64,2
STORA_ADJ,fvg_disp,1,13,134,132,2,117,0.88636363636363635,117,3,117,2,107,0.81060606060606055,107,3,107,2,97,0.73484848484848486,97,1,97,3
STORA_ADJ,fvg_disp,1,52,134,127,7,116,0.91338582677165359,116,3,116,2,112,0.88188976377952755,112,3,112,2,107,0.84251968503937003,107,1,107,4
STORA_ADJ,fvg_disp,-1,1,111,111,0,51,0.45945945945945948,50,5,51,1,38,0.34234234234234234,38,0,38,1,29,0.26126126126126126,29,0,29,1
STORA_ADJ,fvg_disp,-1,4,111,111,0,87,0.78378378378378377,86,6,87,1,76,0.68468468468468469,76,2,76,1.5,63,0.56756756756756754,63,1,63,2
STORA_ADJ,fvg_disp,-1,13,111,110,1,99,0.90000000000000002,99,6,99,1,93,0.84545454545454546,93,2,93,2,89,0.80909090909090908,89,2,89,3
STORA_ADJ,fvg_disp,-1,52,111,105,6,98,0.93333333333333335,98,6,98,2,94,0.89523809523809528,94,2,94,2,91,0.8666666666666667,91,2,91,3
STORA_ADJ,sweep_fvg,1,1,34,34,0,12,0.35294117647058826,12,0,12,1,10,0.29411764705882354,10,0,10,1,4,0.11764705882352941,4,0,4,1
STORA_ADJ,sweep_fvg,1,4,34,34,0,25,0.73529411764705888,25,1,25,2,23,0.67647058823529416,23,0,23,2,15,0.44117647058823528,15,0,15,2
STORA_ADJ,sweep_fvg,1,13,34,34,0,32,0.94117647058823528,32,1,32,2,29,0.8529411764705882,29,0,29,2,27,0.79411764705882348,27,0,27,4
STORA_ADJ,sweep_fvg,1,52,34,31,3,30,0.967741935483871,30,1,30,2,30,0.967741935483871,30,0,30,3,29,0.93548387096774188,29,0,29,5
STORA_ADJ,sweep_fvg,-1,1,38,38,0,19,0.5,19,1,19,1,13,0.34210526315789475,13,0,13,1,10,0.26315789473684209,10,0,10,1
STORA_ADJ,sweep_fvg,-1,4,38,38,0,27,0.71052631578947367,27,1,27,1,24,0.63157894736842102,24,0,24,1,23,0.60526315789473684,23,0,23,2
STORA_ADJ,sweep_fvg,-1,13,38,38,0,33,0.86842105263157898,33,1,33,1,31,0.81578947368421051,31,0,31,2,31,0.81578947368421051,31,0,31,3
STORA_ADJ,sweep_fvg,-1,52,38,36,2,32,0.88888888888888884,32,1,32,1,31,0.86111111111111116,31,0,31,2,30,0.83333333333333337,30,0,30,3
MPS,fvg_raw,1,1,149,149,0,68,0.4563758389261745,67,5,68,1,49,0.32885906040268459,48,3,49,1,34,0.22818791946308725,33,2,34,1
MPS,fvg_raw,1,4,149,149,0,102,0.68456375838926176,101,7,102,1,94,0.63087248322147649,93,4,94,1,77,0.51677852348993292,76,4,77,2
MPS,fvg_raw,1,13,149,143,6,122,0.85314685314685312,121,7,122,1,117,0.81818181818181823,116,4,117,2,105,0.73426573426573427,104,6,105,2
MPS,fvg_raw,1,52,149,132,17,123,0.93181818181818177,122,6,123,2,120,0.90909090909090906,119,3,120,2,114,0.86363636363636365,113,5,114,3
MPS,fvg_raw,-1,1,194,194,0,84,0.4329896907216495,82,13,84,1,52,0.26804123711340205,50,6,52,1,33,0.17010309278350516,31,5,33,1
MPS,fvg_raw,-1,4,194,191,3,118,0.61780104712041883,117,13,118,1,96,0.50261780104712039,95,7,96,1,79,0.41361256544502617,78,6,79,2
MPS,fvg_raw,-1,13,194,190,4,141,0.74210526315789471,141,15,141,1,123,0.64736842105263159,123,8,123,2,113,0.59473684210526312,113,8,113,3
MPS,fvg_raw,-1,52,194,167,27,138,0.82634730538922152,138,14,138,1,126,0.75449101796407181,126,7,126,3,118,0.70658682634730541,118,7,118,4
MPS,fvg_disp,1,1,94,94,0,45,0.47872340425531917,44,4,45,1,29,0.30851063829787234,28,2,29,1,20,0.21276595744680851,19,2,20,1
MPS,fvg_disp,1,4,94,94,0,66,0.7021276595744681,65,5,66,1,59,0.62765957446808507,58,2,59,2,47,0.5,46,4,47,2
MPS,fvg_disp,1,13,94,93,1,78,0.83870967741935487,77,5,78,1,74,0.79569892473118276,73,2,74,2,66,0.70967741935483875,65,5,66,2.5
MPS,fvg_disp,1,52,94,84,10,76,0.90476190476190477,75,4,76,1,74,0.88095238095238093,73,2,74,2,70,0.83333333333333337,69,4,70,3
MPS,fvg_disp,-1,1,122,122,0,47,0.38524590163934425,46,5,47,1,28,0.22950819672131148,27,2,28,1,18,0.14754098360655737,17,2,18,1
MPS,fvg_disp,-1,4,122,119,3,68,0.5714285714285714,68,5,68,1,53,0.44537815126050423,53,3,53,1,46,0.38655462184873951,46,3,46,2
MPS,fvg_disp,-1,13,122,119,3,88,0.73949579831932777,88,6,88,1,76,0.6386554621848739,76,3,76,2,70,0.58823529411764708,70,3,70,3
MPS,fvg_disp,-1,52,122,104,18,86,0.82692307692307687,86,6,86,2,78,0.75,78,3,78,3,73,0.70192307692307687,73,3,73,4
MPS,sweep_fvg,1,1,34,34,0,18,0.52941176470588236,18,2,18,1,11,0.3235294117647059,11,1,11,1,8,0.23529411764705882,8,1,8,1
MPS,sweep_fvg,1,4,34,34,0,21,0.61764705882352944,21,2,21,1,20,0.58823529411764708,20,1,20,1,16,0.47058823529411764,16,3,16,1.5
MPS,sweep_fvg,1,13,34,34,0,28,0.82352941176470584,28,2,28,1,28,0.82352941176470584,28,1,28,2,24,0.70588235294117652,24,3,24,2.5
MPS,sweep_fvg,1,52,34,32,2,27,0.84375,27,2,27,1,27,0.84375,27,1,27,2,25,0.78125,25,3,25,4
MPS,sweep_fvg,-1,1,41,41,0,10,0.24390243902439024,10,1,10,1,7,0.17073170731707318,7,1,7,1,4,0.097560975609756101,4,1,4,1
MPS,sweep_fvg,-1,4,41,38,3,19,0.5,19,1,19,2,16,0.42105263157894735,16,1,16,2.5,13,0.34210526315789475,13,2,13,3
MPS,sweep_fvg,-1,13,41,38,3,26,0.68421052631578949,26,1,26,3,23,0.60526315789473684,23,1,23,3,20,0.52631578947368418,20,2,20,4
MPS,sweep_fvg,-1,52,41,33,8,27,0.81818181818181823,27,1,27,3,26,0.78787878787878785,26,1,26,4,23,0.69696969696969702,23,2,23,4
MPS_ADJ,fvg_raw,1,1,144,143,1,62,0.43356643356643354,62,4,62,1,45,0.31468531468531469,45,2,45,1,30,0.20979020979020979,30,1,30,1
MPS_ADJ,fvg_raw,1,4,144,143,1,93,0.65034965034965031,93,5,93,1,86,0.60139860139860135,86,3,86,1,72,0.50349650349650354,72,3,72,2
MPS_ADJ,fvg_raw,1,13,144,136,8,113,0.83088235294117652,113,5,113,1,105,0.7720588235294118,105,2,105,2,97,0.71323529411764708,97,4,97,2
MPS_ADJ,fvg_raw,1,52,144,123,21,111,0.90243902439024393,111,4,111,2,107,0.86991869918699183,107,2,107,2,103,0.83739837398373984,103,3,103,3
MPS_ADJ,fvg_raw,-1,1,187,187,0,79,0.42245989304812837,77,11,79,1,51,0.27272727272727271,49,5,51,1,33,0.17647058823529413,31,5,33,1
MPS_ADJ,fvg_raw,-1,4,187,184,3,113,0.61413043478260865,112,11,113,1,93,0.50543478260869568,92,6,93,1,77,0.41847826086956524,76,6,77,2
MPS_ADJ,fvg_raw,-1,13,187,183,4,135,0.73770491803278693,135,13,135,1,119,0.65027322404371579,119,7,119,2,109,0.59562841530054644,109,8,109,3
MPS_ADJ,fvg_raw,-1,52,187,155,32,128,0.82580645161290323,128,12,128,1,117,0.75483870967741939,117,6,117,3,109,0.70322580645161292,109,7,109,4
MPS_ADJ,fvg_disp,1,1,86,86,0,38,0.44186046511627908,38,3,38,1,24,0.27906976744186046,24,1,24,1,14,0.16279069767441862,14,1,14,1
MPS_ADJ,fvg_disp,1,4,86,86,0,57,0.66279069767441856,57,4,57,1,51,0.59302325581395354,51,1,51,2,40,0.46511627906976744,40,3,40,2
MPS_ADJ,fvg_disp,1,13,86,84,2,69,0.8214285714285714,69,4,69,1,62,0.73809523809523814,62,0,62,2,56,0.66666666666666663,56,3,56,3
MPS_ADJ,fvg_disp,1,52,86,75,11,66,0.88,66,3,66,1.5,63,0.83999999999999997,63,1,63,2,59,0.78666666666666663,59,2,59,3
MPS_ADJ,fvg_disp,-1,1,121,121,0,47,0.38842975206611569,46,5,47,1,28,0.23140495867768596,27,2,28,1,19,0.15702479338842976,18,2,19,1
MPS_ADJ,fvg_disp,-1,4,121,118,3,67,0.56779661016949157,67,5,67,1,52,0.44067796610169491,52,3,52,1,46,0.38983050847457629,46,3,46,2
MPS_ADJ,fvg_disp,-1,13,121,118,3,86,0.72881355932203384,86,6,86,1,75,0.63559322033898302,75,3,75,2,70,0.59322033898305082,70,3,70,3
MPS_ADJ,fvg_disp,-1,52,121,99,22,81,0.81818181818181823,81,6,81,2,73,0.73737373737373735,73,3,73,3,69,0.69696969696969702,69,3,69,4
MPS_ADJ,sweep_fvg,1,1,33,33,0,16,0.48484848484848486,16,2,16,1,10,0.30303030303030304,10,1,10,1,7,0.21212121212121213,7,1,7,1
MPS_ADJ,sweep_fvg,1,4,33,33,0,20,0.60606060606060608,20,2,20,1,20,0.60606060606060608,20,1,20,1.5,16,0.48484848484848486,16,3,16,2
MPS_ADJ,sweep_fvg,1,13,33,32,1,26,0.8125,26,2,26,1,25,0.78125,25,0,25,2,22,0.6875,22,2,22,2
MPS_ADJ,sweep_fvg,1,52,33,30,3,24,0.80000000000000004,24,2,24,1,24,0.80000000000000004,24,1,24,2,22,0.73333333333333328,22,2,22,3.5
MPS_ADJ,sweep_fvg,-1,1,43,43,0,12,0.27906976744186046,12,1,12,1,8,0.18604651162790697,8,1,8,1,5,0.11627906976744186,5,1,5,1
MPS_ADJ,sweep_fvg,-1,4,43,40,3,21,0.52500000000000002,21,1,21,1,18,0.45000000000000001,18,1,18,2,15,0.375,15,2,15,2
MPS_ADJ,sweep_fvg,-1,13,43,40,3,28,0.69999999999999996,28,1,28,2,25,0.625,25,1,25,3,22,0.55000000000000004,22,2,22,4
MPS_ADJ,sweep_fvg,-1,52,43,34,9,28,0.82352941176470584,28,1,28,3,27,0.79411764705882348,27,1,27,4,24,0.70588235294117652,24,2,24,4
ORELL,fvg_raw,1,1,147,145,2,73,0.50344827586206897,72,5,73,1,40,0.27586206896551724,39,4,40,1,32,0.22068965517241379,31,3,32,1
ORELL,fvg_raw,1,4,147,145,2,96,0.66206896551724137,94,6,96,1,69,0.47586206896551725,67,5,69,1,59,0.40689655172413791,58,3,59,1
ORELL,fvg_raw,1,13,147,137,10,107,0.78102189781021902,107,6,107,1,90,0.65693430656934304,90,7,90,2,79,0.57664233576642332,79,5,79,2
ORELL,fvg_raw,1,52,147,112,35,89,0.7946428571428571,89,4,89,1,78,0.6964285714285714,78,7,78,2,75,0.6696428571428571,75,5,75,2
ORELL,fvg_raw,-1,1,124,124,0,67,0.54032258064516125,65,4,67,1,39,0.31451612903225806,39,1,39,1,28,0.22580645161290322,28,1,28,1
ORELL,fvg_raw,-1,4,124,119,5,85,0.7142857142857143,85,5,85,1,70,0.58823529411764708,69,3,70,1,58,0.48739495798319327,57,2,58,2
ORELL,fvg_raw,-1,13,124,112,12,89,0.7946428571428571,89,5,89,1,82,0.7321428571428571,82,4,82,2,77,0.6875,77,4,77,2
ORELL,fvg_raw,-1,52,124,97,27,83,0.85567010309278346,83,4,83,1,79,0.81443298969072164,79,3,79,2,78,0.80412371134020622,78,3,78,3
ORELL,fvg_disp,1,1,88,87,1,40,0.45977011494252873,40,2,40,1,20,0.22988505747126436,20,2,20,1,15,0.17241379310344829,15,1,15,1
ORELL,fvg_disp,1,4,88,87,1,54,0.62068965517241381,54,2,54,1,37,0.42528735632183906,37,2,37,1,30,0.34482758620689657,30,1,30,1.5
ORELL,fvg_disp,1,13,88,87,1,64,0.73563218390804597,64,2,64,1,53,0.60919540229885061,53,2,53,2,43,0.4942528735632184,43,2,43,2
ORELL,fvg_disp,1,52,88,71,17,53,0.74647887323943662,53,2,53,1,46,0.647887323943662,46,3,46,3,43,0.60563380281690138,43,3,43,3
ORELL,fvg_disp,-1,1,48,48,0,24,0.5,23,1,24,1,11,0.22916666666666666,11,0,11,1,7,0.14583333333333334,7,0,7,1
ORELL,fvg_disp,-1,4,48,48,0,35,0.72916666666666663,35,2,35,1,25,0.52083333333333337,25,1,25,2,20,0.41666666666666669,20,0,20,2
ORELL,fvg_disp,-1,13,48,44,4,33,0.75,33,2,33,1,26,0.59090909090909094,26,1,26,2,24,0.54545454545454541,24,1,24,2
ORELL,fvg_disp,-1,52,48,40,8,32,0.80000000000000004,32,2,32,1,28,0.69999999999999996,28,1,28,2,27,0.67500000000000004,27,1,27,3
ORELL,sweep_fvg,1,1,25,25,0,10,0.40000000000000002,10,1,10,1,6,0.23999999999999999,6,1,6,1,4,0.16,4,0,4,1
ORELL,sweep_fvg,1,4,25,25,0,17,0.68000000000000005,17,1,17,1,12,0.47999999999999998,12,1,12,1.5,9,0.35999999999999999,9,0,9,2
ORELL,sweep_fvg,1,13,25,25,0,23,0.92000000000000004,23,1,23,2,18,0.71999999999999997,18,1,18,3,16,0.64000000000000001,16,1,16,4
ORELL,sweep_fvg,1,52,25,22,3,21,0.95454545454545459,21,1,21,2,19,0.86363636363636365,19,1,19,4,18,0.81818181818181823,18,1,18,5.5
ORELL,sweep_fvg,-1,1,7,7,0,6,0.8571428571428571,6,0,6,1,3,0.42857142857142855,3,0,3,1,1,0.14285714285714285,1,0,1,1
ORELL,sweep_fvg,-1,4,7,7,0,6,0.8571428571428571,6,0,6,1,3,0.42857142857142855,3,0,3,1,2,0.2857142857142857,2,0,2,1.5
ORELL,sweep_fvg,-1,13,7,7,0,7,1,7,0,7,1,5,0.7142857142857143,5,0,5,1,5,0.7142857142857143,5,0,5,6
ORELL,sweep_fvg,-1,52,7,7,0,7,1,7,0,7,1,6,0.8571428571428571,6,0,6,3.5,6,0.8571428571428571,6,0,6,9
ORELL_ADJ,fvg_raw,1,1,165,163,2,72,0.44171779141104295,71,10,72,1,44,0.26993865030674846,43,6,44,1,39,0.2392638036809816,38,6,39,1
ORELL_ADJ,fvg_raw,1,4,165,163,2,103,0.63190184049079756,101,12,103,1,77,0.47239263803680981,75,7,77,1,67,0.41104294478527609,66,6,67,1
ORELL_ADJ,fvg_raw,1,13,165,155,10,117,0.75483870967741939,117,12,117,1,98,0.63225806451612898,98,10,98,2,90,0.58064516129032262,90,8,90,2
ORELL_ADJ,fvg_raw,1,52,165,126,39,98,0.77777777777777779,98,10,98,1,85,0.67460317460317465,85,10,85,2,81,0.6428571428571429,81,7,81,2
ORELL_ADJ,fvg_raw,-1,1,120,120,0,61,0.5083333333333333,58,10,61,1,40,0.33333333333333331,39,3,40,1,30,0.25,29,2,30,1
ORELL_ADJ,fvg_raw,-1,4,120,114,6,79,0.69298245614035092,79,10,79,1,68,0.59649122807017541,67,4,68,1,56,0.49122807017543857,55,2,56,2
ORELL_ADJ,fvg_raw,-1,13,120,108,12,86,0.79629629629629628,86,11,86,1,80,0.7407407407407407,80,5,80,2,75,0.69444444444444442,75,4,75,2
ORELL_ADJ,fvg_raw,-1,52,120,93,27,79,0.84946236559139787,79,11,79,1,76,0.81720430107526887,75,5,76,2,75,0.80645161290322576,75,3,75,3
ORELL_ADJ,fvg_disp,1,1,87,86,1,34,0.39534883720930231,34,4,34,1,18,0.20930232558139536,18,2,18,1,16,0.18604651162790697,16,2,16,1
ORELL_ADJ,fvg_disp,1,4,87,86,1,48,0.55813953488372092,48,4,48,1,34,0.39534883720930231,34,2,34,1,28,0.32558139534883723,28,2,28,1
ORELL_ADJ,fvg_disp,1,13,87,86,1,59,0.68604651162790697,59,5,59,1,48,0.55813953488372092,48,3,48,2,41,0.47674418604651164,41,3,41,2
ORELL_ADJ,fvg_disp,1,52,87,71,16,51,0.71830985915492962,51,5,51,1,44,0.61971830985915488,44,4,44,3,41,0.57746478873239437,41,3,41,3
ORELL_ADJ,fvg_disp,-1,1,42,42,0,21,0.5,20,4,21,1,13,0.30952380952380953,13,0,13,1,10,0.23809523809523808,10,0,10,1
ORELL_ADJ,fvg_disp,-1,4,42,42,0,30,0.7142857142857143,30,4,30,1,25,0.59523809523809523,25,0,25,1,22,0.52380952380952384,22,0,22,2
ORELL_ADJ,fvg_disp,-1,13,42,38,4,30,0.78947368421052633,30,5,30,1,27,0.71052631578947367,27,0,27,2,25,0.65789473684210531,25,1,25,2
ORELL_ADJ,fvg_disp,-1,52,42,34,8,28,0.82352941176470584,28,5,28,1,27,0.79411764705882348,27,0,27,2,27,0.79411764705882348,27,1,27,2
ORELL_ADJ,sweep_fvg,1,1,26,26,0,11,0.42307692307692307,11,1,11,1,5,0.19230769230769232,5,1,5,1,4,0.15384615384615385,4,1,4,1
ORELL_ADJ,sweep_fvg,1,4,26,26,0,16,0.61538461538461542,16,1,16,1,10,0.38461538461538464,10,1,10,1.5,7,0.26923076923076922,7,1,7,1
ORELL_ADJ,sweep_fvg,1,13,26,26,0,23,0.88461538461538458,23,2,23,2,16,0.61538461538461542,16,2,16,3,15,0.57692307692307687,15,2,15,5
ORELL_ADJ,sweep_fvg,1,52,26,23,3,21,0.91304347826086951,21,2,21,2,17,0.73913043478260865,17,2,17,4,16,0.69565217391304346,16,2,16,5.5
ORELL_ADJ,sweep_fvg,-1,1,7,7,0,4,0.5714285714285714,4,0,4,1,4,0.5714285714285714,4,0,4,1,3,0.42857142857142855,3,0,3,1
ORELL_ADJ,sweep_fvg,-1,4,7,7,0,4,0.5714285714285714,4,0,4,1,4,0.5714285714285714,4,0,4,1,4,0.5714285714285714,4,0,4,1
ORELL_ADJ,sweep_fvg,-1,13,7,7,0,6,0.8571428571428571,6,0,6,1,6,0.8571428571428571,6,0,6,1,6,0.8571428571428571,6,0,6,1.5
ORELL_ADJ,sweep_fvg,-1,52,7,7,0,7,1,7,0,7,1,7,1,7,0,7,1,7,1,7,0,7,2
MATSUI,fvg_raw,1,1,151,151,0,64,0.42384105960264901,64,9,64,1,43,0.28476821192052981,43,4,43,1,36,0.23841059602649006,36,4,36,1
MATSUI,fvg_raw,1,4,151,150,1,95,0.6333333333333333,95,10,95,1,84,0.56000000000000005,82,7,84,1.5,71,0.47333333333333333,71,6,71,2
MATSUI,fvg_raw,1,13,151,149,2,115,0.77181208053691275,115,12,115,1,106,0.71140939597315433,105,10,106,2,94,0.63087248322147649,94,8,94,2
MATSUI,fvg_raw,1,52,151,142,9,122,0.85915492957746475,122,12,122,2,118,0.83098591549295775,117,11,118,3,111,0.78169014084507038,111,8,111,3
MATSUI,fvg_raw,-1,1,132,132,0,68,0.51515151515151514,67,13,68,1,49,0.37121212121212122,49,3,49,1,42,0.31818181818181818,42,3,42,1
MATSUI,fvg_raw,-1,4,132,132,0,103,0.78030303030303028,103,14,103,1,84,0.63636363636363635,84,4,84,1,78,0.59090909090909094,78,6,78,1
MATSUI,fvg_raw,-1,13,132,130,2,114,0.87692307692307692,114,16,114,1,105,0.80769230769230771,105,6,105,2,99,0.7615384615384615,99,8,99,2
MATSUI,fvg_raw,-1,52,132,122,10,116,0.95081967213114749,116,17,116,1,111,0.9098360655737705,111,7,111,2,108,0.88524590163934425,108,9,108,3
MATSUI,fvg_disp,1,1,77,77,0,32,0.41558441558441561,32,6,32,1,25,0.32467532467532467,25,3,25,1,21,0.27272727272727271,21,3,21,1
MATSUI,fvg_disp,1,4,77,77,0,52,0.67532467532467533,52,7,52,1,48,0.62337662337662336,47,4,48,1,40,0.51948051948051943,40,5,40,1
MATSUI,fvg_disp,1,13,77,77,0,63,0.81818181818181823,63,8,63,1,60,0.77922077922077926,59,6,60,2,53,0.68831168831168832,53,6,53,2
MATSUI,fvg_disp,1,52,77,74,3,64,0.86486486486486491,64,8,64,2,62,0.83783783783783783,61,6,62,2,58,0.78378378378378377,58,6,58,3
MATSUI,fvg_disp,-1,1,84,84,0,43,0.51190476190476186,42,8,43,1,32,0.38095238095238093,32,3,32,1,28,0.33333333333333331,28,3,28,1
MATSUI,fvg_disp,-1,4,84,84,0,65,0.77380952380952384,65,9,65,1,55,0.65476190476190477,55,3,55,1,52,0.61904761904761907,52,5,52,1
MATSUI,fvg_disp,-1,13,84,82,2,70,0.85365853658536583,70,11,70,1,66,0.80487804878048785,66,4,66,2,63,0.76829268292682928,63,7,63,2
MATSUI,fvg_disp,-1,52,84,75,9,70,0.93333333333333335,70,12,70,1,69,0.92000000000000004,69,5,69,2,66,0.88,66,8,66,2
MATSUI,sweep_fvg,1,1,25,25,0,8,0.32000000000000001,8,2,8,1,5,0.20000000000000001,5,0,5,1,4,0.16,4,0,4,1
MATSUI,sweep_fvg,1,4,25,25,0,15,0.59999999999999998,15,2,15,1,14,0.56000000000000005,14,0,14,2,12,0.47999999999999998,12,0,12,2
MATSUI,sweep_fvg,1,13,25,25,0,17,0.68000000000000005,17,2,17,2,17,0.68000000000000005,17,1,17,2,17,0.68000000000000005,17,0,17,2
MATSUI,sweep_fvg,1,52,25,25,0,18,0.71999999999999997,18,2,18,2,18,0.71999999999999997,18,1,18,2,18,0.71999999999999997,18,0,18,2.5
MATSUI,sweep_fvg,-1,1,26,26,0,11,0.42307692307692307,11,2,11,1,8,0.30769230769230771,8,2,8,1,7,0.26923076923076922,7,2,7,1
MATSUI,sweep_fvg,-1,4,26,26,0,19,0.73076923076923073,19,2,19,1,15,0.57692307692307687,15,2,15,1,14,0.53846153846153844,14,2,14,1.5
MATSUI,sweep_fvg,-1,13,26,24,2,20,0.83333333333333337,20,3,20,1.5,17,0.70833333333333337,17,3,17,2,16,0.66666666666666663,16,4,16,2.5
MATSUI,sweep_fvg,-1,52,26,20,6,18,0.90000000000000002,18,3,18,1,18,0.90000000000000002,18,4,18,2,16,0.80000000000000004,16,4,16,2.5
MATSUI_ADJ,fvg_raw,1,1,165,165,0,67,0.40606060606060607,67,10,67,1,47,0.28484848484848485,47,4,47,1,35,0.21212121212121213,35,4,35,1
MATSUI_ADJ,fvg_raw,1,4,165,163,2,100,0.61349693251533743,100,12,100,1,88,0.53987730061349692,86,9,88,1,72,0.44171779141104295,72,7,72,2
MATSUI_ADJ,fvg_raw,1,13,165,162,3,119,0.73456790123456794,119,16,119,1,110,0.67901234567901236,109,12,110,2,99,0.61111111111111116,99,10,99,2
MATSUI_ADJ,fvg_raw,1,52,165,154,11,130,0.8441558441558441,130,16,130,2,123,0.79870129870129869,122,13,123,3,115,0.74675324675324672,115,11,115,4
MATSUI_ADJ,fvg_raw,-1,1,132,132,0,64,0.48484848484848486,63,18,64,1,48,0.36363636363636365,48,6,48,1,40,0.30303030303030304,40,5,40,1
MATSUI_ADJ,fvg_raw,-1,4,132,132,0,101,0.76515151515151514,101,20,101,1,85,0.64393939393939392,84,8,85,1,79,0.59848484848484851,79,10,79,1
MATSUI_ADJ,fvg_raw,-1,13,132,130,2,114,0.87692307692307692,114,22,114,1,106,0.81538461538461537,105,10,106,2,102,0.7846153846153846,102,14,102,2
MATSUI_ADJ,fvg_raw,-1,52,132,122,10,118,0.96721311475409832,118,23,118,1,113,0.92622950819672134,113,10,113,2,110,0.90163934426229508,110,15,110,3
MATSUI_ADJ,fvg_disp,1,1,82,82,0,31,0.37804878048780488,31,7,31,1,25,0.3048780487804878,25,3,25,1,18,0.21951219512195122,18,3,18,1
MATSUI_ADJ,fvg_disp,1,4,82,82,0,51,0.62195121951219512,51,9,51,1,47,0.57317073170731703,46,6,47,1,38,0.46341463414634149,38,6,38,2
MATSUI_ADJ,fvg_disp,1,13,82,81,1,64,0.79012345679012341,64,12,64,2,60,0.7407407407407407,59,8,60,2,53,0.65432098765432101,53,8,53,2
MATSUI_ADJ,fvg_disp,1,52,82,78,4,66,0.84615384615384615,66,12,66,2,62,0.79487179487179482,61,8,62,2,58,0.74358974358974361,58,9,58,4
MATSUI_ADJ,fvg_disp,-1,1,81,81,0,38,0.46913580246913578,37,10,38,1,29,0.35802469135802467,29,3,29,1,25,0.30864197530864196,25,3,25,1
MATSUI_ADJ,fvg_disp,-1,4,81,81,0,61,0.75308641975308643,61,12,61,1,53,0.65432098765432101,52,4,53,1,49,0.60493827160493829,49,6,49,1
MATSUI_ADJ,fvg_disp,-1,13,81,79,2,68,0.86075949367088611,68,14,68,1,64,0.810126582278481,63,5,64,2,61,0.77215189873417722,61,9,61,2
MATSUI_ADJ,fvg_disp,-1,52,81,72,9,69,0.95833333333333337,69,15,69,1,68,0.94444444444444442,68,5,68,2,65,0.90277777777777779,65,10,65,3
MATSUI_ADJ,sweep_fvg,1,1,25,25,0,7,0.28000000000000003,7,3,7,1,4,0.16,4,0,4,1,3,0.12,3,0,3,1
MATSUI_ADJ,sweep_fvg,1,4,25,25,0,12,0.47999999999999998,12,3,12,1,12,0.47999999999999998,12,1,12,2,10,0.40000000000000002,10,0,10,2
MATSUI_ADJ,sweep_fvg,1,13,25,24,1,15,0.625,15,4,15,2,15,0.625,15,2,15,2,15,0.625,15,1,15,2
MATSUI_ADJ,sweep_fvg,1,52,25,24,1,17,0.70833333333333337,17,4,17,2,17,0.70833333333333337,17,2,17,3,17,0.70833333333333337,17,1,17,3
MATSUI_ADJ,sweep_fvg,-1,1,26,26,0,10,0.38461538461538464,10,2,10,1,8,0.30769230769230771,8,2,8,1,7,0.26923076923076922,7,2,7,1
MATSUI_ADJ,sweep_fvg,-1,4,26,26,0,19,0.73076923076923073,19,2,19,1,17,0.65384615384615385,17,2,17,2,16,0.61538461538461542,16,2,16,2
MATSUI_ADJ,sweep_fvg,-1,13,26,24,2,22,0.91666666666666663,22,3,22,2,20,0.83333333333333337,20,3,20,2.5,19,0.79166666666666663,19,4,19,3
MATSUI_ADJ,sweep_fvg,-1,52,26,22,4,22,1,22,3,22,2,21,0.95454545454545459,21,3,21,3,19,0.86363636363636365,19,4,19,3
SUMITOMO,fvg_raw,1,1,229,229,0,102,0.44541484716157204,96,17,102,1,73,0.31877729257641924,71,6,73,1,59,0.2576419213973799,59,5,59,1
SUMITOMO,fvg_raw,1,4,229,225,4,142,0.63111111111111107,138,20,142,1,116,0.51555555555555554,114,13,116,1,100,0.44444444444444442,99,8,100,1
SUMITOMO,fvg_raw,1,13,229,224,5,166,0.7410714285714286,165,20,166,1,152,0.6785714285714286,152,15,152,2,138,0.6160714285714286,138,9,138,2
SUMITOMO,fvg_raw,1,52,229,211,18,184,0.87203791469194314,184,20,184,1,175,0.82938388625592419,175,18,175,3,170,0.80568720379146919,170,12,170,3
SUMITOMO,fvg_raw,-1,1,185,185,0,92,0.49729729729729732,88,21,92,1,63,0.34054054054054056,60,7,63,1,42,0.22702702702702704,39,6,42,1
SUMITOMO,fvg_raw,-1,4,185,185,0,120,0.64864864864864868,117,23,120,1,110,0.59459459459459463,108,10,110,1,93,0.50270270270270268,90,9,93,2
SUMITOMO,fvg_raw,-1,13,185,183,2,150,0.81967213114754101,148,24,150,1,144,0.78688524590163933,143,10,144,2,132,0.72131147540983609,130,12,132,2.5
SUMITOMO,fvg_raw,-1,52,185,175,10,160,0.91428571428571426,159,25,160,1,158,0.9028571428571428,158,11,158,2,154,0.88,153,16,154,3.5
SUMITOMO,fvg_disp,1,1,128,128,0,60,0.46875,55,15,60,1,40,0.3125,38,6,40,1,32,0.25,32,5,32,1
SUMITOMO,fvg_disp,1,4,128,127,1,80,0.62992125984251968,76,17,80,1,66,0.51968503937007871,64,11,66,1,57,0.44881889763779526,56,6,57,1
SUMITOMO,fvg_disp,1,13,128,126,2,92,0.73015873015873012,91,17,92,1,84,0.66666666666666663,84,13,84,2,74,0.58730158730158732,74,7,74,2
SUMITOMO,fvg_disp,1,52,128,117,11,104,0.88888888888888884,104,16,104,1,99,0.84615384615384615,99,15,99,3,95,0.81196581196581197,95,9,95,3
SUMITOMO,fvg_disp,-1,1,101,101,0,48,0.47524752475247523,46,9,48,1,32,0.31683168316831684,31,2,32,1,23,0.22772277227722773,22,1,23,1
SUMITOMO,fvg_disp,-1,4,101,101,0,64,0.63366336633663367,62,10,64,1,59,0.58415841584158412,58,3,59,1,52,0.51485148514851486,50,4,52,2
SUMITOMO,fvg_disp,-1,13,101,100,1,83,0.82999999999999996,81,10,83,1,79,0.79000000000000004,78,4,79,2,73,0.72999999999999998,71,8,73,3
SUMITOMO,fvg_disp,-1,52,101,98,3,91,0.9285714285714286,90,12,91,1,89,0.90816326530612246,89,6,89,3,88,0.89795918367346939,87,12,88,3.5
SUMITOMO,sweep_fvg,1,1,23,23,0,9,0.39130434782608697,8,3,9,1,6,0.2608695652173913,5,2,6,1,6,0.2608695652173913,6,1,6,1
SUMITOMO,sweep_fvg,1,4,23,23,0,12,0.52173913043478259,11,3,12,1,7,0.30434782608695654,6,2,7,1,7,0.30434782608695654,7,1,7,1
SUMITOMO,sweep_fvg,1,13,23,23,0,12,0.52173913043478259,12,3,12,1,10,0.43478260869565216,10,3,10,1,8,0.34782608695652173,8,1,8,1
SUMITOMO,sweep_fvg,1,52,23,23,0,16,0.69565217391304346,16,3,16,1,15,0.65217391304347827,15,3,15,5,15,0.65217391304347827,15,1,15,5
SUMITOMO,sweep_fvg,-1,1,46,46,0,19,0.41304347826086957,18,5,19,1,14,0.30434782608695654,14,0,14,1,10,0.21739130434782608,10,0,10,1
SUMITOMO,sweep_fvg,-1,4,46,46,0,27,0.58695652173913049,26,5,27,1,24,0.52173913043478259,24,0,24,1,20,0.43478260869565216,20,1,20,1.5
SUMITOMO,sweep_fvg,-1,13,46,45,1,37,0.82222222222222219,36,5,37,2,34,0.75555555555555554,34,0,34,2,30,0.66666666666666663,29,4,30,3
SUMITOMO,sweep_fvg,-1,52,46,44,2,40,0.90909090909090906,39,5,40,2,38,0.86363636363636365,38,0,38,3,37,0.84090909090909094,36,4,37,4
SUMITOMO_ADJ,fvg_raw,1,1,238,238,0,106,0.44537815126050423,99,19,106,1,78,0.32773109243697479,76,7,78,1,62,0.26050420168067229,60,6,62,1
SUMITOMO_ADJ,fvg_raw,1,4,238,234,4,147,0.62820512820512819,142,22,147,1,120,0.51282051282051277,118,13,120,1,103,0.44017094017094016,101,8,103,1
SUMITOMO_ADJ,fvg_raw,1,13,238,233,5,172,0.7381974248927039,170,23,172,1,158,0.67811158798283266,157,15,158,2,143,0.61373390557939911,142,10,143,2
SUMITOMO_ADJ,fvg_raw,1,52,238,218,20,186,0.85321100917431192,186,22,186,1,180,0.82568807339449546,180,16,180,2,171,0.7844036697247706,171,11,171,3
SUMITOMO_ADJ,fvg_raw,-1,1,183,183,0,93,0.50819672131147542,88,24,93,1,64,0.34972677595628415,61,7,64,1,43,0.23497267759562843,40,6,43,1
SUMITOMO_ADJ,fvg_raw,-1,4,183,183,0,121,0.66120218579234968,117,27,121,1,113,0.61748633879781423,111,11,113,1,96,0.52459016393442626,93,10,96,2
SUMITOMO_ADJ,fvg_raw,-1,13,183,181,2,149,0.82320441988950277,146,27,149,1,145,0.80110497237569056,143,12,145,2,133,0.73480662983425415,132,12,133,2
SUMITOMO_ADJ,fvg_raw,-1,52,183,174,9,160,0.91954022988505746,157,28,160,1,158,0.90804597701149425,157,12,158,2,156,0.89655172413793105,156,13,156,3
SUMITOMO_ADJ,fvg_disp,1,1,130,130,0,60,0.46153846153846156,55,16,60,1,42,0.32307692307692309,41,6,42,1,33,0.25384615384615383,32,5,33,1
SUMITOMO_ADJ,fvg_disp,1,4,130,129,1,82,0.63565891472868219,78,18,82,1,66,0.51162790697674421,65,10,66,1,58,0.44961240310077522,57,5,58,1
SUMITOMO_ADJ,fvg_disp,1,13,130,128,2,95,0.7421875,94,19,95,1,85,0.6640625,85,12,85,2,75,0.5859375,75,6,75,2
SUMITOMO_ADJ,fvg_disp,1,52,130,118,12,103,0.8728813559322034,103,18,103,1,100,0.84745762711864403,100,13,100,3,95,0.80508474576271183,95,7,95,3
SUMITOMO_ADJ,fvg_disp,-1,1,97,97,0,49,0.50515463917525771,48,10,49,1,32,0.32989690721649484,31,2,32,1,23,0.23711340206185566,22,1,23,1
SUMITOMO_ADJ,fvg_disp,-1,4,97,97,0,63,0.64948453608247425,62,11,63,1,59,0.60824742268041232,58,3,59,1,53,0.54639175257731953,51,4,53,2
SUMITOMO_ADJ,fvg_disp,-1,13,97,96,1,80,0.83333333333333337,79,11,80,1,78,0.8125,76,5,78,2,70,0.72916666666666663,69,6,70,2.5
SUMITOMO_ADJ,fvg_disp,-1,52,97,94,3,88,0.93617021276595747,87,13,88,1,86,0.91489361702127658,85,5,86,2.5,84,0.8936170212765957,84,7,84,3
SUMITOMO_ADJ,sweep_fvg,1,1,24,24,0,10,0.41666666666666669,9,4,10,1,7,0.29166666666666669,7,2,7,1,6,0.25,6,1,6,1
SUMITOMO_ADJ,sweep_fvg,1,4,24,24,0,13,0.54166666666666663,12,4,13,1,8,0.33333333333333331,8,2,8,1,8,0.33333333333333331,8,1,8,1
SUMITOMO_ADJ,sweep_fvg,1,13,24,24,0,13,0.54166666666666663,13,4,13,1,10,0.41666666666666669,10,3,10,1,9,0.375,9,1,9,1
SUMITOMO_ADJ,sweep_fvg,1,52,24,24,0,18,0.75,18,4,18,1,17,0.70833333333333337,17,3,17,5,17,0.70833333333333337,17,1,17,5
SUMITOMO_ADJ,sweep_fvg,-1,1,45,45,0,20,0.44444444444444442,20,4,20,1,14,0.31111111111111112,14,0,14,1,10,0.22222222222222221,10,0,10,1
SUMITOMO_ADJ,sweep_fvg,-1,4,45,45,0,26,0.57777777777777772,26,4,26,1,24,0.53333333333333333,24,0,24,1,20,0.44444444444444442,20,1,20,1.5
SUMITOMO_ADJ,sweep_fvg,-1,13,45,44,1,36,0.81818181818181823,36,4,36,1,35,0.79545454545454541,35,0,35,2,29,0.65909090909090906,29,2,29,3
SUMITOMO_ADJ,sweep_fvg,-1,52,45,43,2,40,0.93023255813953487,39,6,40,2,38,0.88372093023255816,38,0,38,3,36,0.83720930232558144,36,2,36,4
BNY,fvg_raw,1,1,388,388,0,161,0.41494845360824745,159,13,161,1,100,0.25773195876288657,100,5,100,1,75,0.19329896907216496,75,3,75,1
BNY,fvg_raw,1,4,388,388,0,243,0.62628865979381443,243,15,243,1,200,0.51546391752577314,199,8,200,1.5,167,0.43041237113402064,167,6,167,2
BNY,fvg_raw,1,13,388,386,2,302,0.78238341968911918,302,16,302,1,274,0.7098445595854922,273,10,274,2,253,0.65544041450777202,253,7,253,3
BNY,fvg_raw,1,52,388,377,11,319,0.84615384615384615,319,17,319,2,307,0.81432360742705567,306,11,307,3,291,0.77188328912466841,291,10,291,4
BNY,fvg_raw,-1,1,300,300,0,139,0.46333333333333332,135,13,139,1,92,0.30666666666666664,91,2,92,1,68,0.22666666666666666,67,1,68,1
BNY,fvg_raw,-1,4,300,300,0,216,0.71999999999999997,213,14,216,1,186,0.62,184,6,186,2,159,0.53000000000000003,158,3,159,2
BNY,fvg_raw,-1,13,300,300,0,266,0.88666666666666671,265,16,266,1,249,0.82999999999999996,247,9,249,2,232,0.77333333333333332,231,5,232,3
BNY,fvg_raw,-1,52,300,300,0,290,0.96666666666666667,289,16,290,2,283,0.94333333333333336,282,9,283,3,276,0.92000000000000004,275,6,276,3
BNY,fvg_disp,1,1,269,269,0,112,0.41635687732342008,111,10,112,1,70,0.26022304832713755,70,2,70,1,50,0.18587360594795538,50,2,50,1
BNY,fvg_disp,1,4,269,269,0,167,0.620817843866171,167,10,167,1,132,0.49070631970260226,132,3,132,1,109,0.40520446096654272,109,3,109,2
BNY,fvg_disp,1,13,269,267,2,208,0.77902621722846443,208,11,208,1,189,0.7078651685393258,189,5,189,3,175,0.65543071161048694,175,4,175,3
BNY,fvg_disp,1,52,269,261,8,219,0.83908045977011492,219,12,219,2,213,0.81609195402298851,213,6,213,3,203,0.77777777777777779,203,7,203,4
BNY,fvg_disp,-1,1,184,184,0,89,0.48369565217391303,86,10,89,1,59,0.32065217391304346,58,2,59,1,45,0.24456521739130435,44,1,45,1
BNY,fvg_disp,-1,4,184,184,0,131,0.71195652173913049,129,11,131,1,112,0.60869565217391308,111,3,112,1,94,0.51086956521739135,93,3,94,2
BNY,fvg_disp,-1,13,184,184,0,170,0.92391304347826086,169,12,170,1,159,0.86413043478260865,158,4,159,2,146,0.79347826086956519,145,4,146,3
BNY,fvg_disp,-1,52,184,184,0,180,0.97826086956521741,179,12,180,2,176,0.95652173913043481,175,4,176,3,172,0.93478260869565222,171,5,172,4
BNY,sweep_fvg,1,1,66,66,0,23,0.34848484848484851,23,1,23,1,14,0.21212121212121213,14,0,14,1,8,0.12121212121212122,8,0,8,1
BNY,sweep_fvg,1,4,66,66,0,38,0.5757575757575758,38,1,38,1,34,0.51515151515151514,34,0,34,2,23,0.34848484848484851,23,0,23,2
BNY,sweep_fvg,1,13,66,66,0,52,0.78787878787878785,52,2,52,2,47,0.71212121212121215,47,2,47,3,42,0.63636363636363635,42,1,42,4
BNY,sweep_fvg,1,52,66,66,0,55,0.83333333333333337,55,3,55,2,55,0.83333333333333337,55,2,55,3,53,0.80303030303030298,53,3,53,6
BNY,sweep_fvg,-1,1,61,61,0,31,0.50819672131147542,31,3,31,1,19,0.31147540983606559,19,0,19,1,14,0.22950819672131148,14,0,14,1
BNY,sweep_fvg,-1,4,61,61,0,45,0.73770491803278693,45,3,45,1,40,0.65573770491803274,40,0,40,2,32,0.52459016393442626,32,0,32,2
BNY,sweep_fvg,-1,13,61,61,0,57,0.93442622950819676,57,4,57,1,55,0.90163934426229508,55,0,55,3,50,0.81967213114754101,50,1,50,3
BNY,sweep_fvg,-1,52,61,61,0,60,0.98360655737704916,60,4,60,1,59,0.96721311475409832,59,0,59,3,58,0.95081967213114749,58,2,58,4
BNY_ADJ,fvg_raw,1,1,416,416,0,166,0.39903846153846156,162,18,166,1,106,0.25480769230769229,106,5,106,1,80,0.19230769230769232,80,2,80,1
BNY_ADJ,fvg_raw,1,4,416,416,0,254,0.61057692307692313,253,20,254,1,212,0.50961538461538458,211,7,212,1.5,174,0.41826923076923078,174,5,174,2
BNY_ADJ,fvg_raw,1,13,416,414,2,318,0.76811594202898548,317,21,318,1,289,0.69806763285024154,288,11,289,2,263,0.63526570048309183,262,9,263,3
BNY_ADJ,fvg_raw,1,52,416,405,11,338,0.83456790123456792,338,22,338,2,324,0.80000000000000004,323,13,324,3,303,0.74814814814814812,303,12,303,4
BNY_ADJ,fvg_raw,-1,1,303,303,0,140,0.46204620462046203,136,16,140,1,101,0.33333333333333331,101,2,101,1,75,0.24752475247524752,75,2,75,1
BNY_ADJ,fvg_raw,-1,4,303,303,0,217,0.71617161716171618,214,20,217,1,191,0.63036303630363033,190,7,191,1,163,0.53795379537953791,163,4,163,2
BNY_ADJ,fvg_raw,-1,13,303,303,0,268,0.88448844884488453,266,24,268,1,257,0.84818481848184824,255,9,257,2,238,0.78547854785478544,237,7,238,2.5
BNY_ADJ,fvg_raw,-1,52,303,303,0,295,0.97359735973597361,294,24,295,2,290,0.95709570957095713,290,9,290,2,285,0.94059405940594054,285,9,285,3
BNY_ADJ,fvg_disp,1,1,287,287,0,116,0.40418118466898956,114,13,116,1,74,0.25783972125435539,74,2,74,1,55,0.19163763066202091,55,1,55,1
BNY_ADJ,fvg_disp,1,4,287,287,0,177,0.61672473867595823,177,13,177,1,142,0.49477351916376305,142,2,142,1,117,0.40766550522648082,117,2,117,2
BNY_ADJ,fvg_disp,1,13,287,285,2,220,0.77192982456140347,220,14,220,1,200,0.70175438596491224,200,5,200,2,183,0.64210526315789473,182,5,183,3
BNY_ADJ,fvg_disp,1,52,287,279,8,233,0.83512544802867383,233,15,233,2,225,0.80645161290322576,225,7,225,3,214,0.76702508960573479,214,7,214,4
BNY_ADJ,fvg_disp,-1,1,172,172,0,81,0.47093023255813954,79,11,81,1,60,0.34883720930232559,60,1,60,1,44,0.2558139534883721,44,1,44,1
BNY_ADJ,fvg_disp,-1,4,172,172,0,119,0.69186046511627908,118,13,119,1,106,0.61627906976744184,106,3,106,1,87,0.5058139534883721,87,3,87,1
BNY_ADJ,fvg_disp,-1,13,172,172,0,155,0.90116279069767447,155,15,155,1,151,0.87790697674418605,151,3,151,2,136,0.79069767441860461,136,4,136,3
BNY_ADJ,fvg_disp,-1,52,172,172,0,168,0.97674418604651159,168,15,168,2,165,0.95930232558139539,165,3,165,3,161,0.93604651162790697,161,5,161,4
BNY_ADJ,sweep_fvg,1,1,84,84,0,27,0.32142857142857145,27,1,27,1,19,0.22619047619047619,19,0,19,1,13,0.15476190476190477,13,0,13,1
BNY_ADJ,sweep_fvg,1,4,84,84,0,48,0.5714285714285714,48,1,48,1,42,0.5,42,0,42,2,30,0.35714285714285715,30,0,30,2
BNY_ADJ,sweep_fvg,1,13,84,84,0,60,0.7142857142857143,60,2,60,2,54,0.6428571428571429,54,1,54,2.5,48,0.5714285714285714,47,3,48,3
BNY_ADJ,sweep_fvg,1,52,84,84,0,66,0.7857142857142857,66,2,66,2,66,0.7857142857142857,66,2,66,3,63,0.75,63,4,63,5
BNY_ADJ,sweep_fvg,-1,1,61,61,0,32,0.52459016393442626,31,5,32,1,23,0.37704918032786883,23,0,23,1,16,0.26229508196721313,16,0,16,1
BNY_ADJ,sweep_fvg,-1,4,61,61,0,43,0.70491803278688525,42,6,43,1,40,0.65573770491803274,40,0,40,1,31,0.50819672131147542,31,0,31,1
BNY_ADJ,sweep_fvg,-1,13,61,61,0,56,0.91803278688524592,56,7,56,1,55,0.90163934426229508,55,0,55,2,49,0.80327868852459017,49,1,49,3
BNY_ADJ,sweep_fvg,-1,52,61,61,0,60,0.98360655737704916,60,7,60,1,59,0.96721311475409832,59,0,59,3,58,0.95081967213114749,58,2,58,3.5
ED,fvg_raw,1,1,436,436,0,187,0.42889908256880732,186,10,187,1,124,0.28440366972477066,123,5,124,1,90,0.20642201834862386,90,5,90,1
ED,fvg_raw,1,4,436,436,0,285,0.65366972477064222,285,13,285,1,228,0.52293577981651373,227,10,228,1,194,0.44495412844036697,193,7,194,2
ED,fvg_raw,1,13,436,435,1,361,0.8298850574712644,361,14,361,1,327,0.75172413793103443,327,11,327,2,298,0.68505747126436778,298,7,298,3
ED,fvg_raw,1,52,436,434,2,400,0.92165898617511521,400,15,400,2,378,0.87096774193548387,378,14,378,3,362,0.83410138248847931,362,8,362,4
ED,fvg_raw,-1,1,331,331,0,141,0.42598187311178248,140,9,141,1,87,0.26283987915407853,87,1,87,1,60,0.18126888217522658,60,1,60,1
ED,fvg_raw,-1,4,331,331,0,221,0.66767371601208458,220,12,221,1,185,0.55891238670694865,184,3,185,2,165,0.49848942598187312,165,4,165,2
ED,fvg_raw,-1,13,331,331,0,275,0.83081570996978849,275,12,275,1,254,0.76737160120845926,253,3,254,2,243,0.73413897280966767,243,4,243,3
ED,fvg_raw,-1,52,331,329,2,309,0.93920972644376899,309,13,309,2,298,0.9057750759878419,298,3,298,3,294,0.8936170212765957,294,5,294,4
ED,fvg_disp,1,1,322,322,0,142,0.44099378881987578,141,9,142,1,93,0.28881987577639751,92,4,93,1,67,0.20807453416149069,67,4,67,1
ED,fvg_disp,1,4,322,322,0,207,0.6428571428571429,207,11,207,1,165,0.51242236024844723,165,7,165,1,142,0.44099378881987578,142,4,142,2
ED,fvg_disp,1,13,322,321,1,265,0.82554517133956384,265,12,265,1,239,0.74454828660436134,239,8,239,2,217,0.67601246105919,217,4,217,3
ED,fvg_disp,1,52,322,321,1,294,0.91588785046728971,294,13,294,2,278,0.86604361370716509,278,11,278,3,267,0.83177570093457942,267,5,267,4
ED,fvg_disp,-1,1,243,243,0,106,0.43621399176954734,105,7,106,1,60,0.24691358024691357,60,0,60,1,39,0.16049382716049382,39,0,39,1
ED,fvg_disp,-1,4,243,243,0,165,0.67901234567901236,164,9,165,1,134,0.55144032921810704,134,1,134,2,117,0.48148148148148145,117,3,117,2
ED,fvg_disp,-1,13,243,243,0,204,0.83950617283950613,204,9,204,1,187,0.76954732510288071,187,1,187,2,176,0.72427983539094654,176,3,176,3
ED,fvg_disp,-1,52,243,241,2,228,0.94605809128630702,228,10,228,2,217,0.90041493775933612,217,1,217,3,213,0.88381742738589208,213,3,213,4
ED,sweep_fvg,1,1,99,99,0,43,0.43434343434343436,43,2,43,1,31,0.31313131313131315,31,0,31,1,22,0.22222222222222221,22,0,22,1
ED,sweep_fvg,1,4,99,99,0,60,0.60606060606060608,60,2,60,1,49,0.49494949494949497,49,0,49,1,41,0.41414141414141414,41,0,41,1
ED,sweep_fvg,1,13,99,99,0,82,0.82828282828282829,82,3,82,1,73,0.73737373737373735,73,1,73,2,67,0.6767676767676768,67,0,67,2
ED,sweep_fvg,1,52,99,99,0,93,0.93939393939393945,93,4,93,2,88,0.88888888888888884,88,3,88,4,86,0.86868686868686873,86,0,86,5.5
ED,sweep_fvg,-1,1,58,58,0,26,0.44827586206896552,26,2,26,1,17,0.29310344827586204,17,0,17,1,11,0.18965517241379309,11,0,11,1
ED,sweep_fvg,-1,4,58,58,0,42,0.72413793103448276,42,2,42,1,36,0.62068965517241381,36,0,36,2,31,0.53448275862068961,31,1,31,2
ED,sweep_fvg,-1,13,58,58,0,49,0.84482758620689657,49,2,49,1,46,0.7931034482758621,46,0,46,2,43,0.74137931034482762,43,1,43,2
ED,sweep_fvg,-1,52,58,56,2,52,0.9285714285714286,52,2,52,2,51,0.9107142857142857,51,0,51,2,50,0.8928571428571429,50,1,50,3
ED_ADJ,fvg_raw,1,1,503,503,0,196,0.38966202783300197,195,17,196,1,131,0.26043737574552683,131,5,131,1,98,0.19483101391650098,98,4,98,1
ED_ADJ,fvg_raw,1,4,503,503,0,304,0.60437375745526833,304,24,304,1,241,0.47912524850894633,241,8,241,1,195,0.38767395626242546,195,7,195,1
ED_ADJ,fvg_raw,1,13,503,502,1,386,0.7689243027888446,386,25,386,1,344,0.68525896414342624,343,10,344,2,301,0.59960159362549803,300,9,301,3
ED_ADJ,fvg_raw,1,52,503,500,3,426,0.85199999999999998,426,25,426,2,395,0.79000000000000004,394,10,395,3,357,0.71399999999999997,356,10,357,4
ED_ADJ,fvg_raw,-1,1,299,299,0,122,0.40802675585284282,120,13,122,1,83,0.27759197324414714,82,2,83,1,56,0.18729096989966554,55,1,56,1
ED_ADJ,fvg_raw,-1,4,299,299,0,208,0.69565217391304346,206,16,208,1,177,0.59197324414715724,174,5,177,2,157,0.52508361204013376,154,7,157,2
ED_ADJ,fvg_raw,-1,13,299,299,0,256,0.85618729096989965,255,17,256,2,243,0.81270903010033446,240,7,243,2,225,0.75250836120401343,222,8,225,3
ED_ADJ,fvg_raw,-1,52,299,298,1,282,0.94630872483221473,281,17,282,2,278,0.93288590604026844,275,7,278,3,272,0.91275167785234901,269,9,272,4
ED_ADJ,fvg_disp,1,1,355,355,0,147,0.41408450704225352,146,14,147,1,98,0.27605633802816903,98,4,98,1,71,0.20000000000000001,71,3,71,1
ED_ADJ,fvg_disp,1,4,355,355,0,219,0.61690140845070418,219,21,219,1,174,0.49014084507042255,174,7,174,1,140,0.39436619718309857,140,6,140,1
ED_ADJ,fvg_disp,1,13,355,354,1,276,0.77966101694915257,276,22,276,1,244,0.68926553672316382,243,9,244,2,214,0.60451977401129942,213,8,214,3
ED_ADJ,fvg_disp,1,52,355,353,2,307,0.86968838526912184,307,22,307,2,285,0.80736543909348446,284,9,285,3,258,0.73087818696883855,257,9,258,4
ED_ADJ,fvg_disp,-1,1,223,223,0,91,0.40807174887892378,90,10,91,1,61,0.273542600896861,61,1,61,1,39,0.17488789237668162,39,0,39,1
ED_ADJ,fvg_disp,-1,4,223,223,0,156,0.69955156950672648,155,13,156,1,131,0.58744394618834084,130,3,131,2,114,0.5112107623318386,113,5,114,2
ED_ADJ,fvg_disp,-1,13,223,223,0,191,0.8565022421524664,191,13,191,2,183,0.820627802690583,182,4,183,2,165,0.73991031390134532,164,5,165,3
ED_ADJ,fvg_disp,-1,52,223,222,1,212,0.95495495495495497,212,13,212,2,208,0.93693693693693691,207,4,208,3,202,0.90990990990990994,201,6,202,4
ED_ADJ,sweep_fvg,1,1,120,120,0,51,0.42499999999999999,51,4,51,1,34,0.28333333333333333,34,0,34,1,27,0.22500000000000001,27,0,27,1
ED_ADJ,sweep_fvg,1,4,120,120,0,77,0.64166666666666672,77,4,77,1,60,0.5,60,0,60,1,50,0.41666666666666669,50,0,50,1
ED_ADJ,sweep_fvg,1,13,120,120,0,91,0.7583333333333333,91,4,91,1,77,0.64166666666666672,76,1,77,2,70,0.58333333333333337,69,1,70,2
ED_ADJ,sweep_fvg,1,52,120,119,1,102,0.8571428571428571,102,4,102,2,91,0.76470588235294112,90,1,91,3,83,0.69747899159663862,82,1,83,3
ED_ADJ,sweep_fvg,-1,1,70,70,0,30,0.42857142857142855,30,3,30,1,18,0.25714285714285712,18,1,18,1,12,0.17142857142857143,12,0,12,1
ED_ADJ,sweep_fvg,-1,4,70,70,0,52,0.74285714285714288,52,5,52,1,46,0.65714285714285714,45,3,46,2,38,0.54285714285714282,37,2,38,2
ED_ADJ,sweep_fvg,-1,13,70,70,0,57,0.81428571428571428,57,5,57,1,55,0.7857142857142857,54,4,55,2,50,0.7142857142857143,49,2,50,2
ED_ADJ,sweep_fvg,-1,52,70,69,1,64,0.92753623188405798,64,5,64,2,63,0.91304347826086951,62,4,63,2,61,0.88405797101449279,60,2,61,3
NQ_LOCAL_SNAPSHOT,fvg_raw,1,1,92,86,6,26,0.30232558139534882,26,1,26,1,16,0.18604651162790697,16,1,16,1,13,0.15116279069767441,13,0,13,1
NQ_LOCAL_SNAPSHOT,fvg_raw,1,4,92,74,18,38,0.51351351351351349,38,1,38,1,32,0.43243243243243246,32,1,32,2,23,0.3108108108108108,23,0,23,2
NQ_LOCAL_SNAPSHOT,fvg_raw,1,13,92,45,47,33,0.73333333333333328,33,0,33,2,31,0.68888888888888888,31,0,31,3,29,0.64444444444444449,29,0,29,3
NQ_LOCAL_SNAPSHOT,fvg_raw,1,52,92,0,92,0,,0,0,0,,0,,0,0,0,,0,,0,0,0,
NQ_LOCAL_SNAPSHOT,fvg_raw,-1,1,28,27,1,15,0.55555555555555558,15,0,15,1,13,0.48148148148148145,13,0,13,1,8,0.29629629629629628,8,0,8,1
NQ_LOCAL_SNAPSHOT,fvg_raw,-1,4,28,25,3,20,0.80000000000000004,20,0,20,1,18,0.71999999999999997,18,0,18,1,16,0.64000000000000001,16,0,16,1.5
NQ_LOCAL_SNAPSHOT,fvg_raw,-1,13,28,12,16,12,1,12,0,12,1.5,11,0.91666666666666663,11,0,11,2,11,0.91666666666666663,11,0,11,4
NQ_LOCAL_SNAPSHOT,fvg_raw,-1,52,28,0,28,0,,0,0,0,,0,,0,0,0,,0,,0,0,0,
NQ_LOCAL_SNAPSHOT,fvg_disp,1,1,31,29,2,11,0.37931034482758619,11,0,11,1,5,0.17241379310344829,5,0,5,1,4,0.13793103448275862,4,0,4,1
NQ_LOCAL_SNAPSHOT,fvg_disp,1,4,31,27,4,16,0.59259259259259256,16,0,16,1,14,0.51851851851851849,14,0,14,2,9,0.33333333333333331,9,0,9,2
NQ_LOCAL_SNAPSHOT,fvg_disp,1,13,31,13,18,9,0.69230769230769229,9,0,9,1,9,0.69230769230769229,9,0,9,2,9,0.69230769230769229,9,0,9,3
NQ_LOCAL_SNAPSHOT,fvg_disp,1,52,31,0,31,0,,0,0,0,,0,,0,0,0,,0,,0,0,0,
NQ_LOCAL_SNAPSHOT,fvg_disp,-1,1,7,7,0,5,0.7142857142857143,5,0,5,1,4,0.5714285714285714,4,0,4,1,3,0.42857142857142855,3,0,3,1
NQ_LOCAL_SNAPSHOT,fvg_disp,-1,4,7,7,0,5,0.7142857142857143,5,0,5,1,5,0.7142857142857143,5,0,5,1,4,0.5714285714285714,4,0,4,1
NQ_LOCAL_SNAPSHOT,fvg_disp,-1,13,7,3,4,3,1,3,0,3,1,3,1,3,0,3,1,3,1,3,0,3,1
NQ_LOCAL_SNAPSHOT,fvg_disp,-1,52,7,0,7,0,,0,0,0,,0,,0,0,0,,0,,0,0,0,
NQ_LOCAL_SNAPSHOT,sweep_fvg,1,1,12,10,2,6,0.59999999999999998,6,0,6,1,4,0.40000000000000002,4,0,4,1,4,0.40000000000000002,4,0,4,1
NQ_LOCAL_SNAPSHOT,sweep_fvg,1,4,12,8,4,7,0.875,7,0,7,1,7,0.875,7,0,7,2,6,0.75,6,0,6,1.5
NQ_LOCAL_SNAPSHOT,sweep_fvg,1,13,12,5,7,5,1,5,0,5,1,5,1,5,0,5,2,5,1,5,0,5,2
NQ_LOCAL_SNAPSHOT,sweep_fvg,1,52,12,0,12,0,,0,0,0,,0,,0,0,0,,0,,0,0,0,
NQ_LOCAL_SNAPSHOT,sweep_fvg,-1,1,4,4,0,2,0.5,2,0,2,1,1,0.25,1,0,1,1,1,0.25,1,0,1,1
NQ_LOCAL_SNAPSHOT,sweep_fvg,-1,4,4,4,0,2,0.5,2,0,2,1,2,0.5,2,0,2,1.5,2,0.5,2,0,2,1.5
NQ_LOCAL_SNAPSHOT,sweep_fvg,-1,13,4,1,3,1,1,1,0,1,8,1,1,1,0,1,9,1,1,1,0,1,9
NQ_LOCAL_SNAPSHOT,sweep_fvg,-1,52,4,0,4,0,,0,0,0,,0,,0,0,0,,0,,0,0,0,
NQ_LOCAL_FIXED,fvg_raw,1,1,91,85,6,25,0.29411764705882354,25,1,25,1,16,0.18823529411764706,16,1,16,1,13,0.15294117647058825,13,0,13,1
NQ_LOCAL_FIXED,fvg_raw,1,4,91,74,17,38,0.51351351351351349,38,1,38,1,32,0.43243243243243246,32,1,32,2,23,0.3108108108108108,23,0,23,2
NQ_LOCAL_FIXED,fvg_raw,1,13,91,44,47,32,0.72727272727272729,32,0,32,2,30,0.68181818181818177,30,0,30,3,28,0.63636363636363635,28,0,28,3
NQ_LOCAL_FIXED,fvg_raw,1,52,91,0,91,0,,0,0,0,,0,,0,0,0,,0,,0,0,0,
NQ_LOCAL_FIXED,fvg_raw,-1,1,28,27,1,15,0.55555555555555558,15,0,15,1,13,0.48148148148148145,13,0,13,1,8,0.29629629629629628,8,0,8,1
NQ_LOCAL_FIXED,fvg_raw,-1,4,28,25,3,20,0.80000000000000004,20,0,20,1,18,0.71999999999999997,18,0,18,1,16,0.64000000000000001,16,0,16,1.5
NQ_LOCAL_FIXED,fvg_raw,-1,13,28,12,16,12,1,12,0,12,1.5,11,0.91666666666666663,11,0,11,2,11,0.91666666666666663,11,0,11,4
NQ_LOCAL_FIXED,fvg_raw,-1,52,28,0,28,0,,0,0,0,,0,,0,0,0,,0,,0,0,0,
NQ_LOCAL_FIXED,fvg_disp,1,1,30,28,2,10,0.35714285714285715,10,0,10,1,5,0.17857142857142858,5,0,5,1,4,0.14285714285714285,4,0,4,1
NQ_LOCAL_FIXED,fvg_disp,1,4,30,27,3,16,0.59259259259259256,16,0,16,1,14,0.51851851851851849,14,0,14,2,9,0.33333333333333331,9,0,9,2
NQ_LOCAL_FIXED,fvg_disp,1,13,30,12,18,8,0.66666666666666663,8,0,8,1,8,0.66666666666666663,8,0,8,2,8,0.66666666666666663,8,0,8,2.5
NQ_LOCAL_FIXED,fvg_disp,1,52,30,0,30,0,,0,0,0,,0,,0,0,0,,0,,0,0,0,
NQ_LOCAL_FIXED,fvg_disp,-1,1,7,7,0,5,0.7142857142857143,5,0,5,1,4,0.5714285714285714,4,0,4,1,3,0.42857142857142855,3,0,3,1
NQ_LOCAL_FIXED,fvg_disp,-1,4,7,7,0,5,0.7142857142857143,5,0,5,1,5,0.7142857142857143,5,0,5,1,4,0.5714285714285714,4,0,4,1
NQ_LOCAL_FIXED,fvg_disp,-1,13,7,3,4,3,1,3,0,3,1,3,1,3,0,3,1,3,1,3,0,3,1
NQ_LOCAL_FIXED,fvg_disp,-1,52,7,0,7,0,,0,0,0,,0,,0,0,0,,0,,0,0,0,
NQ_LOCAL_FIXED,sweep_fvg,1,1,11,9,2,5,0.55555555555555558,5,0,5,1,4,0.44444444444444442,4,0,4,1,4,0.44444444444444442,4,0,4,1
NQ_LOCAL_FIXED,sweep_fvg,1,4,11,8,3,7,0.875,7,0,7,1,7,0.875,7,0,7,2,6,0.75,6,0,6,1.5
NQ_LOCAL_FIXED,sweep_fvg,1,13,11,5,6,5,1,5,0,5,1,5,1,5,0,5,2,5,1,5,0,5,2
NQ_LOCAL_FIXED,sweep_fvg,1,52,11,0,11,0,,0,0,0,,0,,0,0,0,,0,,0,0,0,
NQ_LOCAL_FIXED,sweep_fvg,-1,1,4,4,0,2,0.5,2,0,2,1,1,0.25,1,0,1,1,1,0.25,1,0,1,1
NQ_LOCAL_FIXED,sweep_fvg,-1,4,4,4,0,2,0.5,2,0,2,1,2,0.5,2,0,2,1.5,2,0.5,2,0,2,1.5
NQ_LOCAL_FIXED,sweep_fvg,-1,13,4,1,3,1,1,1,0,1,8,1,1,1,0,1,9,1,1,1,0,1,9
NQ_LOCAL_FIXED,sweep_fvg,-1,52,4,0,4,0,,0,0,0,,0,,0,0,0,,0,,0,0,0,
